ahcp_property_id_legacy,ahcp_property_id_amp_candidate,pha_code,match_method,distance_m,n_candidates_for_legacy
PH:AK001011,PH:AK001000274,AK001,address_zip,,1
PH:AK001013,PH:AK001000213,AK001,address_zip,,1
PH:AK001016,PH:AK001000216,AK001,address_zip,,1
PH:AK001033,PH:AK001000279,AK001,address_zip,,1
PH:AK001040,PH:AK001000277,AK001,address_zip,,1
PH:AK001041,PH:AK001000271,AK001,address_zip,,1
PH:AK001043,PH:AK001000277,AK001,address_zip,,1
PH:AK001044,PH:AK001000244,AK001,address_zip,,1
PH:AK001045,PH:AK001000280,AK001,address_zip,,1
PH:AK001046,PH:AK001000275,AK001,address_zip+proximity,0.0,1
PH:AK001047,PH:AK001000247,AK001,address_zip+proximity,31.9,1
PH:AK001048,PH:AK001000244,AK001,address_zip,,1
PH:AK001057,PH:AK001000257,AK001,address_zip,,1
PH:AK001063,PH:AK001000263,AK001,address_zip,,1
PH:AK001065,PH:AK001000265,AK001,address_zip,,1
PH:AL001006,PH:AL001000006,AL001,proximity,8.0,1
PH:AL001007,PH:AL001000007,AL001,address_zip,,1
PH:AL001009,PH:AL001000009,AL001,proximity,30.0,1
PH:AL001011,PH:AL001000011,AL001,proximity,0.6,1
PH:AL001014,PH:AL001000014,AL001,proximity,35.5,1
PH:AL001018,PH:AL001000018,AL001,proximity,1.0,1
PH:AL001021,PH:AL001000021,AL001,address_zip+proximity,0.3,1
PH:AL001023,PH:AL001000023,AL001,proximity,45.7,1
PH:AL001031,PH:AL001000031,AL001,address_zip+proximity,1.9,1
PH:AL002001,PH:AL002000001,AL002,address_zip,,1
PH:AL002002,PH:AL002000002,AL002,proximity,35.5,1
PH:AL002008,PH:AL002000008,AL002,proximity,0.0,1
PH:AL002011,PH:AL002000011,AL002,address_zip+proximity,0.0,1
PH:AL002012,PH:AL002000012,AL002,address_zip,,2
PH:AL002012,PH:AL002000015,AL002,proximity,8.1,2
PH:AL002013,PH:AL002000013,AL002,address_zip,,1
PH:AL002015,PH:AL002000015,AL002,address_zip+proximity,0.0,1
PH:AL002016,PH:AL002000016,AL002,address_zip,,1
PH:AL002017,PH:AL002000014,AL002,address_zip+proximity,0.0,1
PH:AL004003,PH:AL004000002,AL004,address_zip+proximity,33.9,1
PH:AL004004,PH:AL004000003,AL004,address_zip+proximity,10.9,1
PH:AL004006,PH:AL004000001,AL004,proximity,31.5,1
PH:AL005001R,PH:AL005000001,AL005,proximity,42.7,1
PH:AL005002,PH:AL005000002,AL005,proximity,47.7,1
PH:AL005003,PH:AL005000001,AL005,proximity,42.7,1
PH:AL005004,PH:AL005000002,AL005,proximity,47.7,1
PH:AL005005,PH:AL005000005,AL005,address_zip,,1
PH:AL005006,PH:AL005000006,AL005,address_zip+proximity,42.0,1
PH:AL006003,PH:AL006000012,AL006,proximity,20.9,1
PH:AL006006,PH:AL006000005,AL006,proximity,8.5,2
PH:AL006006,PH:AL006000014,AL006,proximity,13.0,2
PH:AL006012,PH:AL006000006,AL006,address_zip+proximity,8.6,1
PH:AL006014,PH:AL006000009,AL006,address_zip+proximity,25.9,1
PH:AL006023,PH:AL006000011,AL006,address_zip,,1
PH:AL007001,PH:AL007000010,AL007,address_zip,,1
PH:AL007002,PH:AL007000020,AL007,address_zip,,1
PH:AL007003,PH:AL007000030,AL007,address_zip+proximity,0.0,1
PH:AL007004,PH:AL007000040,AL007,address_zip+proximity,3.1,1
PH:AL008003,PH:AL008000007,AL008,address_zip,,1
PH:AL008005,PH:AL008000008,AL008,address_zip,,1
PH:AL010001,PH:AL010000001,AL010,address_zip+proximity,9.0,1
PH:AL011002,PH:AL011000001,AL011,address_zip+proximity,37.1,1
PH:AL011004,PH:AL011000002,AL011,address_zip,,1
PH:AL012006,PH:AL012000006,AL012,address_zip,,1
PH:AL012016,PH:AL012000001,AL012,address_zip,,1
PH:AL013002,PH:AL013000001,AL013,address_zip+proximity,4.8,1
PH:AL014005,PH:AL014000300,AL014,proximity,9.2,1
PH:AL014009,PH:AL014000100,AL014,address_zip+proximity,15.0,1
PH:AL047005,PH:AL047000052,AL047,proximity,0.8,1
PH:AL047006,PH:AL047000006,AL047,proximity,0.8,1
PH:AL047008,PH:AL047000008,AL047,address_zip,,1
PH:AL047010,PH:AL047000010,AL047,address_zip+proximity,7.4,1
PH:AL048001,PH:AL048000001,AL048,address_zip,,1
PH:AL048003,PH:AL048000003,AL048,proximity,6.2,1
PH:AL048007,PH:AL048000009,AL048,address_zip+proximity,3.8,1
PH:AL049001,PH:AL049000001,AL049,proximity,2.7,1
PH:AL049002,PH:AL049000002,AL049,proximity,1.2,1
PH:AL049003,PH:AL049000003,AL049,proximity,22.7,1
PH:AL049005,PH:AL049000005,AL049,address_zip+proximity,1.4,1
PH:AL049006,PH:AL049000006,AL049,proximity,35.4,1
PH:AL051004,PH:AL051000001,AL051,address_zip,,1
PH:AL052002,PH:AL052000004,AL052,address_zip+proximity,32.4,1
PH:AL053003,PH:AL053000030,AL053,address_zip+proximity,22.4,1
PH:AL054002,PH:AL054000002,AL054,address_zip,,1
PH:AL054005,PH:AL054000004,AL054,address_zip+proximity,0.0,1
PH:AL054007,PH:AL054000003,AL054,address_zip+proximity,0.0,1
PH:AL055001,PH:AL055000001,AL055,address_zip+proximity,35.9,1
PH:AL056001,PH:AL056000001,AL056,proximity,31.7,1
PH:AL056004,PH:AL056000002,AL056,address_zip,,1
PH:AL057008,PH:AL057000023,AL057,address_zip,,1
PH:AL059001,PH:AL059000010,AL059,address_zip,,1
PH:AL060005,PH:AL060000010,AL060,address_zip,,1
PH:AL061008,PH:AL061000013,AL061,proximity,30.2,1
PH:AL061009,PH:AL061000013,AL061,proximity,13.0,1
PH:AL062003,PH:AL062000001,AL062,address_zip,,1
PH:AL063001,PH:AL063000001,AL063,address_zip,,1
PH:AL065001,PH:AL065000001,AL065,address_zip+proximity,31.7,1
PH:AL066001,PH:AL066000001,AL066,address_zip+proximity,0.3,1
PH:AL068001,PH:AL068000002,AL068,address_zip,,1
PH:AL068002,PH:AL068000003,AL068,proximity,37.3,1
PH:AL068005,PH:AL068000001,AL068,address_zip+proximity,0.0,1
PH:AL068008,PH:AL068000004,AL068,proximity,44.4,1
PH:AL070004,PH:AL070000001,AL070,proximity,2.5,1
PH:AL071003,PH:AL071000001,AL071,address_zip+proximity,32.0,1
PH:AL073001,PH:AL073000222,AL073,address_zip+proximity,12.9,1
PH:AL073003,PH:AL073000333,AL073,address_zip,,1
PH:AL074004,PH:AL074000010,AL074,address_zip+proximity,7.6,1
PH:AL075005,PH:AL075000040,AL075,address_zip,,1
PH:AL075008,PH:AL075000010,AL075,address_zip+proximity,0.2,1
PH:AL076001,PH:AL076000001,AL076,address_zip,,1
PH:AL077005,PH:AL077000005,AL077,address_zip+proximity,0.0,1
PH:AL077006,PH:AL077000006,AL077,address_zip+proximity,1.7,1
PH:AL077007,PH:AL077000010,AL077,address_zip,,1
PH:AL078003,PH:AL078000001,AL078,address_zip+proximity,6.2,1
PH:AL079001,PH:AL079000001,AL079,address_zip,,1
PH:AL080004,PH:AL080000001,AL080,address_zip,,1
PH:AL081001,PH:AL081000001,AL081,address_zip,,1
PH:AL082001,PH:AL082000050,AL082,proximity,26.5,1
PH:AL083003,PH:AL083000001,AL083,proximity,29.8,1
PH:AL084001,PH:AL084000010,AL084,address_zip,,1
PH:AL085004,PH:AL085000001,AL085,address_zip+proximity,0.6,1
PH:AL087001,PH:AL087000001,AL087,address_zip,,1
PH:AL087005,PH:AL087000001,AL087,proximity,22.2,1
PH:AL088008,PH:AL088000001,AL088,address_zip,,1
PH:AL089001,PH:AL089000001,AL089,proximity,0.4,1
PH:AL090002,PH:AL090000001,AL090,address_zip,,1
PH:AL091003,PH:AL091001003,AL091,address_zip,,1
PH:AL093001,PH:AL093000001,AL093,proximity,6.9,1
PH:AL093004,PH:AL093000004,AL093,address_zip+proximity,0.0,1
PH:AL094003,PH:AL094000001,AL094,address_zip,,1
PH:AL095003,PH:AL095000010,AL095,address_zip,,1
PH:AL099005,PH:AL099000001,AL099,address_zip+proximity,0.0,1
PH:AL099006,PH:AL099000002,AL099,proximity,15.5,1
PH:AL100001,PH:AL100000001,AL100,address_zip,,1
PH:AL101001,PH:AL101000001,AL101,address_zip,,1
PH:AL104001,PH:AL104000001,AL104,address_zip+proximity,37.0,1
PH:AL105002,PH:AL105000002,AL105,address_zip+proximity,0.0,1
PH:AL105003,PH:AL105000001,AL105,proximity,1.4,1
PH:AL106001,PH:AL106000001,AL106,address_zip,,1
PH:AL107005,PH:AL107000001,AL107,address_zip+proximity,43.6,1
PH:AL109001,PH:AL109000001,AL109,address_zip+proximity,0.0,1
PH:AL110003,PH:AL110000001,AL110,proximity,1.3,1
PH:AL112003,PH:AL112000001,AL112,address_zip+proximity,2.1,1
PH:AL114003,PH:AL114000002,AL114,address_zip+proximity,47.1,1
PH:AL116002,PH:AL116000001,AL116,address_zip+proximity,33.4,1
PH:AL117001,PH:AL117000001,AL117,address_zip+proximity,35.0,1
PH:AL119004,PH:AL119000001,AL119,address_zip+proximity,25.1,1
PH:AL120001,PH:AL120000001,AL120,address_zip+proximity,36.5,1
PH:AL121006,PH:AL121000001,AL121,address_zip+proximity,28.7,1
PH:AL122004,PH:AL122000001,AL122,proximity,3.4,1
PH:AL123001,PH:AL123000001,AL123,address_zip,,1
PH:AL124003,PH:AL124000001,AL124,proximity,39.6,1
PH:AL125002,PH:AL125000002,AL125,address_zip+proximity,7.6,1
PH:AL125003,PH:AL125000005,AL125,address_zip,,1
PH:AL127001,PH:AL127000001,AL127,proximity,2.4,1
PH:AL129010,PH:AL129000001,AL129,address_zip+proximity,18.8,1
PH:AL131001,PH:AL131000001,AL131,proximity,45.4,1
PH:AL134001,PH:AL134000001,AL134,proximity,46.7,1
PH:AL134002,PH:AL134000001,AL134,address_zip,,1
PH:AL135001,PH:AL135000001,AL135,address_zip+proximity,0.0,1
PH:AL137003,PH:AL137014014,AL137,proximity,44.5,2
PH:AL137003,PH:AL137024014,AL137,proximity,38.9,2
PH:AL141001,PH:AL141000001,AL141,address_zip,,1
PH:AL142001,PH:AL142000102,AL142,proximity,14.2,1
PH:AL143001,PH:AL143000001,AL143,address_zip,,1
PH:AL144002,PH:AL144000001,AL144,address_zip,,1
PH:AL145003,PH:AL145000001,AL145,address_zip+proximity,42.1,1
PH:AL147001,PH:AL147000001,AL147,proximity,3.6,1
PH:AL149001,PH:AL149000001,AL149,proximity,49.8,1
PH:AL150003,PH:AL150000010,AL150,proximity,0.6,1
PH:AL151001,PH:AL151000001,AL151,address_zip,,1
PH:AL152005,PH:AL152000001,AL152,address_zip+proximity,0.6,1
PH:AL153001,PH:AL153000001,AL153,address_zip,,1
PH:AL154002,PH:AL154000001,AL154,proximity,35.9,1
PH:AL155001,PH:AL155000001,AL155,address_zip+proximity,0.0,1
PH:AL157001,PH:AL157000013,AL157,address_zip+proximity,2.4,1
PH:AL160003,PH:AL160000002,AL160,proximity,0.1,1
PH:AL160004,PH:AL160000001,AL160,address_zip,,1
PH:AL165001,PH:AL165000001,AL165,proximity,14.0,1
PH:AL166002,PH:AL166000002,AL166,proximity,1.8,1
PH:AL167002,PH:AL167000010,AL167,address_zip,,1
PH:AL169017,PH:AL169000008,AL169,proximity,6.7,1
PH:AL169025,PH:AL169000002,AL169,address_zip+proximity,0.0,1
PH:AL171003,PH:AL171012346,AL171,proximity,5.1,1
PH:AL172001,PH:AL172000001,AL172,address_zip+proximity,10.9,1
PH:AL173001,PH:AL173000001,AL173,proximity,6.2,1
PH:AL174001,PH:AL174000002,AL174,address_zip+proximity,21.9,1
PH:AL174002,PH:AL174000001,AL174,proximity,20.4,1
PH:AL177001,PH:AL177000003,AL177,address_zip+proximity,0.0,1
PH:AL177002,PH:AL177000001,AL177,proximity,2.7,1
PH:AL178001,PH:AL178000001,AL178,proximity,28.9,1
PH:AL181002,PH:AL181000001,AL181,address_zip,,1
PH:AL187001,PH:AL187000002,AL187,address_zip,,1
PH:AL190002,PH:AL190000001,AL190,proximity,38.1,1
PH:AL192002,PH:AL192000001,AL192,proximity,6.9,1
PH:AL199001,PH:AL199000001,AL199,address_zip+proximity,6.0,1
PH:AL202003,PH:AL202000001,AL202,address_zip,,1
PH:AR002001,PH:AR002000001,AR002,address_zip+proximity,27.6,1
PH:AR002002,PH:AR002000002,AR002,address_zip,,1
PH:AR002003,PH:AR002000003,AR002,address_zip+proximity,2.2,1
PH:AR002004,PH:AR002000004,AR002,proximity,1.8,1
PH:AR002005,PH:AR002000005,AR002,address_zip+proximity,0.2,1
PH:AR002006,PH:AR002000006,AR002,proximity,0.0,1
PH:AR002007,PH:AR002000007,AR002,address_zip+proximity,5.3,1
PH:AR003003,PH:AR003000003,AR003,address_zip+proximity,0.0,1
PH:AR004001,PH:AR004000001,AR004,proximity,19.2,1
PH:AR004009,PH:AR004000009,AR004,address_zip+proximity,1.4,1
PH:AR004010,PH:AR004000010,AR004,address_zip+proximity,26.3,1
PH:AR004011,PH:AR004000011,AR004,address_zip,,1
PH:AR004018,PH:AR004000018,AR004,address_zip+proximity,12.9,1
PH:AR004019,PH:AR004000019,AR004,address_zip,,1
PH:AR004020,PH:AR004000020,AR004,address_zip+proximity,7.4,1
PH:AR005004,PH:AR005000001,AR005,address_zip+proximity,13.1,1
PH:AR006004,PH:AR006000001,AR006,address_zip,,1
PH:AR010001,PH:AR010000001,AR010,address_zip,,1
PH:AR012001,PH:AR012000001,AR012,address_zip,,1
PH:AR016001,PH:AR016000001,AR016,proximity,0.7,1
PH:AR016002,PH:AR016000003,AR016,address_zip,,1
PH:AR017007,PH:AR017000001,AR017,address_zip,,1
PH:AR018001,PH:AR018000001,AR018,address_zip,,1
PH:AR021003,PH:AR021000001,AR021,proximity,29.0,1
PH:AR024002,PH:AR024000001,AR024,address_zip,,1
PH:AR027003,PH:AR027000001,AR027,address_zip,,1
PH:AR029001,PH:AR029000001,AR029,address_zip,,1
PH:AR031002,PH:AR031000001,AR031,address_zip+proximity,0.0,2
PH:AR031002,PH:AR031000002,AR031,address_zip+proximity,0.0,2
PH:AR032001,PH:AR032000001,AR032,address_zip,,1
PH:AR034004,PH:AR034000001,AR034,proximity,39.5,1
PH:AR035003,PH:AR035000001,AR035,proximity,1.1,1
PH:AR038001,PH:AR038000001,AR038,address_zip+proximity,15.3,1
PH:AR039002,PH:AR039000001,AR039,address_zip,,1
PH:AR041004,PH:AR041000001,AR041,proximity,7.9,1
PH:AR042001,PH:AR042000001,AR042,address_zip+proximity,0.0,1
PH:AR044002,PH:AR044000001,AR044,address_zip,,1
PH:AR045001,PH:AR045000001,AR045,address_zip+proximity,0.6,1
PH:AR047001,PH:AR047000001,AR047,address_zip+proximity,10.2,1
PH:AR048001,PH:AR048000001,AR048,address_zip+proximity,0.0,1
PH:AR049001,PH:AR049000001,AR049,proximity,43.1,1
PH:AR050002,PH:AR050000002,AR050,address_zip+proximity,0.0,1
PH:AR050003,PH:AR050000003,AR050,proximity,3.1,1
PH:AR053001,PH:AR053000001,AR053,proximity,21.9,1
PH:AR054001,PH:AR054000001,AR054,address_zip,,1
PH:AR055001,PH:AR055000001,AR055,address_zip,,1
PH:AR057002,PH:AR057000001,AR057,address_zip+proximity,23.7,1
PH:AR059001,PH:AR059000001,AR059,address_zip,,1
PH:AR060002,PH:AR060000001,AR060,address_zip,,1
PH:AR061001,PH:AR061000001,AR061,address_zip,,1
PH:AR063001,PH:AR063000062,AR063,address_zip+proximity,0.0,1
PH:AR064001,PH:AR064000003,AR064,proximity,30.9,1
PH:AR066003,PH:AR066000001,AR066,address_zip+proximity,0.0,1
PH:AR068001,PH:AR068000001,AR068,proximity,2.8,1
PH:AR069001,PH:AR069000001,AR069,address_zip,,1
PH:AR070003,PH:AR070000001,AR070,address_zip+proximity,12.3,1
PH:AR072001,PH:AR072000001,AR072,address_zip,,1
PH:AR074001,PH:AR074000001,AR074,address_zip+proximity,18.8,1
PH:AR075002,PH:AR075000001,AR075,proximity,36.0,1
PH:AR080002,PH:AR080000001,AR080,address_zip+proximity,39.6,1
PH:AR082001,PH:AR082000001,AR082,proximity,14.0,1
PH:AR084001,PH:AR084000001,AR084,address_zip,,1
PH:AR085001,PH:AR085000001,AR085,address_zip+proximity,43.6,1
PH:AR086001,PH:AR086000001,AR086,address_zip+proximity,31.4,1
PH:AR087001,PH:AR087000001,AR087,address_zip+proximity,32.6,1
PH:AR089001,PH:AR089000001,AR089,address_zip,,1
PH:AR091003,PH:AR091000001,AR091,address_zip,,1
PH:AR092002,PH:AR092000001,AR092,address_zip,,1
PH:AR093001,PH:AR093000001,AR093,address_zip,,1
PH:AR094002,PH:AR094000001,AR094,proximity,12.4,1
PH:AR096002,PH:AR096000001,AR096,address_zip,,1
PH:AR097001,PH:AR097000001,AR097,address_zip,,1
PH:AR098001,PH:AR098000001,AR098,address_zip,,1
PH:AR099001,PH:AR099000001,AR099,address_zip,,1
PH:AR099002,PH:AR099000002,AR099,address_zip+proximity,0.5,1
PH:AR101001,PH:AR101000001,AR101,address_zip+proximity,16.9,1
PH:AR102001,PH:AR102000001,AR102,address_zip+proximity,37.1,1
PH:AR104001,PH:AR104000001,AR104,address_zip+proximity,15.7,1
PH:AR111001,PH:AR111000001,AR111,address_zip+proximity,44.6,1
PH:AR112001,PH:AR112000001,AR112,proximity,9.0,1
PH:AR113001,PH:AR113000001,AR113,address_zip+proximity,5.6,1
PH:AR117003,PH:AR117000017,AR117,address_zip,,1
PH:AR118001,PH:AR118000001,AR118,address_zip,,1
PH:AR121002,PH:AR121000001,AR121,address_zip,,1
PH:AR122001,PH:AR122000001,AR122,address_zip,,1
PH:AR123001,PH:AR123000001,AR123,proximity,38.2,1
PH:AR131001,PH:AR131000001,AR131,address_zip+proximity,16.7,1
PH:AR141001,PH:AR141000001,AR141,address_zip+proximity,43.2,1
PH:AR146001,PH:AR146000001,AR146,address_zip,,1
PH:AR148001,PH:AR148000001,AR148,address_zip+proximity,2.0,1
PH:AR170001,PH:AR170000001,AR170,proximity,6.1,1
PH:AR171002,PH:AR171000001,AR171,address_zip,,1
PH:AR172001,PH:AR172000001,AR172,address_zip,,1
PH:AR197010,PH:AR197000001,AR197,address_zip+proximity,45.7,1
PH:AZ001008A,PH:AZ001000002,AZ001,proximity,23.9,1
PH:AZ001009,PH:AZ001000005,AZ001,address_zip+proximity,3.4,1
PH:AZ001010,PH:AZ001000006,AZ001,address_zip+proximity,0.2,2
PH:AZ001010,PH:AZ001000020,AZ001,proximity,48.3,2
PH:AZ001016,PH:AZ001000004,AZ001,address_zip+proximity,0.0,1
PH:AZ001023,PH:AZ001000007,AZ001,address_zip,,1
PH:AZ001029,PH:AZ001000020,AZ001,address_zip+proximity,0.3,2
PH:AZ001029,PH:AZ001000006,AZ001,proximity,48.3,2
PH:AZ001047,PH:AZ001000016,AZ001,address_zip,,1
PH:AZ001048,PH:AZ001000017,AZ001,address_zip,,1
PH:AZ003004,PH:AZ003000001,AZ003,address_zip+proximity,2.7,1
PH:AZ004008,PH:AZ004600113,AZ004,address_zip,,1
PH:AZ004012,PH:AZ004100115,AZ004,address_zip+proximity,16.8,1
PH:AZ004017,PH:AZ004100115,AZ004,address_zip+proximity,16.8,1
PH:AZ004022,PH:AZ004300110,AZ004,address_zip+proximity,1.6,1
PH:AZ004026,PH:AZ004400111,AZ004,address_zip+proximity,11.4,1
PH:AZ004048,PH:AZ004000048,AZ004,address_zip+proximity,35.1,1
PH:AZ004051,PH:AZ004000051,AZ004,address_zip+proximity,0.0,1
PH:AZ004053,PH:AZ004000048,AZ004,address_zip+proximity,35.1,1
PH:AZ006002,PH:AZ006000001,AZ006,address_zip,,1
PH:AZ006013,PH:AZ006000002,AZ006,address_zip,,1
PH:AZ009005,PH:AZ009000009,AZ009,proximity,6.9,1
PH:AZ009006,PH:AZ009000008,AZ009,address_zip+proximity,0.0,1
PH:AZ009014,PH:AZ009000010,AZ009,address_zip+proximity,0.0,1
PH:AZ009015,PH:AZ009000004,AZ009,address_zip+proximity,0.0,1
PH:AZ009017,PH:AZ009000006,AZ009,address_zip+proximity,0.0,2
PH:AZ009017,PH:AZ009000005,AZ009,proximity,44.3,2
PH:AZ009022,PH:AZ009000002,AZ009,address_zip+proximity,4.7,1
PH:AZ010008,PH:AZ010000001,AZ010,proximity,47.7,1
PH:AZ023001,PH:AZ023000001,AZ023,address_zip+proximity,21.7,1
PH:AZ025002,PH:AZ025000001,AZ025,address_zip+proximity,47.0,2
PH:AZ025002,PH:AZ025000002,AZ025,address_zip+proximity,0.0,2
PH:AZ028001,PH:AZ028000002,AZ028,address_zip+proximity,46.4,1
PH:AZ028002,PH:AZ028000001,AZ028,address_zip,,1
PH:AZ035001,PH:AZ035000001,AZ035,address_zip,,1
PH:CA001001,PH:CA001000951,CA001,proximity,12.3,1
PH:CA001002,PH:CA001000967,CA001,address_zip,,1
PH:CA001015,PH:CA001000972,CA001,address_zip+proximity,1.7,1
PH:CA00101801,PH:CA001000984,CA001,address_zip+proximity,43.7,1
PH:CA00101803,PH:CA001000954,CA001,address_zip+proximity,12.1,1
PH:CA00101805,PH:CA001000957,CA001,address_zip+proximity,13.0,2
PH:CA00101805,PH:CA001000978,CA001,address_zip+proximity,4.6,2
PH:CA00101806,PH:CA001000955,CA001,address_zip+proximity,3.5,2
PH:CA00101806,PH:CA001000976,CA001,address_zip+proximity,5.9,2
PH:CA00101810,PH:CA001000958,CA001,address_zip+proximity,3.1,2
PH:CA00101810,PH:CA001000979,CA001,address_zip,,2
PH:CA00101813,PH:CA001000980,CA001,address_zip+proximity,7.7,1
PH:CA001020,PH:CA001000982,CA001,address_zip+proximity,9.2,1
PH:CA001021,PH:CA001000959,CA001,address_zip+proximity,1.9,2
PH:CA001021,PH:CA001000983,CA001,address_zip+proximity,27.2,2
PH:CA001023,PH:CA001000956,CA001,address_zip+proximity,3.8,1
PH:CA001027,PH:CA001000981,CA001,address_zip+proximity,6.5,1
PH:CA001030,PH:CA001000986,CA001,address_zip+proximity,7.8,1
PH:CA001032,PH:CA001000977,CA001,address_zip+proximity,5.1,1
PH:CA001034,PH:CA001000985,CA001,address_zip+proximity,5.9,1
PH:CA001041,PH:CA001000987,CA001,proximity,10.3,1
PH:CA001043,PH:CA001000988,CA001,address_zip+proximity,0.5,1
PH:CA001044,PH:CA001000960,CA001,address_zip+proximity,10.7,1
PH:CA001045,PH:CA001000961,CA001,proximity,24.9,1
PH:CA001046,PH:CA001000962,CA001,proximity,38.0,1
PH:CA001048,PH:CA001000990,CA001,address_zip+proximity,23.8,1
PH:CA001049,PH:CA001000965,CA001,proximity,13.4,1
PH:CA002004,PH:CA002000003,CA002,address_zip+proximity,15.0,1
PH:CA002013,PH:CA002000005,CA002,address_zip+proximity,5.5,1
PH:CA002014,PH:CA002000004,CA002,address_zip+proximity,7.9,1
PH:CA002015,PH:CA002000007,CA002,address_zip,,1
PH:CA002026,PH:CA002000001,CA002,address_zip,,1
PH:CA002027,PH:CA002000005,CA002,proximity,10.6,1
PH:CA002029,PH:CA002000006,CA002,address_zip,,1
PH:CA002032,PH:CA002000008,CA002,address_zip+proximity,3.3,1
PH:CA003001,PH:CA003000108,CA003,address_zip,,1
PH:CA003003,PH:CA003000104,CA003,address_zip+proximity,2.8,1
PH:CA003008A,PH:CA003000107,CA003,address_zip,,1
PH:CA003015,PH:CA003000112,CA003,address_zip+proximity,0.0,1
PH:CA003047,PH:CA003000109,CA003,address_zip+proximity,0.0,1
PH:CA003050,PH:CA003000110,CA003,address_zip+proximity,0.0,1
PH:CA003057,PH:CA003000111,CA003,address_zip+proximity,0.0,1
PH:CA003063,PH:CA003000114,CA003,address_zip+proximity,0.0,1
PH:CA003071,PH:CA003000101,CA003,address_zip+proximity,5.5,1
PH:CA003080,PH:CA003000105,CA003,address_zip+proximity,3.2,1
PH:CA003083B,PH:CA003000117,CA003,address_zip+proximity,35.3,1
PH:CA003084B,PH:CA003000119,CA003,proximity,30.6,1
PH:CA003085,PH:CA003000120,CA003,address_zip+proximity,2.5,1
PH:CA004003,PH:CA004000403,CA004,address_zip,,1
PH:CA004006,PH:CA004000406,CA004,proximity,36.1,1
PH:CA004007,PH:CA004000407,CA004,proximity,42.6,1
PH:CA004009,PH:CA004000409,CA004,address_zip,,1
PH:CA004019,PH:CA004000419,CA004,proximity,9.3,1
PH:CA004020,PH:CA004000407,CA004,proximity,9.6,1
PH:CA004222,PH:CA004000222,CA004,address_zip,,1
PH:CA004224,PH:CA004000593,CA004,address_zip+proximity,20.2,1
PH:CA004228,PH:CA004000225,CA004,address_zip,,1
PH:CA005002,PH:CA005000102,CA005,proximity,48.7,1
PH:CA005003,PH:CA005000101,CA005,proximity,24.1,1
PH:CA005008,PH:CA005000103,CA005,address_zip+proximity,29.1,1
PH:CA005012,PH:CA005000105,CA005,address_zip,,1
PH:CA005015,PH:CA005000107,CA005,address_zip+proximity,1.0,1
PH:CA005042,PH:CA005000104,CA005,address_zip+proximity,2.2,1
PH:CA006002,PH:CA006000001,CA006,address_zip,,1
PH:CA006016,PH:CA006000004,CA006,address_zip+proximity,0.0,1
PH:CA006026,PH:CA006000002,CA006,proximity,24.9,1
PH:CA007005,PH:CA007000202,CA007,address_zip,,1
PH:CA007007,PH:CA007000203,CA007,address_zip+proximity,11.7,1
PH:CA007038,PH:CA007000205,CA007,address_zip+proximity,8.0,1
PH:CA008002,PH:CA008000102,CA008,address_zip+proximity,28.6,1
PH:CA008003,PH:CA008000103,CA008,proximity,25.1,1
PH:CA008004,PH:CA008000104,CA008,address_zip+proximity,12.9,1
PH:CA008005,PH:CA008000105,CA008,proximity,34.6,1
PH:CA008007,PH:CA008000107,CA008,proximity,44.0,1
PH:CA008014,PH:CA008000114,CA008,address_zip+proximity,0.1,2
PH:CA008014,PH:CA008000115,CA008,address_zip+proximity,0.1,2
PH:CA008015,PH:CA008000114,CA008,address_zip+proximity,0.1,2
PH:CA008015,PH:CA008000115,CA008,address_zip+proximity,0.1,2
PH:CA008018,PH:CA008000118,CA008,proximity,5.1,1
PH:CA008020,PH:CA008000120,CA008,address_zip,,1
PH:CA008021,PH:CA008000121,CA008,address_zip+proximity,0.0,1
PH:CA008022,PH:CA008000122,CA008,address_zip+proximity,0.0,1
PH:CA009002,PH:CA009000001,CA009,address_zip+proximity,2.3,1
PH:CA010004,PH:CA010000002,CA010,address_zip+proximity,0.3,1
PH:CA010012,PH:CA010000005,CA010,address_zip+proximity,26.3,1
PH:CA010013,PH:CA010000005,CA010,address_zip+proximity,26.3,1
PH:CA011005,PH:CA011500000,CA011,proximity,29.1,1
PH:CA011009A,PH:CA011600000,CA011,address_zip+proximity,4.5,2
PH:CA011009A,PH:CA011700000,CA011,proximity,15.2,2
PH:CA011010,PH:CA011400000,CA011,proximity,20.0,1
PH:CA011011,PH:CA011100000,CA011,address_zip+proximity,17.4,1
PH:CA011015,PH:CA011900000,CA011,address_zip,,1
PH:CA011018,PH:CA011200000,CA011,address_zip+proximity,6.0,1
PH:CA014004,PH:CA014000004,CA014,proximity,30.7,1
PH:CA015002,PH:CA015000001,CA015,address_zip,,1
PH:CA017001,PH:CA017000001,CA017,proximity,11.1,1
PH:CA019010,PH:CA019000160,CA019,address_zip,,1
PH:CA019012,PH:CA019000170,CA019,address_zip,,1
PH:CA019031,PH:CA019000190,CA019,address_zip+proximity,0.0,1
PH:CA019032,PH:CA019000150,CA019,address_zip,,1
PH:CA022001,PH:CA022000001,CA022,address_zip,,1
PH:CA023004,PH:CA023000003,CA023,address_zip+proximity,16.1,1
PH:CA023013,PH:CA023000001,CA023,address_zip+proximity,35.8,1
PH:CA024001,PH:CA024000241,CA024,proximity,21.0,1
PH:CA024004,PH:CA024000244,CA024,address_zip+proximity,39.0,1
PH:CA024009,PH:CA024000242,CA024,address_zip+proximity,4.3,1
PH:CA025005,PH:CA025000001,CA025,address_zip,,1
PH:CA026003,PH:CA026000003,CA026,address_zip+proximity,41.0,1
PH:CA026010,PH:CA026000002,CA026,address_zip+proximity,1.3,1
PH:CA026018,PH:CA026000004,CA026,address_zip+proximity,0.0,1
PH:CA027007,PH:CA027000210,CA027,address_zip+proximity,2.2,1
PH:CA027013,PH:CA027000220,CA027,address_zip+proximity,2.1,1
PH:CA027031,PH:CA027000230,CA027,address_zip+proximity,0.0,1
PH:CA028003,PH:CA028000003,CA028,address_zip+proximity,44.2,1
PH:CA028017,PH:CA028000003,CA028,address_zip+proximity,44.2,1
PH:CA030003,PH:CA030000805,CA030,address_zip+proximity,46.6,1
PH:CA030017,PH:CA030000817,CA030,proximity,18.6,1
PH:CA031001,PH:CA031000001,CA031,address_zip,,1
PH:CA031003,PH:CA031000003,CA031,proximity,34.4,1
PH:CA031004,PH:CA031000004,CA031,address_zip,,1
PH:CA031005,PH:CA031000005,CA031,address_zip,,1
PH:CA031007,PH:CA031000007,CA031,proximity,33.7,1
PH:CA031008,PH:CA031000008,CA031,address_zip+proximity,0.9,1
PH:CA032001,PH:CA032000001,CA032,address_zip+proximity,3.1,1
PH:CA033001,PH:CA033000101,CA033,proximity,0.6,1
PH:CA033002,PH:CA033000102,CA033,proximity,42.8,1
PH:CA033005,PH:CA033000105,CA033,address_zip+proximity,34.2,1
PH:CA033006,PH:CA033000120,CA033,address_zip+proximity,14.8,1
PH:CA033007,PH:CA033000107,CA033,address_zip+proximity,35.0,1
PH:CA033008,PH:CA033000108,CA033,address_zip,,1
PH:CA033011,PH:CA033000111,CA033,address_zip+proximity,2.7,1
PH:CA033012,PH:CA033000112,CA033,address_zip+proximity,0.0,1
PH:CA033014,PH:CA033000114,CA033,address_zip+proximity,33.2,1
PH:CA033019,PH:CA033000119,CA033,address_zip+proximity,12.2,1
PH:CA035002,PH:CA035000001,CA035,proximity,8.2,1
PH:CA035010,PH:CA035000005,CA035,address_zip+proximity,1.8,1
PH:CA035017,PH:CA035000004,CA035,address_zip,,1
PH:CA039001,PH:CA039000002,CA039,proximity,1.8,1
PH:CA039009,PH:CA039000001,CA039,address_zip,,1
PH:CA043010,PH:CA043000001,CA043,address_zip,,1
PH:CA044008,PH:CA044000002,CA044,proximity,33.0,1
PH:CA044015,PH:CA044000003,CA044,address_zip+proximity,3.6,1
PH:CA046001,PH:CA046000001,CA046,address_zip+proximity,25.5,1
PH:CA048002,PH:CA048000032,CA048,address_zip,,1
PH:CA048004,PH:CA048000022,CA048,address_zip+proximity,20.3,1
PH:CA050001,PH:CA050000001,CA050,address_zip+proximity,0.0,1
PH:CA052001,PH:CA052000001,CA052,address_zip,,1
PH:CA052007,PH:CA052000002,CA052,address_zip+proximity,11.5,1
PH:CA053001,PH:CA053000001,CA053,address_zip,,1
PH:CA058002,PH:CA058000002,CA058,address_zip+proximity,0.0,1
PH:CA059005,PH:CA059000005,CA059,address_zip+proximity,0.0,1
PH:CA059007,PH:CA059000007,CA059,address_zip+proximity,0.0,1
PH:CA059008,PH:CA059000008,CA059,address_zip+proximity,0.0,1
PH:CA064013,PH:CA064000001,CA064,address_zip+proximity,0.0,1
PH:CA067013,PH:CA067000001,CA067,address_zip+proximity,18.8,1
PH:CA069003,PH:CA069000001,CA069,address_zip,,1
PH:CA069004,PH:CA069000002,CA069,address_zip+proximity,30.2,1
PH:CA070001,PH:CA070000001,CA070,address_zip+proximity,0.0,1
PH:CA072007,PH:CA072000001,CA072,address_zip+proximity,3.7,1
PH:CA074001,PH:CA074000001,CA074,proximity,7.9,1
PH:CA076006,PH:CA076000001,CA076,address_zip+proximity,6.3,1
PH:CA076014,PH:CA076000003,CA076,address_zip+proximity,23.7,1
PH:CA076017,PH:CA076000002,CA076,proximity,16.3,1
PH:CA081002,PH:CA081000001,CA081,address_zip,,1
PH:CA084002,PH:CA084000002,CA084,proximity,39.3,1
PH:CA084003,PH:CA084000003,CA084,address_zip+proximity,0.0,1
PH:CA084008,PH:CA084000008,CA084,address_zip+proximity,0.0,1
PH:CA084010,PH:CA084000010,CA084,address_zip+proximity,0.0,1
PH:CA084014,PH:CA084000014,CA084,address_zip+proximity,0.0,1
PH:CA092003,PH:CA092000003,CA092,address_zip+proximity,3.2,1
PH:CA092005,PH:CA092000005,CA092,address_zip,,1
PH:CA092007,PH:CA092000007,CA092,address_zip+proximity,42.2,1
PH:CA092010,PH:CA092000010,CA092,address_zip+proximity,49.6,1
PH:CA092015,PH:CA092000015,CA092,address_zip+proximity,5.9,1
PH:CA092016,PH:CA092000016,CA092,address_zip,,1
PH:CA108002,PH:CA108000001,CA108,address_zip+proximity,25.1,1
PH:CA120001,PH:CA120000001,CA120,address_zip+proximity,0.6,1
PH:CA139001,PH:CA139000001,CA139,address_zip+proximity,23.1,1
PH:CA142001,PH:CA142000001,CA142,address_zip+proximity,0.0,1
PH:CA143012,PH:CA143000002,CA143,address_zip,,1
PH:CA143016,PH:CA143000001,CA143,address_zip+proximity,2.2,1
PH:CA143021,PH:CA143000003,CA143,proximity,42.3,1
PH:CA143025,PH:CA143000004,CA143,proximity,13.3,1
PH:CO001003,PH:CO001000078,CO001,proximity,9.0,1
PH:CO001007,PH:CO001000007,CO001,proximity,13.3,1
PH:CO001008,PH:CO001000008,CO001,proximity,21.5,1
PH:CO001011,PH:CO001000066,CO001,proximity,18.6,1
PH:CO001012,PH:CO001000079,CO001,proximity,46.6,1
PH:CO001014,PH:CO001000014,CO001,address_zip+proximity,11.2,1
PH:CO001015,PH:CO001000062,CO001,address_zip+proximity,49.1,1
PH:CO001016,PH:CO001000016,CO001,proximity,49.8,1
PH:CO001017,PH:CO001000063,CO001,address_zip,,1
PH:CO001020,PH:CO001000020,CO001,proximity,4.7,1
PH:CO001021,PH:CO001000064,CO001,address_zip+proximity,13.6,1
PH:CO001049,PH:CO001000050,CO001,address_zip+proximity,2.0,1
PH:CO001051,PH:CO001000070,CO001,proximity,2.2,1
PH:CO001053,PH:CO001000553,CO001,address_zip+proximity,3.5,1
PH:CO001054,PH:CO001000069,CO001,address_zip+proximity,8.2,2
PH:CO001054,PH:CO001000073,CO001,address_zip+proximity,8.2,2
PH:CO001057,PH:CO001000055,CO001,address_zip+proximity,3.1,1
PH:CO001058,PH:CO001000058,CO001,address_zip,,2
PH:CO001058,PH:CO001000059,CO001,proximity,48.3,2
PH:CO002003,PH:CO002000200,CO002,address_zip,,1
PH:CO002004,PH:CO002000300,CO002,address_zip+proximity,5.8,1
PH:CO003001,PH:CO003000001,CO003,address_zip+proximity,0.0,1
PH:CO004002,PH:CO004000001,CO004,address_zip+proximity,0.4,1
PH:CO005004,PH:CO005000001,CO005,address_zip+proximity,0.0,1
PH:CO006001,PH:CO006000001,CO006,address_zip+proximity,13.2,1
PH:CO008002,PH:CO008000001,CO008,proximity,21.4,1
PH:CO009001,PH:CO009101655,CO009,address_zip,,1
PH:CO011001,PH:CO011011011,CO011,address_zip+proximity,0.6,1
PH:CO012001,PH:CO012000001,CO012,address_zip,,1
PH:CO013001,PH:CO013000001,CO013,address_zip+proximity,15.0,1
PH:CO015001,PH:CO015000001,CO015,address_zip+proximity,1.9,1
PH:CO016003,PH:CO016777777,CO016,address_zip+proximity,0.0,1
PH:CO016005,PH:CO016333333,CO016,address_zip+proximity,0.3,1
PH:CO017001,PH:CO017070772,CO017,address_zip+proximity,14.5,1
PH:CO018001,PH:CO018000001,CO018,address_zip+proximity,47.4,1
PH:CO019002,PH:CO019000001,CO019,address_zip,,1
PH:CO020001,PH:CO020000001,CO020,proximity,49.0,1
PH:CO021001,PH:CO021000000,CO021,address_zip,,1
PH:CO022001,PH:CO022072757,CO022,proximity,19.6,1
PH:CO023001,PH:CO023000001,CO023,address_zip+proximity,40.0,1
PH:CO025002,PH:CO025000001,CO025,address_zip,,1
PH:CO026001,PH:CO026000001,CO026,address_zip+proximity,48.2,1
PH:CO028009,PH:CO028000001,CO028,address_zip,,1
PH:CO028011,PH:CO028000001,CO028,proximity,8.4,1
PH:CO028027,PH:CO028000003,CO028,address_zip,,1
PH:CO029002,PH:CO029000029,CO029,address_zip+proximity,49.6,1
PH:CO030001,PH:CO030000001,CO030,proximity,32.9,1
PH:CO031001,PH:CO031000001,CO031,address_zip,,1
PH:CO035003,PH:CO035000010,CO035,address_zip,,1
PH:CO036002,PH:CO036000001,CO036,address_zip+proximity,4.0,1
PH:CO037002,PH:CO037000001,CO037,address_zip,,1
PH:CO038001,PH:CO038000001,CO038,address_zip,,1
PH:CO040001,PH:CO040000001,CO040,address_zip+proximity,41.5,1
PH:CO041005,PH:CO041000001,CO041,address_zip+proximity,0.0,1
PH:CO043001,PH:CO043000001,CO043,address_zip,,1
PH:CO044001,PH:CO044000001,CO044,address_zip+proximity,0.0,1
PH:CO048002,PH:CO048000001,CO048,address_zip+proximity,1.9,1
PH:CO058001,PH:CO058000001,CO058,proximity,43.2,1
PH:CO059001,PH:CO059000001,CO059,address_zip+proximity,0.0,1
PH:CO071001,PH:CO071000001,CO071,address_zip+proximity,16.0,1
PH:CT001002A,PH:CT001000002,CT001,proximity,5.9,1
PH:CT001005,PH:CT001000005,CT001,address_zip+proximity,47.4,1
PH:CT001006,PH:CT001000006,CT001,address_zip,,1
PH:CT001009,PH:CT001000009,CT001,address_zip+proximity,9.8,1
PH:CT001022,PH:CT001000882,CT001,address_zip+proximity,18.2,1
PH:CT001044,PH:CT001000044,CT001,address_zip,,1
PH:CT001045,PH:CT001000044,CT001,proximity,42.3,1
PH:CT001049,PH:CT001000009,CT001,address_zip+proximity,9.8,1
PH:CT001054,PH:CT001000054,CT001,address_zip+proximity,2.7,1
PH:CT001056,PH:CT001000007,CT001,address_zip+proximity,29.2,1
PH:CT002007,PH:CT002000005,CT002,address_zip+proximity,47.6,1
PH:CT002017,PH:CT002000006,CT002,address_zip,,1
PH:CT003008,PH:CT003000006,CT003,address_zip,,1
PH:CT003015,PH:CT003000001,CT003,proximity,20.0,1
PH:CT003029,PH:CT003000029,CT003,address_zip+proximity,4.3,1
PH:CT004008,PH:CT004000006,CT004,proximity,14.5,1
PH:CT004009,PH:CT004000007,CT004,proximity,30.7,1
PH:CT004010,PH:CT004000008,CT004,address_zip+proximity,0.0,1
PH:CT004011,PH:CT004000012,CT004,address_zip+proximity,0.0,1
PH:CT004012,PH:CT004000010,CT004,address_zip+proximity,13.0,1
PH:CT004016,PH:CT004000013,CT004,address_zip,,1
PH:CT004018,PH:CT004000009,CT004,address_zip+proximity,1.0,1
PH:CT004022,PH:CT004000015,CT004,address_zip+proximity,10.4,1
PH:CT004023,PH:CT004000020,CT004,address_zip+proximity,37.3,1
PH:CT004025,PH:CT004000024,CT004,address_zip+proximity,0.0,3
PH:CT004025,PH:CT004000079,CT004,address_zip+proximity,33.2,3
PH:CT004025,PH:CT004000025,CT004,proximity,34.1,3
PH:CT004026,PH:CT004000082,CT004,address_zip+proximity,14.6,1
PH:CT004027,PH:CT004000025,CT004,address_zip+proximity,0.0,4
PH:CT004027,PH:CT004000080,CT004,address_zip,,4
PH:CT004027,PH:CT004000024,CT004,proximity,34.1,4
PH:CT004027,PH:CT004000079,CT004,proximity,33.5,4
PH:CT004028,PH:CT004000011,CT004,address_zip+proximity,30.1,1
PH:CT004029,PH:CT004000005,CT004,proximity,23.0,1
PH:CT004035,PH:CT004000004,CT004,proximity,25.9,1
PH:CT004037,PH:CT004000001,CT004,address_zip+proximity,1.4,1
PH:CT004056,PH:CT004000021,CT004,proximity,15.8,1
PH:CT004065,PH:CT004000026,CT004,proximity,34.1,2
PH:CT004065,PH:CT004000028,CT004,proximity,35.2,2
PH:CT004067,PH:CT004000028,CT004,address_zip+proximity,11.2,2
PH:CT004067,PH:CT004000031,CT004,proximity,30.2,2
PH:CT004068,PH:CT004000027,CT004,proximity,45.5,1
PH:CT004069,PH:CT004000030,CT004,proximity,25.8,1
PH:CT004070,PH:CT004000028,CT004,proximity,40.0,2
PH:CT004070,PH:CT004000031,CT004,proximity,20.6,2
PH:CT005002,PH:CT005000002,CT005,proximity,22.0,1
PH:CT005005,PH:CT005000101,CT005,address_zip+proximity,9.9,1
PH:CT006001,PH:CT006000001,CT006,address_zip,,1
PH:CT006003,PH:CT006000003,CT006,address_zip,,1
PH:CT006010,PH:CT006000002,CT006,address_zip+proximity,26.8,1
PH:CT007003,PH:CT007000008,CT007,proximity,45.5,1
PH:CT007007,PH:CT007000003,CT007,address_zip+proximity,11.4,1
PH:CT007020,PH:CT007000004,CT007,address_zip+proximity,43.6,1
PH:CT009002,PH:CT009000001,CT009,address_zip,,1
PH:CT010005,PH:CT010000125,CT010,address_zip,,1
PH:CT011001,PH:CT011125001,CT011,address_zip+proximity,20.2,1
PH:CT011002,PH:CT011125002,CT011,address_zip,,1
PH:CT011005,PH:CT011125005,CT011,proximity,31.5,1
PH:CT013004,PH:CT013000200,CT013,address_zip+proximity,26.1,1
PH:CT013005,PH:CT013000100,CT013,address_zip+proximity,7.7,1
PH:CT015002,PH:CT015000001,CT015,address_zip+proximity,34.7,1
PH:CT019001,PH:CT019000001,CT019,address_zip+proximity,5.0,1
PH:CT019003,PH:CT019000003,CT019,address_zip,,1
PH:CT019004,PH:CT019000004,CT019,address_zip+proximity,16.6,1
PH:CT020002,PH:CT020000004,CT020,proximity,39.5,1
PH:CT020003,PH:CT020000003,CT020,address_zip+proximity,4.5,1
PH:CT022002,PH:CT022000001,CT022,address_zip+proximity,6.2,1
PH:CT023001,PH:CT023000001,CT023,proximity,14.7,1
PH:CT023003,PH:CT023000003,CT023,proximity,35.2,1
PH:CT023004,PH:CT023000002,CT023,proximity,28.7,1
PH:CT023005,PH:CT023000003,CT023,address_zip+proximity,5.7,1
PH:CT025002,PH:CT025000010,CT025,address_zip,,1
PH:CT026001,PH:CT026000002,CT026,address_zip,,1
PH:CT026003,PH:CT026000001,CT026,proximity,20.0,1
PH:CT027002,PH:CT027000200,CT027,proximity,11.7,1
PH:CT028002,PH:CT028000001,CT028,address_zip,,1
PH:CT029001B,PH:CT029000293,CT029,proximity,23.3,1
PH:CT029002,PH:CT029000292,CT029,address_zip+proximity,46.6,1
PH:CT029003,PH:CT029000291,CT029,address_zip+proximity,8.2,1
PH:CT029004,PH:CT029000292,CT029,proximity,43.5,1
PH:CT030001,PH:CT030000001,CT030,proximity,6.4,1
PH:CT030002,PH:CT030000002,CT030,address_zip,,1
PH:CT030004,PH:CT030000004,CT030,address_zip,,1
PH:CT030005,PH:CT030000005,CT030,address_zip+proximity,16.4,1
PH:CT030006,PH:CT030000006,CT030,proximity,15.6,1
PH:CT032002,PH:CT032000001,CT032,address_zip+proximity,32.7,1
PH:CT035001,PH:CT035000001,CT035,address_zip+proximity,24.8,1
PH:CT039001,PH:CT039000001,CT039,address_zip+proximity,0.0,1
PH:CT040001,PH:CT040000001,CT040,proximity,9.1,1
PH:CT047001,PH:CT047000001,CT047,address_zip,,1
PH:CT054001,PH:CT054000001,CT054,address_zip+proximity,16.3,1
PH:CT056001,PH:CT056000001,CT056,address_zip,,1
PH:CT066001,PH:CT066000001,CT066,proximity,15.4,1
PH:DC001008,PH:DC001001080,DC001,address_zip+proximity,33.8,1
PH:DC001013,PH:DC001002130,DC001,proximity,32.8,1
PH:DC001018,PH:DC001005230,DC001,proximity,41.6,1
PH:DC001020,PH:DC001005480,DC001,address_zip,,1
PH:DC001021,PH:DC001004210,DC001,address_zip+proximity,2.0,1
PH:DC001024,PH:DC001004240,DC001,address_zip+proximity,4.7,1
PH:DC001029,PH:DC001001291,DC001,address_zip+proximity,4.6,1
PH:DC001030,PH:DC001003300,DC001,address_zip,,1
PH:DC001034,PH:DC001001340,DC001,proximity,37.9,1
PH:DC001035,PH:DC001004210,DC001,proximity,43.8,1
PH:DC001036B,PH:DC001004361,DC001,address_zip+proximity,17.6,1
PH:DC001036C,PH:DC001003363,DC001,address_zip,,2
PH:DC001036C,PH:DC001005250,DC001,proximity,19.5,2
PH:DC001037,PH:DC001001371,DC001,address_zip+proximity,8.4,1
PH:DC001039A,PH:DC001001391,DC001,address_zip+proximity,2.7,1
PH:DC001040,PH:DC001002400,DC001,address_zip+proximity,6.9,1
PH:DC001043,PH:DC001004430,DC001,address_zip+proximity,8.1,1
PH:DC001060,PH:DC001001600,DC001,address_zip+proximity,21.5,3
PH:DC001060,PH:DC001001620,DC001,proximity,43.1,3
PH:DC001060,PH:DC001001621,DC001,proximity,43.1,3
PH:DC001061,PH:DC001003361,DC001,address_zip,,1
PH:DC001064,PH:DC001001640,DC001,address_zip,,1
PH:DC001065,PH:DC001001650,DC001,address_zip+proximity,3.0,1
PH:DC001068,PH:DC001001680,DC001,address_zip+proximity,31.7,1
PH:DC001069,PH:DC001001690,DC001,address_zip+proximity,1.5,1
PH:DC001070,PH:DC001001700,DC001,address_zip+proximity,37.3,1
PH:DC001081,PH:DC001000081,DC001,address_zip+proximity,30.7,1
PH:DC001082,PH:DC001000082,DC001,address_zip+proximity,2.1,1
PH:DC001083,PH:DC001001830,DC001,address_zip+proximity,24.9,1
PH:DC001085,PH:DC001003850,DC001,address_zip,,1
PH:DC001095,PH:DC001001950,DC001,address_zip,,1
PH:DC001104,PH:DC001003104,DC001,address_zip+proximity,5.5,1
PH:DC001106,PH:DC001003105,DC001,address_zip+proximity,19.8,1
PH:DC001107,PH:DC001003105,DC001,proximity,39.8,1
PH:DC001108,PH:DC001001460,DC001,address_zip+proximity,23.8,1
PH:DE001006,PH:DE001000006,DE001,address_zip+proximity,2.1,1
PH:DE001007,PH:DE001000007,DE001,address_zip+proximity,5.9,1
PH:DE001019,PH:DE001000019,DE001,address_zip+proximity,0.0,2
PH:DE001019,PH:DE001000027,DE001,proximity,44.1,2
PH:DE001020,PH:DE001000011,DE001,address_zip,,1
PH:DE002003,PH:DE002000003,DE002,address_zip+proximity,8.1,1
PH:DE002011,PH:DE002000002,DE002,proximity,14.0,1
PH:DE002013,PH:DE002000002,DE002,proximity,43.0,1
PH:DE004003,PH:DE004000003,DE004,proximity,5.0,1
PH:DE004004,PH:DE004000004,DE004,address_zip,,1
PH:DE004008,PH:DE004000008,DE004,address_zip,,1
PH:DE004009,PH:DE004000013,DE004,address_zip,,1
PH:DE004010,PH:DE004000010,DE004,address_zip+proximity,0.0,1
PH:FL001007,PH:FL001000007,FL001,address_zip,,1
PH:FL001010,PH:FL001000010,FL001,address_zip+proximity,28.4,1
PH:FL001013,PH:FL001000013,FL001,address_zip,,1
PH:FL001014,PH:FL001000014,FL001,address_zip,,1
PH:FL001015,PH:FL001000015,FL001,address_zip+proximity,7.3,1
PH:FL001017,PH:FL001000017,FL001,address_zip+proximity,26.7,1
PH:FL001018,PH:FL001000018,FL001,address_zip+proximity,22.8,1
PH:FL001019,PH:FL001000019,FL001,address_zip+proximity,2.5,1
PH:FL001027,PH:FL001000027,FL001,address_zip+proximity,0.0,1
PH:FL001032,PH:FL001000032,FL001,address_zip+proximity,1.0,1
PH:FL001036,PH:FL001000036,FL001,address_zip+proximity,4.6,1
PH:FL001045,PH:FL001000045,FL001,address_zip,,1
PH:FL001046,PH:FL001000046,FL001,address_zip+proximity,5.4,1
PH:FL002022A,PH:FL002000003,FL002,address_zip,,1
PH:FL003001,PH:FL003000001,FL003,address_zip+proximity,14.4,1
PH:FL003010,PH:FL003000010,FL003,proximity,18.2,1
PH:FL003012,PH:FL003000012,FL003,proximity,48.6,1
PH:FL003017,PH:FL003000017,FL003,proximity,20.0,1
PH:FL003022,PH:FL003000015,FL003,address_zip+proximity,0.0,1
PH:FL003025,PH:FL003000025,FL003,address_zip+proximity,13.5,1
PH:FL003028,PH:FL003000023,FL003,address_zip+proximity,1.6,1
PH:FL003037,PH:FL003000037,FL003,address_zip,,1
PH:FL003038,PH:FL003000038,FL003,address_zip,,1
PH:FL003039A,PH:FL003000039,FL003,address_zip+proximity,9.1,1
PH:FL004001,PH:FL004000001,FL004,proximity,37.5,1
PH:FL004004,PH:FL004000004,FL004,proximity,5.0,1
PH:FL004006,PH:FL004000006,FL004,address_zip,,1
PH:FL004009,PH:FL004000009,FL004,proximity,27.0,1
PH:FL004010,PH:FL004000010,FL004,address_zip+proximity,20.4,1
PH:FL004012,PH:FL004000012,FL004,address_zip+proximity,29.0,1
PH:FL004013,PH:FL004000013,FL004,proximity,11.1,1
PH:FL004017,PH:FL004000002,FL004,address_zip+proximity,5.2,1
PH:FL005004,PH:FL005000014,FL005,address_zip+proximity,3.1,1
PH:FL005009,PH:FL005000829,FL005,proximity,3.0,1
PH:FL005012,PH:FL005000848,FL005,proximity,46.9,1
PH:FL005013,PH:FL005000011,FL005,address_zip+proximity,0.0,2
PH:FL005013,PH:FL005000836,FL005,address_zip+proximity,1.1,2
PH:FL005016,PH:FL005000824,FL005,address_zip+proximity,13.8,1
PH:FL005018,PH:FL005000013,FL005,address_zip+proximity,0.0,3
PH:FL005018,PH:FL005000865,FL005,address_zip+proximity,43.7,3
PH:FL005018,PH:FL005000856,FL005,proximity,32.1,3
PH:FL005022,PH:FL005000845,FL005,address_zip+proximity,45.5,2
PH:FL005022,PH:FL005000009,FL005,proximity,22.6,2
PH:FL005025,PH:FL005000007,FL005,address_zip+proximity,0.0,2
PH:FL005025,PH:FL005000833,FL005,address_zip+proximity,1.1,2
PH:FL005026,PH:FL005000010,FL005,address_zip+proximity,0.0,2
PH:FL005026,PH:FL005000835,FL005,address_zip,,2
PH:FL005027,PH:FL005000837,FL005,address_zip+proximity,1.9,1
PH:FL005028,PH:FL005000853,FL005,address_zip+proximity,1.2,1
PH:FL005034,PH:FL005000012,FL005,address_zip+proximity,0.0,3
PH:FL005034,PH:FL005000849,FL005,address_zip+proximity,20.5,3
PH:FL005034,PH:FL005000838,FL005,proximity,37.1,3
PH:FL005036,PH:FL005000825,FL005,address_zip,,1
PH:FL005039,PH:FL005000004,FL005,address_zip+proximity,0.0,2
PH:FL005039,PH:FL005000823,FL005,address_zip+proximity,26.9,2
PH:FL005040,PH:FL005000008,FL005,proximity,6.7,1
PH:FL005041,PH:FL005000006,FL005,address_zip+proximity,0.0,2
PH:FL005041,PH:FL005000852,FL005,address_zip+proximity,5.4,2
PH:FL005044,PH:FL005000003,FL005,address_zip+proximity,0.0,2
PH:FL005044,PH:FL005000822,FL005,address_zip+proximity,5.8,2
PH:FL005045,PH:FL005000851,FL005,address_zip+proximity,0.3,1
PH:FL005051,PH:FL005000005,FL005,address_zip+proximity,0.0,2
PH:FL005051,PH:FL005000821,FL005,address_zip+proximity,8.4,2
PH:FL005054,PH:FL005000832,FL005,address_zip+proximity,10.7,1
PH:FL005056,PH:FL005000828,FL005,address_zip+proximity,3.8,1
PH:FL005057,PH:FL005000834,FL005,address_zip+proximity,12.2,1
PH:FL005058,PH:FL005000850,FL005,address_zip+proximity,18.6,1
PH:FL005067,PH:FL005000001,FL005,address_zip+proximity,0.0,1
PH:FL005074,PH:FL005000015,FL005,address_zip+proximity,2.3,2
PH:FL005074,PH:FL005000843,FL005,address_zip+proximity,1.0,2
PH:FL005088,PH:FL005000002,FL005,address_zip+proximity,0.0,2
PH:FL005088,PH:FL005000826,FL005,address_zip+proximity,21.1,2
PH:FL005089,PH:FL005000840,FL005,address_zip+proximity,2.9,1
PH:FL005094,PH:FL005000830,FL005,address_zip+proximity,0.0,1
PH:FL005100,PH:FL005000839,FL005,address_zip+proximity,34.6,1
PH:FL005110,PH:FL005000817,FL005,address_zip,,1
PH:FL006003,PH:FL006000003,FL006,proximity,36.5,1
PH:FL006004,PH:FL006000002,FL006,proximity,28.1,1
PH:FL006009,PH:FL006000016,FL006,proximity,33.3,1
PH:FL007011,PH:FL007000001,FL007,address_zip+proximity,2.2,1
PH:FL008002,PH:FL008000001,FL008,proximity,49.0,1
PH:FL008003,PH:FL008000001,FL008,proximity,5.8,1
PH:FL008004,PH:FL008000003,FL008,address_zip+proximity,0.0,1
PH:FL008005,PH:FL008000002,FL008,proximity,26.4,1
PH:FL010002,PH:FL010000102,FL010,proximity,8.1,1
PH:FL010003,PH:FL010000103,FL010,address_zip+proximity,0.0,1
PH:FL010004,PH:FL010000104,FL010,address_zip,,1
PH:FL010005,PH:FL010000105,FL010,address_zip+proximity,1.2,1
PH:FL010008,PH:FL010000109,FL010,address_zip+proximity,0.0,1
PH:FL011002,PH:FL011000007,FL011,proximity,46.0,1
PH:FL011004,PH:FL011000007,FL011,proximity,46.0,1
PH:FL011006,PH:FL011000001,FL011,address_zip,,1
PH:FL011013,PH:FL011000002,FL011,address_zip+proximity,8.0,1
PH:FL013004,PH:FL013000001,FL013,address_zip+proximity,0.2,1
PH:FL013005,PH:FL013000002,FL013,address_zip,,1
PH:FL015001,PH:FL015000001,FL015,address_zip,,1
PH:FL015009,PH:FL015000004,FL015,address_zip,,1
PH:FL015011,PH:FL015000001,FL015,address_zip,,1
PH:FL015012,PH:FL015000005,FL015,address_zip,,1
PH:FL015016,PH:FL015000002,FL015,address_zip,,1
PH:FL016001,PH:FL016100000,FL016,proximity,12.1,1
PH:FL016003,PH:FL016200000,FL016,proximity,37.5,1
PH:FL016005,PH:FL016400000,FL016,proximity,0.8,1
PH:FL016006,PH:FL016300000,FL016,address_zip+proximity,0.0,1
PH:FL017002,PH:FL017000001,FL017,address_zip+proximity,41.7,1
PH:FL018004,PH:FL018000001,FL018,address_zip+proximity,9.9,1
PH:FL019001,PH:FL019000006,FL019,address_zip+proximity,0.0,1
PH:FL019005,PH:FL019000007,FL019,proximity,9.5,1
PH:FL020009,PH:FL020000011,FL020,address_zip+proximity,26.2,1
PH:FL021003,PH:FL021000005,FL021,proximity,10.4,1
PH:FL021004,PH:FL021000003,FL021,address_zip+proximity,7.3,1
PH:FL022001,PH:FL022221234,FL022,proximity,18.8,1
PH:FL023003,PH:FL023034208,FL023,address_zip+proximity,0.5,1
PH:FL025006,PH:FL025000002,FL025,address_zip+proximity,11.5,1
PH:FL026001,PH:FL026000001,FL026,address_zip+proximity,11.4,1
PH:FL027004,PH:FL027000104,FL027,proximity,10.5,1
PH:FL031001,PH:FL031000010,FL031,address_zip,,1
PH:FL032008,PH:FL032000001,FL032,address_zip+proximity,6.1,1
PH:FL034002,PH:FL034000001,FL034,proximity,12.4,1
PH:FL035001,PH:FL035000001,FL035,address_zip,,1
PH:FL037001,PH:FL037000001,FL037,proximity,27.2,1
PH:FL038001,PH:FL038000010,FL038,address_zip,,1
PH:FL039001,PH:FL039000001,FL039,address_zip+proximity,17.1,1
PH:FL041001,PH:FL041000004,FL041,address_zip+proximity,0.0,1
PH:FL041002,PH:FL041000002,FL041,address_zip+proximity,12.1,1
PH:FL041008,PH:FL041000001,FL041,address_zip,,1
PH:FL041011,PH:FL041000003,FL041,address_zip+proximity,43.1,1
PH:FL045001,PH:FL045000001,FL045,proximity,14.0,1
PH:FL047001,PH:FL047000001,FL047,address_zip+proximity,10.9,1
PH:FL047003,PH:FL047000003,FL047,address_zip+proximity,0.0,1
PH:FL047004,PH:FL047000004,FL047,address_zip,,1
PH:FL051001,PH:FL051000002,FL051,proximity,36.4,1
PH:FL053001,PH:FL053000010,FL053,address_zip+proximity,0.0,1
PH:FL054001,PH:FL054000001,FL054,address_zip,,1
PH:FL056003,PH:FL056000011,FL056,address_zip+proximity,0.0,1
PH:FL056005,PH:FL056000008,FL056,address_zip+proximity,39.5,1
PH:FL057004,PH:FL057000014,FL057,address_zip+proximity,0.0,1
PH:FL057005,PH:FL057000015,FL057,address_zip,,1
PH:FL060001,PH:FL060000002,FL060,proximity,12.8,1
PH:FL062004,PH:FL062000004,FL062,proximity,2.7,1
PH:FL063002,PH:FL063000002,FL063,address_zip+proximity,3.3,1
PH:FL063007,PH:FL063000001,FL063,address_zip+proximity,27.9,1
PH:FL065001,PH:FL065000001,FL065,proximity,10.3,1
PH:FL066001,PH:FL066000010,FL066,address_zip+proximity,0.9,1
PH:FL066003,PH:FL066000020,FL066,address_zip+proximity,12.3,1
PH:FL066006,PH:FL066000030,FL066,address_zip+proximity,2.9,1
PH:FL066008,PH:FL066000060,FL066,address_zip+proximity,30.7,1
PH:FL066016,PH:FL066000070,FL066,address_zip+proximity,12.8,1
PH:FL066020,PH:FL066000080,FL066,address_zip+proximity,32.2,1
PH:FL066021,PH:FL066000040,FL066,address_zip+proximity,3.5,1
PH:FL070002,PH:FL070000001,FL070,address_zip,,1
PH:FL071001,PH:FL071000001,FL071,address_zip+proximity,20.7,1
PH:FL073001,PH:FL073000001,FL073,address_zip,,1
PH:FL073002,PH:FL073000002,FL073,address_zip,,1
PH:FL073003,PH:FL073000001,FL073,address_zip,,1
PH:FL074001,PH:FL074000001,FL074,address_zip+proximity,1.9,1
PH:FL075001,PH:FL075000001,FL075,address_zip,,1
PH:FL076001,PH:FL076000003,FL076,address_zip,,1
PH:FL080004,PH:FL080000002,FL080,address_zip,,1
PH:FL080006,PH:FL080000006,FL080,proximity,5.7,1
PH:FL081002,PH:FL081081001,FL081,address_zip,,1
PH:FL082001,PH:FL082000001,FL082,address_zip,,1
PH:FL105001,PH:FL105000001,FL105,address_zip+proximity,43.6,1
PH:FL116001,PH:FL116000715,FL116,address_zip+proximity,0.0,1
PH:FL119001,PH:FL119000001,FL119,address_zip+proximity,3.5,1
PH:FL119002,PH:FL119000001,FL119,address_zip+proximity,3.5,1
PH:FL128003,PH:FL128000001,FL128,proximity,45.6,1
PH:FL136005,PH:FL136000001,FL136,proximity,34.0,1
PH:FL144002,PH:FL144000001,FL144,address_zip+proximity,10.5,1
PH:GA001001,PH:GA001000010,GA001,proximity,5.7,1
PH:GA001005,PH:GA001000050,GA001,proximity,16.8,1
PH:GA001006,PH:GA001000060,GA001,proximity,39.5,1
PH:GA001007,PH:GA001000071,GA001,address_zip,,1
PH:GA001009,PH:GA001000090,GA001,address_zip,,1
PH:GA001010,PH:GA001000100,GA001,address_zip+proximity,39.7,1
PH:GA001012,PH:GA001000120,GA001,address_zip,,1
PH:GA001016,PH:GA001000160,GA001,address_zip+proximity,23.1,1
PH:GA002002,PH:GA002000006,GA002,proximity,10.2,1
PH:GA002012B,PH:GA002000004,GA002,address_zip+proximity,4.9,1
PH:GA002016,PH:GA002000003,GA002,address_zip,,1
PH:GA003002,PH:GA003000002,GA003,address_zip,,1
PH:GA003003,PH:GA003000003,GA003,address_zip+proximity,4.0,1
PH:GA003008,PH:GA003000008,GA003,address_zip+proximity,20.6,1
PH:GA003009,PH:GA003000009,GA003,address_zip+proximity,32.1,1
PH:GA003011,PH:GA003000011,GA003,proximity,0.0,1
PH:GA004002,PH:GA004000402,GA004,address_zip+proximity,4.9,1
PH:GA004006,PH:GA004000406,GA004,address_zip+proximity,30.6,1
PH:GA004007,PH:GA004000407,GA004,address_zip,,1
PH:GA004008,PH:GA004000408,GA004,address_zip,,1
PH:GA004010,PH:GA004000410,GA004,address_zip,,1
PH:GA004011,PH:GA004000405,GA004,address_zip+proximity,32.5,1
PH:GA004012,PH:GA004000412,GA004,address_zip,,1
PH:GA004013,PH:GA004000416,GA004,address_zip,,1
PH:GA004018,PH:GA004000418,GA004,proximity,27.8,1
PH:GA006004,PH:GA006001110,GA006,proximity,14.3,1
PH:GA006005R2,PH:GA006000592,GA006,address_zip+proximity,0.0,1
PH:GA006011,PH:GA006001040,GA006,proximity,49.4,1
PH:GA006012,PH:GA006000120,GA006,address_zip+proximity,0.0,1
PH:GA006013,PH:GA006001030,GA006,proximity,17.4,1
PH:GA006014,PH:GA006000140,GA006,address_zip+proximity,3.8,1
PH:GA006017,PH:GA006000170,GA006,address_zip+proximity,0.0,1
PH:GA006020,PH:GA006000200,GA006,address_zip+proximity,0.0,1
PH:GA006024,PH:GA006000241,GA006,address_zip,,1
PH:GA006025,PH:GA006000250,GA006,address_zip+proximity,24.4,1
PH:GA006026,PH:GA006001040,GA006,proximity,28.8,1
PH:GA006027,PH:GA006000270,GA006,address_zip+proximity,0.0,1
PH:GA006028,PH:GA006000280,GA006,address_zip+proximity,0.0,1
PH:GA006030,PH:GA006000300,GA006,address_zip,,1
PH:GA006043,PH:GA006000430,GA006,address_zip+proximity,40.1,1
PH:GA006044,PH:GA006000440,GA006,address_zip+proximity,4.8,1
PH:GA006045,PH:GA006000450,GA006,address_zip,,1
PH:GA006047,PH:GA006000470,GA006,address_zip+proximity,23.3,1
PH:GA006048,PH:GA006000480,GA006,address_zip+proximity,25.8,1
PH:GA006052,PH:GA006000520,GA006,address_zip+proximity,0.4,1
PH:GA006053,PH:GA006000530,GA006,address_zip+proximity,11.6,1
PH:GA006054,PH:GA006000540,GA006,address_zip+proximity,41.2,1
PH:GA006056,PH:GA006000560,GA006,address_zip,,1
PH:GA006058,PH:GA006000580,GA006,address_zip,,1
PH:GA006061,PH:GA006000800,GA006,address_zip,,1
PH:GA006065,PH:GA006000650,GA006,address_zip+proximity,0.0,3
PH:GA006065,PH:GA006000300,GA006,proximity,40.3,3
PH:GA006065,PH:GA006000780,GA006,proximity,48.1,3
PH:GA006077D,PH:GA006000773,GA006,address_zip+proximity,1.3,1
PH:GA006078,PH:GA006000780,GA006,address_zip+proximity,0.0,3
PH:GA006078,PH:GA006000300,GA006,proximity,45.3,3
PH:GA006078,PH:GA006000650,GA006,proximity,48.1,3
PH:GA006080,PH:GA006000610,GA006,address_zip+proximity,0.0,1
PH:GA006081,PH:GA006000810,GA006,proximity,0.1,1
PH:GA006083,PH:GA006000830,GA006,address_zip+proximity,0.7,3
PH:GA006083,PH:GA006000870,GA006,address_zip+proximity,0.7,3
PH:GA006083,PH:GA006000900,GA006,address_zip+proximity,0.7,3
PH:GA006084,PH:GA006000840,GA006,address_zip+proximity,4.6,1
PH:GA006085,PH:GA006000850,GA006,address_zip,,3
PH:GA006085,PH:GA006000880,GA006,address_zip,,3
PH:GA006085,PH:GA006000910,GA006,address_zip,,3
PH:GA006086,PH:GA006000860,GA006,address_zip+proximity,3.2,1
PH:GA006087,PH:GA006000830,GA006,address_zip+proximity,0.7,3
PH:GA006087,PH:GA006000870,GA006,address_zip+proximity,0.7,3
PH:GA006087,PH:GA006000900,GA006,address_zip+proximity,0.7,3
PH:GA006089,PH:GA006000890,GA006,address_zip,,1
PH:GA006090,PH:GA006000830,GA006,address_zip+proximity,0.7,3
PH:GA006090,PH:GA006000870,GA006,address_zip+proximity,0.7,3
PH:GA006090,PH:GA006000900,GA006,address_zip+proximity,0.7,3
PH:GA006091,PH:GA006000850,GA006,address_zip,,3
PH:GA006091,PH:GA006000880,GA006,address_zip,,3
PH:GA006091,PH:GA006000910,GA006,address_zip,,3
PH:GA006092,PH:GA006000920,GA006,address_zip+proximity,17.6,1
PH:GA006093,PH:GA006000930,GA006,address_zip,,1
PH:GA006094,PH:GA006000940,GA006,address_zip,,1
PH:GA006098,PH:GA006000850,GA006,address_zip,,3
PH:GA006098,PH:GA006000880,GA006,address_zip,,3
PH:GA006098,PH:GA006000910,GA006,address_zip,,3
PH:GA007002,PH:GA007000001,GA007,address_zip+proximity,20.5,1
PH:GA007002A,PH:GA007000001,GA007,address_zip+proximity,20.5,1
PH:GA007005,PH:GA007000002,GA007,address_zip+proximity,43.4,1
PH:GA007007,PH:GA007000004,GA007,proximity,0.7,1
PH:GA007010,PH:GA007000005,GA007,address_zip+proximity,1.0,1
PH:GA007011,PH:GA007000006,GA007,address_zip+proximity,7.2,1
PH:GA007014,PH:GA007000007,GA007,proximity,43.2,1
PH:GA007025,PH:GA007000008,GA007,address_zip+proximity,1.5,1
PH:GA009002,PH:GA009000002,GA009,proximity,48.4,1
PH:GA009004,PH:GA009000002,GA009,address_zip,,1
PH:GA010002,PH:GA010000002,GA010,address_zip+proximity,0.0,1
PH:GA010004,PH:GA010000004,GA010,address_zip+proximity,0.1,1
PH:GA010008,PH:GA010000008,GA010,address_zip+proximity,0.0,1
PH:GA011001,PH:GA011000001,GA011,proximity,48.8,1
PH:GA011002,PH:GA011000001,GA011,address_zip+proximity,0.7,1
PH:GA023001,PH:GA023000001,GA023,address_zip+proximity,0.0,1
PH:GA023004,PH:GA023000002,GA023,proximity,10.7,1
PH:GA023009,PH:GA023000004,GA023,address_zip,,1
PH:GA023010,PH:GA023000003,GA023,address_zip+proximity,2.1,1
PH:GA023011,PH:GA023000005,GA023,proximity,10.8,1
PH:GA023021,PH:GA023000006,GA023,address_zip+proximity,0.0,1
PH:GA025001,PH:GA025000123,GA025,address_zip+proximity,4.0,1
PH:GA026002,PH:GA026000002,GA026,proximity,30.3,1
PH:GA028001,PH:GA028000001,GA028,address_zip,,1
PH:GA028003,PH:GA028000002,GA028,proximity,25.0,1
PH:GA059003,PH:GA059000001,GA059,address_zip,,1
PH:GA061001,PH:GA061000101,GA061,address_zip,,1
PH:GA061002,PH:GA061000102,GA061,address_zip,,1
PH:GA061005,PH:GA061000105,GA061,address_zip+proximity,0.0,1
PH:GA062006,PH:GA062000004,GA062,address_zip,,1
PH:GA062009,PH:GA062000005,GA062,address_zip,,1
PH:GA063001,PH:GA063000001,GA063,address_zip,,1
PH:GA063002,PH:GA063000002,GA063,address_zip,,1
PH:GA063005,PH:GA063000004,GA063,address_zip,,1
PH:GA063006,PH:GA063000003,GA063,address_zip+proximity,7.7,1
PH:GA064007,PH:GA064000002,GA064,address_zip+proximity,5.9,1
PH:GA066003,PH:GA066000001,GA066,proximity,7.3,1
PH:GA067001,PH:GA067000123,GA067,address_zip+proximity,39.5,1
PH:GA069002,PH:GA069000200,GA069,address_zip,,1
PH:GA069003,PH:GA069000100,GA069,proximity,29.6,1
PH:GA069005,PH:GA069000100,GA069,proximity,29.6,1
PH:GA069007,PH:GA069000100,GA069,proximity,29.6,1
PH:GA069009,PH:GA069000300,GA069,proximity,15.7,1
PH:GA071001,PH:GA071000001,GA071,address_zip,,1
PH:GA071003,PH:GA071000001,GA071,address_zip,,1
PH:GA076002,PH:GA076000002,GA076,address_zip+proximity,1.5,1
PH:GA076010,PH:GA076000001,GA076,address_zip,,1
PH:GA077001,PH:GA077000775,GA077,address_zip,,1
PH:GA078001,PH:GA078000001,GA078,proximity,36.3,1
PH:GA078004,PH:GA078000002,GA078,address_zip,,1
PH:GA081001,PH:GA081000001,GA081,address_zip+proximity,32.1,1
PH:GA082001,PH:GA082000001,GA082,address_zip+proximity,0.0,1
PH:GA082003,PH:GA082000001,GA082,proximity,43.5,1
PH:GA083003,PH:GA083000001,GA083,address_zip+proximity,7.5,1
PH:GA084003,PH:GA084000001,GA084,address_zip,,1
PH:GA085003,PH:GA085000001,GA085,address_zip+proximity,22.4,1
PH:GA086002,PH:GA086000001,GA086,proximity,27.4,1
PH:GA086004,PH:GA086000001,GA086,proximity,43.9,1
PH:GA087002,PH:GA087000001,GA087,address_zip,,1
PH:GA088001,PH:GA088000001,GA088,proximity,46.3,1
PH:GA090001,PH:GA090000001,GA090,address_zip,,1
PH:GA093001,PH:GA093000001,GA093,proximity,15.6,1
PH:GA095002,PH:GA095000003,GA095,proximity,25.1,1
PH:GA096001,PH:GA096000002,GA096,address_zip+proximity,4.4,1
PH:GA098001,PH:GA098000001,GA098,address_zip,,1
PH:GA100001,PH:GA100000001,GA100,address_zip+proximity,17.8,1
PH:GA100002,PH:GA100000002,GA100,address_zip,,2
PH:GA100002,PH:GA100000003,GA100,address_zip,,2
PH:GA100003,PH:GA100000001,GA100,address_zip+proximity,17.8,1
PH:GA100004,PH:GA100000002,GA100,address_zip,,2
PH:GA100004,PH:GA100000003,GA100,address_zip,,2
PH:GA100005,PH:GA100000004,GA100,address_zip,,1
PH:GA101001,PH:GA101000001,GA101,address_zip+proximity,49.2,1
PH:GA101007,PH:GA101000003,GA101,address_zip+proximity,27.3,1
PH:GA103001,PH:GA103000001,GA103,address_zip+proximity,0.5,1
PH:GA104005,PH:GA104000002,GA104,proximity,5.2,1
PH:GA104007,PH:GA104000001,GA104,proximity,15.0,1
PH:GA105002,PH:GA105000105,GA105,address_zip,,1
PH:GA106004,PH:GA106100000,GA106,address_zip+proximity,0.0,1
PH:GA107001,PH:GA107000001,GA107,address_zip,,1
PH:GA108002,PH:GA108000033,GA108,address_zip+proximity,26.5,1
PH:GA110001,PH:GA110000001,GA110,address_zip,,1
PH:GA111001,PH:GA111000001,GA111,address_zip+proximity,40.0,1
PH:GA114004,PH:GA114000001,GA114,address_zip,,1
PH:GA115004,PH:GA115000001,GA115,address_zip,,1
PH:GA116001,PH:GA116000001,GA116,address_zip,,1
PH:GA116005,PH:GA116000002,GA116,proximity,34.6,1
PH:GA117002,PH:GA117000001,GA117,address_zip,,1
PH:GA118001,PH:GA118000001,GA118,address_zip,,1
PH:GA119004,PH:GA119000001,GA119,address_zip,,1
PH:GA120001,PH:GA120000001,GA120,address_zip+proximity,37.5,1
PH:GA123001,PH:GA123000001,GA123,proximity,0.0,1
PH:GA123002,PH:GA123000001,GA123,proximity,0.0,1
PH:GA123003,PH:GA123000001,GA123,proximity,0.0,1
PH:GA123004,PH:GA123000001,GA123,proximity,0.0,1
PH:GA125001,PH:GA125000001,GA125,address_zip,,1
PH:GA126001,PH:GA126000001,GA126,address_zip,,1
PH:GA127004,PH:GA127000001,GA127,address_zip+proximity,8.4,1
PH:GA128004,PH:GA128000001,GA128,proximity,0.7,1
PH:GA131001,PH:GA131000001,GA131,address_zip,,1
PH:GA133003,PH:GA133000002,GA133,address_zip,,1
PH:GA133005,PH:GA133000003,GA133,proximity,21.9,1
PH:GA133006,PH:GA133000001,GA133,proximity,18.2,1
PH:GA134001,PH:GA134000001,GA134,proximity,3.3,1
PH:GA137001,PH:GA137000001,GA137,address_zip,,1
PH:GA144006,PH:GA144000001,GA144,proximity,5.8,1
PH:GA155001,PH:GA155000001,GA155,address_zip+proximity,0.0,1
PH:GA158001,PH:GA158000001,GA158,address_zip,,1
PH:GA160002,PH:GA160000004,GA160,proximity,47.4,1
PH:GA160004,PH:GA160000003,GA160,proximity,3.1,1
PH:GA160005,PH:GA160000001,GA160,proximity,44.6,1
PH:GA161001,PH:GA161000001,GA161,address_zip,,1
PH:GA162004,PH:GA162000001,GA162,address_zip,,1
PH:GA163002,PH:GA163000001,GA163,address_zip+proximity,0.0,1
PH:GA169002,PH:GA169000001,GA169,address_zip+proximity,14.4,1
PH:GA170001,PH:GA170000001,GA170,address_zip,,1
PH:GA170008,PH:GA170000002,GA170,proximity,5.8,1
PH:GA171001,PH:GA171000001,GA171,proximity,8.8,1
PH:GA174001,PH:GA174000001,GA174,address_zip+proximity,6.0,1
PH:GA175001,PH:GA175000007,GA175,address_zip,,1
PH:GA176002,PH:GA176000001,GA176,address_zip,,1
PH:GA177001,PH:GA177000001,GA177,address_zip+proximity,26.4,1
PH:GA178002,PH:GA178000001,GA178,address_zip,,1
PH:GA180001,PH:GA180000001,GA180,address_zip+proximity,45.2,1
PH:GA181002,PH:GA181000001,GA181,proximity,14.7,1
PH:GA182001,PH:GA182000001,GA182,proximity,29.8,1
PH:GA182002,PH:GA182000001,GA182,address_zip,,1
PH:GA182003,PH:GA182000001,GA182,proximity,45.6,1
PH:GA183004,PH:GA183000004,GA183,address_zip+proximity,0.0,1
PH:GA183005,PH:GA183000002,GA183,address_zip+proximity,0.0,1
PH:GA183008,PH:GA183000008,GA183,address_zip+proximity,0.0,1
PH:GA184006,PH:GA184000002,GA184,address_zip+proximity,5.8,1
PH:GA186001,PH:GA186000005,GA186,address_zip+proximity,17.6,1
PH:GA187001,PH:GA187000001,GA187,address_zip,,1
PH:GA188001,PH:GA188000004,GA188,address_zip+proximity,7.0,1
PH:GA190001,PH:GA190000001,GA190,address_zip,,1
PH:GA191001,PH:GA191706486,GA191,address_zip+proximity,10.2,1
PH:GA192001,PH:GA192000001,GA192,proximity,48.1,1
PH:GA193001,PH:GA193000001,GA193,address_zip+proximity,4.5,1
PH:GA195003,PH:GA195000001,GA195,address_zip+proximity,3.4,1
PH:GA196003,PH:GA196000001,GA196,address_zip,,1
PH:GA197001,PH:GA197000001,GA197,address_zip+proximity,7.1,1
PH:GA198003,PH:GA198000001,GA198,address_zip,,1
PH:GA199003,PH:GA199000001,GA199,address_zip+proximity,15.4,1
PH:GA200002,PH:GA200000002,GA200,proximity,6.6,1
PH:GA200008,PH:GA200000001,GA200,address_zip,,1
PH:GA201002,PH:GA201000001,GA201,proximity,34.2,1
PH:GA202002,PH:GA202000001,GA202,address_zip,,1
PH:GA203001,PH:GA203000001,GA203,address_zip,,1
PH:GA205001,PH:GA205000001,GA205,proximity,10.8,1
PH:GA206002,PH:GA206000001,GA206,address_zip,,1
PH:GA207001,PH:GA207000001,GA207,address_zip+proximity,2.0,1
PH:GA208001,PH:GA208000001,GA208,address_zip+proximity,10.5,1
PH:GA211001,PH:GA211000001,GA211,proximity,33.7,1
PH:GA211002,PH:GA211000001,GA211,address_zip,,1
PH:GA214002,PH:GA214000001,GA214,address_zip,,1
PH:GA217001,PH:GA217000001,GA217,proximity,11.9,1
PH:GA218001,PH:GA218000001,GA218,address_zip+proximity,6.0,1
PH:GA221003,PH:GA221000001,GA221,proximity,36.7,1
PH:GA233003,PH:GA233000001,GA233,address_zip+proximity,13.8,1
PH:GA241003,PH:GA241000001,GA241,address_zip,,1
PH:GA243001,PH:GA243000001,GA243,address_zip,,1
PH:GA244001,PH:GA244000001,GA244,address_zip,,1
PH:GA246001,PH:GA246000001,GA246,address_zip+proximity,10.6,1
PH:GA247002,PH:GA247000002,GA247,address_zip,,1
PH:GA254001,PH:GA254000001,GA254,address_zip+proximity,28.6,1
PH:GA263001,PH:GA263000001,GA263,proximity,27.6,1
PH:GA280004,PH:GA280000001,GA280,proximity,16.0,1
PH:GA280006,PH:GA280000003,GA280,address_zip+proximity,0.0,1
PH:GA280008,PH:GA280000002,GA280,proximity,0.0,1
PH:GA281001,PH:GA281000001,GA281,address_zip,,1
PH:GA281002,PH:GA281000003,GA281,address_zip+proximity,0.0,1
PH:GA281008,PH:GA281000005,GA281,address_zip+proximity,0.0,1
PH:GA281009,PH:GA281000004,GA281,address_zip+proximity,0.0,1
PH:GA282001,PH:GA282000001,GA282,proximity,27.0,1
PH:GA282003,PH:GA282000002,GA282,proximity,34.4,1
PH:GA284008,PH:GA284000001,GA284,proximity,16.0,4
PH:GA284008,PH:GA284000003,GA284,proximity,16.0,4
PH:GA284008,PH:GA284000005,GA284,proximity,16.0,4
PH:GA284008,PH:GA284000006,GA284,proximity,16.0,4
PH:GA285503,PH:GA285200102,GA285,address_zip,,1
PH:GA285507,PH:GA285300104,GA285,address_zip+proximity,6.5,1
PH:GA285509,PH:GA285100104,GA285,address_zip+proximity,34.5,1
PH:HI001003,PH:HI001000032,HI001,address_zip+proximity,40.0,1
PH:HI001005,PH:HI001000031,HI001,address_zip+proximity,20.3,1
PH:HI001007,PH:HI001000040,HI001,address_zip+proximity,40.4,1
PH:HI001008,PH:HI001000050,HI001,address_zip,,1
PH:HI001012,PH:HI001000034,HI001,address_zip+proximity,44.8,1
PH:HI001015,PH:HI001000049,HI001,address_zip+proximity,41.4,1
PH:HI001017,PH:HI001000039,HI001,address_zip,,1
PH:HI001023,PH:HI001000038,HI001,address_zip+proximity,11.1,1
PH:HI001024,PH:HI001000035,HI001,address_zip+proximity,5.4,1
PH:HI001029,PH:HI001000037,HI001,address_zip,,1
PH:HI001057,PH:HI001000044,HI001,address_zip+proximity,19.3,1
PH:HI001061,PH:HI001000043,HI001,address_zip,,1
PH:HI001066,PH:HI001000030,HI001,address_zip+proximity,31.0,1
PH:HI001069,PH:HI001000045,HI001,address_zip,,1
PH:HI001099,PH:HI001000033,HI001,address_zip,,1
PH:IA001001,PH:IA001000001,IA001,address_zip+proximity,22.1,1
PH:IA003001,PH:IA003000001,IA003,address_zip,,1
PH:IA004002,PH:IA004000002,IA004,address_zip,,1
PH:IA004003,PH:IA004000003,IA004,proximity,30.9,1
PH:IA005001,PH:IA005000001,IA005,address_zip+proximity,14.8,1
PH:IA006001,PH:IA006000001,IA006,address_zip+proximity,0.0,1
PH:IA007001,PH:IA007000001,IA007,proximity,48.5,1
PH:IA008001,PH:IA008000001,IA008,address_zip+proximity,0.6,1
PH:IA009001,PH:IA009000001,IA009,address_zip+proximity,21.8,1
PH:IA010001,PH:IA010000001,IA010,address_zip+proximity,42.5,1
PH:IA012001,PH:IA012000001,IA012,address_zip,,1
PH:IA013001,PH:IA013320013,IA013,address_zip+proximity,0.0,1
PH:IA014001,PH:IA014000001,IA014,address_zip,,1
PH:IA015001,PH:IA015000001,IA015,address_zip,,1
PH:IA016001,PH:IA016000001,IA016,address_zip,,1
PH:IA017001,PH:IA017000001,IA017,address_zip+proximity,0.0,1
PH:IA019001,PH:IA019000001,IA019,address_zip,,1
PH:IA020002,PH:IA020000001,IA020,address_zip+proximity,0.7,1
PH:IA020003,PH:IA020000002,IA020,address_zip,,1
PH:IA020004,PH:IA020000003,IA020,address_zip+proximity,21.5,1
PH:IA020014,PH:IA020000004,IA020,address_zip+proximity,0.0,1
PH:IA021001,PH:IA021000001,IA021,address_zip+proximity,35.0,1
PH:IA023001,PH:IA023000001,IA023,address_zip,,1
PH:IA023004,PH:IA023000004,IA023,address_zip+proximity,0.8,1
PH:IA025001,PH:IA025000001,IA025,address_zip,,1
PH:IA026001,PH:IA026050854,IA026,address_zip+proximity,13.2,1
PH:IA027001,PH:IA027000001,IA027,address_zip,,1
PH:IA029001,PH:IA029000001,IA029,address_zip+proximity,22.1,1
PH:IA030001,PH:IA030001003,IA030,address_zip,,1
PH:IA032001,PH:IA032000032,IA032,address_zip+proximity,5.6,1
PH:IA034001,PH:IA034000001,IA034,address_zip,,1
PH:IA038004,PH:IA038222222,IA038,proximity,13.0,1
PH:IA042001,PH:IA042000001,IA042,address_zip+proximity,29.6,1
PH:IA044001,PH:IA044000001,IA044,address_zip+proximity,10.0,1
PH:IA045009,PH:IA045000001,IA045,address_zip+proximity,2.5,1
PH:IA046002,PH:IA046000002,IA046,proximity,3.6,1
PH:IA047001,PH:IA047000001,IA047,address_zip,,1
PH:IA049001,PH:IA049000001,IA049,proximity,0.0,1
PH:IA050003,PH:IA050000050,IA050,address_zip,,1
PH:IA079001,PH:IA079000001,IA079,address_zip,,1
PH:IA107002,PH:IA107000001,IA107,address_zip,,1
PH:IA114001,PH:IA114000001,IA114,address_zip,,1
PH:IA117004,PH:IA117000001,IA117,address_zip+proximity,30.0,1
PH:IA119001,PH:IA119000001,IA119,proximity,29.8,1
PH:IA124001,PH:IA124000001,IA124,address_zip,,1
PH:IA126004,PH:IA126000001,IA126,address_zip,,1
PH:IA127004,PH:IA127000001,IA127,address_zip+proximity,37.7,1
PH:ID001005,PH:ID001000001,ID001,address_zip+proximity,15.2,1
PH:ID002002,PH:ID002000009,ID002,address_zip,,1
PH:ID005001,PH:ID005000001,ID005,address_zip+proximity,11.1,1
PH:ID011001,PH:ID011000001,ID011,address_zip,,1
PH:ID012001,PH:ID012000001,ID012,proximity,29.4,1
PH:ID016001,PH:ID016000016,ID016,address_zip,,1
PH:ID021002,PH:ID021000002,ID021,address_zip+proximity,3.7,1
PH:IL001001,PH:IL001000001,IL001,address_zip+proximity,49.3,1
PH:IL001003,PH:IL001000002,IL001,address_zip+proximity,3.5,1
PH:IL001004,PH:IL001000003,IL001,address_zip,,1
PH:IL001005,PH:IL001000004,IL001,address_zip,,1
PH:IL001007,PH:IL001000005,IL001,address_zip+proximity,5.9,2
PH:IL001007,PH:IL001000007,IL001,address_zip+proximity,5.9,2
PH:IL001008,PH:IL001000006,IL001,proximity,47.1,1
PH:IL001025,PH:IL001000008,IL001,address_zip,,1
PH:IL001026,PH:IL001000003,IL001,address_zip,,1
PH:IL001049,PH:IL001000010,IL001,proximity,18.7,1
PH:IL002002,PH:IL002091000,IL002,proximity,39.8,1
PH:IL002008,PH:IL002040000,IL002,proximity,42.8,1
PH:IL002010,PH:IL002151000,IL002,address_zip+proximity,10.9,1
PH:IL002011,PH:IL002002300,IL002,proximity,10.1,1
PH:IL002014,PH:IL002018100,IL002,address_zip+proximity,4.0,1
PH:IL002015,PH:IL002024000,IL002,proximity,30.8,1
PH:IL002016,PH:IL002016000,IL002,address_zip+proximity,0.0,1
PH:IL002020,PH:IL002089000,IL002,address_zip+proximity,0.0,1
PH:IL002027,PH:IL002093000,IL002,address_zip+proximity,0.5,1
PH:IL002030,PH:IL002004000,IL002,address_zip+proximity,0.0,3
PH:IL002030,PH:IL002028000,IL002,proximity,25.3,3
PH:IL002030,PH:IL002109000,IL002,proximity,48.6,3
PH:IL002032,PH:IL002078000,IL002,address_zip+proximity,13.4,1
PH:IL002040,PH:IL002054000,IL002,address_zip+proximity,1.9,1
PH:IL002041,PH:IL002077000,IL002,address_zip+proximity,0.0,1
PH:IL002042C,PH:IL002003000,IL002,address_zip+proximity,30.9,1
PH:IL002042F,PH:IL002044000,IL002,address_zip+proximity,37.8,1
PH:IL002042G,PH:IL002066000,IL002,address_zip+proximity,33.1,1
PH:IL002042H,PH:IL002070000,IL002,address_zip,,1
PH:IL002043,PH:IL002042000,IL002,address_zip,,1
PH:IL002044A,PH:IL002046000,IL002,address_zip+proximity,23.3,1
PH:IL002044B,PH:IL002067000,IL002,address_zip+proximity,3.8,1
PH:IL002044C,PH:IL002062000,IL002,address_zip,,1
PH:IL002044D,PH:IL002057000,IL002,address_zip+proximity,7.7,1
PH:IL002045A,PH:IL002050000,IL002,address_zip+proximity,43.1,1
PH:IL002045B,PH:IL002048000,IL002,address_zip+proximity,12.0,1
PH:IL002046A,PH:IL002135000,IL002,address_zip,,1
PH:IL002046B,PH:IL002100000,IL002,address_zip+proximity,5.0,1
PH:IL002047,PH:IL002084000,IL002,address_zip+proximity,24.9,1
PH:IL002048,PH:IL002144000,IL002,address_zip+proximity,3.1,1
PH:IL002049,PH:IL002081000,IL002,address_zip,,1
PH:IL002050,PH:IL002072000,IL002,address_zip+proximity,44.2,1
PH:IL002051,PH:IL002071000,IL002,address_zip+proximity,0.0,1
PH:IL002052,PH:IL002082000,IL002,address_zip+proximity,46.8,1
PH:IL002053,PH:IL002086000,IL002,address_zip,,1
PH:IL002055,PH:IL002083000,IL002,address_zip+proximity,9.1,1
PH:IL002056,PH:IL002060000,IL002,address_zip+proximity,4.9,1
PH:IL002057,PH:IL002079000,IL002,address_zip+proximity,45.9,1
PH:IL002058,PH:IL002055000,IL002,address_zip+proximity,6.8,1
PH:IL002060,PH:IL002080000,IL002,address_zip+proximity,11.2,1
PH:IL002063,PH:IL002052000,IL002,address_zip+proximity,0.0,2
PH:IL002063,PH:IL002052100,IL002,address_zip+proximity,2.4,2
PH:IL002064,PH:IL002035000,IL002,proximity,7.0,1
PH:IL002066,PH:IL002055000,IL002,proximity,27.4,1
PH:IL002067,PH:IL002043000,IL002,proximity,2.1,1
PH:IL002068,PH:IL002068000,IL002,address_zip+proximity,11.6,1
PH:IL002071,PH:IL002073000,IL002,address_zip+proximity,0.0,1
PH:IL002072,PH:IL002074000,IL002,address_zip+proximity,49.3,1
PH:IL002073,PH:IL002076000,IL002,address_zip+proximity,2.2,1
PH:IL002078,PH:IL002061000,IL002,address_zip+proximity,40.5,1
PH:IL002079,PH:IL002064000,IL002,address_zip,,1
PH:IL002080,PH:IL002041000,IL002,address_zip,,1
PH:IL002081,PH:IL002059000,IL002,address_zip+proximity,7.1,1
PH:IL002082,PH:IL002049000,IL002,address_zip+proximity,8.0,1
PH:IL002083,PH:IL002063000,IL002,address_zip+proximity,1.7,1
PH:IL002110,PH:IL002075000,IL002,address_zip+proximity,44.9,1
PH:IL002118,PH:IL002031000,IL002,address_zip+proximity,21.4,1
PH:IL002124,PH:IL002031002,IL002,address_zip+proximity,11.4,2
PH:IL002124,PH:IL002032000,IL002,address_zip+proximity,11.4,2
PH:IL002182,PH:IL002098000,IL002,address_zip+proximity,18.3,1
PH:IL002192,PH:IL002004000,IL002,proximity,22.9,2
PH:IL002192,PH:IL002028000,IL002,proximity,3.5,2
PH:IL002193,PH:IL002105000,IL002,address_zip,,1
PH:IL002208,PH:IL002140000,IL002,address_zip,,1
PH:IL002212,PH:IL002021000,IL002,proximity,18.3,1
PH:IL002214,PH:IL002020000,IL002,proximity,4.0,1
PH:IL002215,PH:IL002044000,IL002,proximity,9.9,1
PH:IL002216,PH:IL002001000,IL002,proximity,43.1,1
PH:IL002217,PH:IL002107000,IL002,proximity,14.1,1
PH:IL002218,PH:IL002108000,IL002,address_zip+proximity,41.3,1
PH:IL002219,PH:IL002101000,IL002,address_zip+proximity,11.2,3
PH:IL002219,PH:IL002090000,IL002,proximity,44.5,3
PH:IL002219,PH:IL002129000,IL002,proximity,40.6,3
PH:IL002220,PH:IL002019000,IL002,proximity,8.2,1
PH:IL002221,PH:IL002102000,IL002,address_zip+proximity,0.0,2
PH:IL002221,PH:IL002104000,IL002,address_zip+proximity,36.0,2
PH:IL002222,PH:IL002092000,IL002,proximity,46.0,1
PH:IL002223,PH:IL002115000,IL002,address_zip+proximity,9.7,1
PH:IL002224,PH:IL002113000,IL002,address_zip+proximity,15.1,2
PH:IL002224,PH:IL002114000,IL002,proximity,26.3,2
PH:IL002225,PH:IL002117000,IL002,proximity,28.7,1
PH:IL002226,PH:IL002116000,IL002,proximity,14.7,1
PH:IL002227,PH:IL002106000,IL002,address_zip+proximity,3.0,1
PH:IL002228,PH:IL002121000,IL002,address_zip+proximity,1.8,1
PH:IL002231,PH:IL002130000,IL002,address_zip,,1
PH:IL002232,PH:IL002136000,IL002,address_zip+proximity,0.0,1
PH:IL002238,PH:IL002123000,IL002,address_zip+proximity,0.0,1
PH:IL003002,PH:IL003000011,IL003,proximity,42.9,1
PH:IL003007,PH:IL003000005,IL003,address_zip,,1
PH:IL003010,PH:IL003000003,IL003,address_zip+proximity,38.3,1
PH:IL003013,PH:IL003000007,IL003,address_zip,,1
PH:IL003016,PH:IL003000008,IL003,proximity,7.2,1
PH:IL004003,PH:IL004000009,IL004,proximity,27.3,1
PH:IL004006,PH:IL004000009,IL004,address_zip+proximity,0.0,1
PH:IL004009,PH:IL004000003,IL004,address_zip+proximity,6.7,1
PH:IL004012,PH:IL004000001,IL004,address_zip+proximity,3.6,1
PH:IL005001,PH:IL005000008,IL005,proximity,29.9,2
PH:IL005001,PH:IL005000010,IL005,proximity,48.9,2
PH:IL005002,PH:IL005000001,IL005,proximity,36.1,1
PH:IL005003,PH:IL005000004,IL005,proximity,37.5,2
PH:IL005003,PH:IL005000005,IL005,proximity,48.0,2
PH:IL005005,PH:IL005000004,IL005,proximity,49.4,2
PH:IL005005,PH:IL005000005,IL005,proximity,48.1,2
PH:IL006006,PH:IL006000006,IL006,address_zip+proximity,0.0,1
PH:IL006007,PH:IL006000001,IL006,address_zip,,1
PH:IL006008,PH:IL006000004,IL006,address_zip+proximity,0.0,1
PH:IL006012,PH:IL006000002,IL006,address_zip+proximity,46.1,1
PH:IL006013,PH:IL006000003,IL006,address_zip+proximity,0.0,1
PH:IL007002,PH:IL007000001,IL007,proximity,37.7,1
PH:IL007003,PH:IL007000002,IL007,address_zip+proximity,0.0,1
PH:IL007004,PH:IL007000003,IL007,address_zip,,1
PH:IL009002,PH:IL009000001,IL009,address_zip+proximity,17.7,1
PH:IL009004,PH:IL009000002,IL009,address_zip+proximity,12.5,1
PH:IL010001,PH:IL010000001,IL010,proximity,40.7,1
PH:IL010007,PH:IL010000007,IL010,address_zip+proximity,35.3,1
PH:IL010012,PH:IL010000012,IL010,address_zip,,1
PH:IL011005,PH:IL011000102,IL011,address_zip+proximity,18.4,1
PH:IL011006,PH:IL011000103,IL011,address_zip,,1
PH:IL012002,PH:IL012000022,IL012,address_zip+proximity,0.0,1
PH:IL012003,PH:IL012000023,IL012,address_zip,,1
PH:IL012006,PH:IL012000024,IL012,address_zip+proximity,21.2,1
PH:IL012007,PH:IL012000024,IL012,proximity,21.1,1
PH:IL012009,PH:IL012000028,IL012,address_zip+proximity,23.9,1
PH:IL012015,PH:IL012000016,IL012,proximity,49.8,1
PH:IL014011,PH:IL014000003,IL014,address_zip+proximity,0.0,1
PH:IL014012,PH:IL014000002,IL014,proximity,24.6,1
PH:IL014015,PH:IL014000002,IL014,address_zip+proximity,0.0,1
PH:IL014026,PH:IL014000001,IL014,address_zip+proximity,18.4,1
PH:IL015011,PH:IL015000611,IL015,address_zip+proximity,0.0,1
PH:IL015012,PH:IL015000700,IL015,proximity,36.2,1
PH:IL016004,PH:IL016000003,IL016,address_zip+proximity,1.3,1
PH:IL018003,PH:IL018000023,IL018,proximity,4.6,1
PH:IL018004,PH:IL018000004,IL018,address_zip,,1
PH:IL018006,PH:IL018000006,IL018,address_zip,,1
PH:IL020002,PH:IL020000825,IL020,address_zip+proximity,8.2,1
PH:IL022001,PH:IL022000001,IL022,proximity,42.1,1
PH:IL022003,PH:IL022000003,IL022,address_zip+proximity,0.0,1
PH:IL022004,PH:IL022000414,IL022,address_zip,,1
PH:IL022005,PH:IL022005152,IL022,address_zip,,1
PH:IL022006,PH:IL022000006,IL022,address_zip+proximity,1.3,1
PH:IL022007,PH:IL022000007,IL022,address_zip,,1
PH:IL022009,PH:IL022000009,IL022,address_zip+proximity,7.9,1
PH:IL024001,PH:IL024000001,IL024,proximity,13.3,1
PH:IL024003,PH:IL024000003,IL024,proximity,14.7,1
PH:IL024004,PH:IL024000005,IL024,address_zip+proximity,0.8,2
PH:IL024004,PH:IL024000004,IL024,proximity,27.3,2
PH:IL024006,PH:IL024000008,IL024,address_zip,,1
PH:IL025001,PH:IL025000001,IL025,proximity,5.3,1
PH:IL025002,PH:IL025000002,IL025,proximity,14.4,1
PH:IL025003,PH:IL025000003,IL025,proximity,4.2,1
PH:IL025004,PH:IL025000004,IL025,proximity,49.9,1
PH:IL025006,PH:IL025000006,IL025,proximity,3.8,1
PH:IL025007,PH:IL025000007,IL025,address_zip+proximity,12.6,1
PH:IL025009,PH:IL025000022,IL025,proximity,0.3,1
PH:IL025011,PH:IL025000011,IL025,address_zip,,1
PH:IL025012,PH:IL025000012,IL025,proximity,0.5,1
PH:IL025013,PH:IL025000009,IL025,address_zip+proximity,1.1,2
PH:IL025013,PH:IL025000013,IL025,address_zip+proximity,0.0,2
PH:IL025015,PH:IL025000015,IL025,address_zip+proximity,46.8,1
PH:IL025019,PH:IL025000019,IL025,address_zip+proximity,8.6,1
PH:IL025020,PH:IL025000018,IL025,address_zip+proximity,46.1,2
PH:IL025020,PH:IL025000020,IL025,address_zip+proximity,0.0,2
PH:IL025022,PH:IL025000022,IL025,address_zip+proximity,0.0,1
PH:IL025024,PH:IL025000008,IL025,address_zip+proximity,6.0,2
PH:IL025024,PH:IL025000024,IL025,address_zip+proximity,0.0,2
PH:IL025030,PH:IL025000023,IL025,address_zip,,2
PH:IL025030,PH:IL025000030,IL025,address_zip+proximity,0.0,2
PH:IL025031,PH:IL025000031,IL025,address_zip+proximity,0.0,1
PH:IL026001,PH:IL026000001,IL026,address_zip,,1
PH:IL026002,PH:IL026000002,IL026,address_zip+proximity,0.8,1
PH:IL026003,PH:IL026000003,IL026,address_zip+proximity,0.0,1
PH:IL026006,PH:IL026000006,IL026,address_zip+proximity,25.2,1
PH:IL027001,PH:IL027000001,IL027,proximity,0.0,1
PH:IL028003,PH:IL028111111,IL028,address_zip+proximity,0.0,1
PH:IL029002,PH:IL029000002,IL029,address_zip+proximity,0.0,1
PH:IL029005,PH:IL029000001,IL029,address_zip+proximity,0.0,1
PH:IL029006,PH:IL029000003,IL029,address_zip+proximity,0.0,1
PH:IL030002,PH:IL030000006,IL030,proximity,17.8,2
PH:IL030002,PH:IL030000062,IL030,proximity,49.8,2
PH:IL030006,PH:IL030000032,IL030,address_zip+proximity,0.0,1
PH:IL030007,PH:IL030000006,IL030,address_zip+proximity,37.1,2
PH:IL030007,PH:IL030000062,IL030,address_zip,,2
PH:IL030008,PH:IL030000031,IL030,address_zip+proximity,20.0,1
PH:IL030010,PH:IL030000002,IL030,proximity,27.6,2
PH:IL030010,PH:IL030000021,IL030,proximity,24.5,2
PH:IL030016,PH:IL030000004,IL030,address_zip+proximity,36.2,2
PH:IL030016,PH:IL030000051,IL030,address_zip+proximity,33.0,2
PH:IL030017,PH:IL030000005,IL030,proximity,18.0,2
PH:IL030017,PH:IL030000061,IL030,proximity,18.0,2
PH:IL030020,PH:IL030000032,IL030,proximity,47.4,1
PH:IL030027,PH:IL030000052,IL030,proximity,0.6,1
PH:IL031003,PH:IL031000001,IL031,address_zip+proximity,0.0,1
PH:IL032003,PH:IL032000002,IL032,address_zip+proximity,42.5,1
PH:IL034001,PH:IL034000001,IL034,address_zip+proximity,2.2,1
PH:IL035001,PH:IL035000001,IL035,proximity,29.4,1
PH:IL035005,PH:IL035000002,IL035,address_zip,,1
PH:IL036005,PH:IL036000002,IL036,proximity,0.0,1
PH:IL036008,PH:IL036000001,IL036,address_zip+proximity,36.2,1
PH:IL037002,PH:IL037000001,IL037,proximity,44.0,1
PH:IL037005,PH:IL037000002,IL037,proximity,26.7,1
PH:IL038003,PH:IL038000002,IL038,address_zip+proximity,0.0,1
PH:IL038008,PH:IL038000008,IL038,address_zip+proximity,0.0,1
PH:IL038011,PH:IL038000001,IL038,address_zip+proximity,0.0,1
PH:IL039004,PH:IL039000001,IL039,address_zip,,1
PH:IL039006,PH:IL039000002,IL039,address_zip+proximity,8.2,1
PH:IL039007,PH:IL039000003,IL039,proximity,13.9,1
PH:IL040002,PH:IL040000001,IL040,address_zip,,1
PH:IL041007,PH:IL041000001,IL041,address_zip+proximity,2.6,1
PH:IL042001,PH:IL042000001,IL042,address_zip+proximity,48.3,1
PH:IL043001,PH:IL043000002,IL043,address_zip+proximity,15.1,1
PH:IL043007,PH:IL043000001,IL043,address_zip+proximity,0.0,1
PH:IL044002,PH:IL044000001,IL044,address_zip+proximity,28.3,1
PH:IL045002,PH:IL045000001,IL045,address_zip+proximity,0.0,1
PH:IL046003,PH:IL046000001,IL046,address_zip+proximity,23.1,1
PH:IL047012,PH:IL047000100,IL047,address_zip+proximity,14.6,2
PH:IL047012,PH:IL047000200,IL047,address_zip+proximity,0.0,2
PH:IL048010,PH:IL048300095,IL048,address_zip,,1
PH:IL048012,PH:IL048200150,IL048,address_zip+proximity,11.9,1
PH:IL049001,PH:IL049000001,IL049,address_zip+proximity,4.6,1
PH:IL050015,PH:IL050000001,IL050,address_zip+proximity,0.0,1
PH:IL050016,PH:IL050000003,IL050,address_zip+proximity,0.6,1
PH:IL050018,PH:IL050000002,IL050,address_zip,,1
PH:IL051003,PH:IL051000003,IL051,address_zip+proximity,0.3,1
PH:IL051004,PH:IL051000004,IL051,address_zip+proximity,3.8,1
PH:IL051005,PH:IL051000002,IL051,address_zip+proximity,7.9,1
PH:IL052009,PH:IL052000001,IL052,address_zip+proximity,29.3,1
PH:IL053003,PH:IL053000003,IL053,proximity,30.2,1
PH:IL053007,PH:IL053000005,IL053,address_zip+proximity,0.0,1
PH:IL053008,PH:IL053000006,IL053,address_zip,,1
PH:IL053011,PH:IL053000001,IL053,address_zip,,2
PH:IL053011,PH:IL053000007,IL053,address_zip,,2
PH:IL053012,PH:IL053000002,IL053,address_zip,,2
PH:IL053012,PH:IL053000008,IL053,address_zip,,2
PH:IL053016,PH:IL053000002,IL053,address_zip,,2
PH:IL053016,PH:IL053000008,IL053,address_zip,,2
PH:IL055002,PH:IL055000002,IL055,proximity,0.8,1
PH:IL056002,PH:IL056000002,IL056,address_zip+proximity,3.1,1
PH:IL056004,PH:IL056000003,IL056,address_zip+proximity,3.0,1
PH:IL056015,PH:IL056000005,IL056,proximity,16.8,1
PH:IL056016,PH:IL056000004,IL056,proximity,32.8,1
PH:IL057007,PH:IL057000002,IL057,address_zip,,1
PH:IL057008,PH:IL057000003,IL057,address_zip,,1
PH:IL057009,PH:IL057000001,IL057,address_zip+proximity,30.6,1
PH:IL058001,PH:IL058000001,IL058,address_zip+proximity,15.2,1
PH:IL058002,PH:IL058000001,IL058,proximity,15.2,1
PH:IL058005,PH:IL058000001,IL058,proximity,15.2,1
PH:IL059002,PH:IL059000001,IL059,address_zip,,1
PH:IL059005,PH:IL059000002,IL059,proximity,11.7,1
PH:IL060002,PH:IL060000001,IL060,address_zip+proximity,36.4,1
PH:IL061004,PH:IL061000004,IL061,address_zip+proximity,0.0,1
PH:IL061005,PH:IL061000003,IL061,proximity,28.8,1
PH:IL061006,PH:IL061000002,IL061,proximity,2.3,1
PH:IL061008,PH:IL061000005,IL061,address_zip+proximity,0.0,1
PH:IL062008,PH:IL062000001,IL062,address_zip+proximity,0.0,1
PH:IL063001,PH:IL063000001,IL063,proximity,33.8,1
PH:IL065001,PH:IL065000001,IL065,proximity,49.2,1
PH:IL067007,PH:IL067000017,IL067,proximity,32.1,1
PH:IL067008,PH:IL067000008,IL067,address_zip,,1
PH:IL068004,PH:IL068000001,IL068,address_zip,,1
PH:IL069004,PH:IL069000001,IL069,address_zip,,1
PH:IL070002,PH:IL070000001,IL070,proximity,22.6,1
PH:IL071013,PH:IL071000001,IL071,address_zip,,1
PH:IL074005,PH:IL074000001,IL074,proximity,34.7,1
PH:IL076001,PH:IL076000001,IL076,address_zip+proximity,40.7,1
PH:IL076003,PH:IL076000003,IL076,address_zip,,1
PH:IL078004,PH:IL078000001,IL078,proximity,33.5,1
PH:IL079002,PH:IL079000002,IL079,address_zip,,1
PH:IL079003,PH:IL079000003,IL079,address_zip+proximity,2.8,1
PH:IL080001,PH:IL080000001,IL080,proximity,8.6,1
PH:IL081001,PH:IL081000001,IL081,address_zip,,1
PH:IL082001,PH:IL082000001,IL082,address_zip,,1
PH:IL083002,PH:IL083000002,IL083,address_zip+proximity,0.0,2
PH:IL083002,PH:IL083000006,IL083,address_zip+proximity,34.3,2
PH:IL083007,PH:IL083000007,IL083,address_zip,,1
PH:IL083008,PH:IL083000003,IL083,address_zip+proximity,31.9,1
PH:IL084001,PH:IL084000001,IL084,address_zip,,1
PH:IL084002,PH:IL084000002,IL084,address_zip+proximity,2.1,1
PH:IL084004,PH:IL084000004,IL084,address_zip,,1
PH:IL085001,PH:IL085000001,IL085,address_zip+proximity,6.7,1
PH:IL085002,PH:IL085000002,IL085,address_zip,,1
PH:IL085006,PH:IL085000003,IL085,address_zip,,1
PH:IL086001,PH:IL086000001,IL086,address_zip+proximity,0.0,1
PH:IL086003,PH:IL086000002,IL086,address_zip+proximity,24.3,1
PH:IL086004,PH:IL086000001,IL086,proximity,5.5,1
PH:IL087001,PH:IL087000001,IL087,address_zip,,1
PH:IL088001,PH:IL088000001,IL088,proximity,0.0,1
PH:IL088005,PH:IL088000002,IL088,address_zip+proximity,0.0,1
PH:IL089001,PH:IL089000100,IL089,address_zip,,1
PH:IL089003,PH:IL089000300,IL089,address_zip+proximity,41.8,1
PH:IL089005,PH:IL089000200,IL089,address_zip+proximity,9.0,1
PH:IL090001,PH:IL090000002,IL090,address_zip+proximity,4.1,1
PH:IL090004,PH:IL090000001,IL090,address_zip,,1
PH:IL091001,PH:IL091000001,IL091,address_zip+proximity,0.0,1
PH:IL091002,PH:IL091000002,IL091,address_zip+proximity,0.0,1
PH:IL091006,PH:IL091000001,IL091,address_zip+proximity,0.0,1
PH:IL092003,PH:IL092000001,IL092,address_zip,,1
PH:IL092004,PH:IL092000002,IL092,address_zip+proximity,17.0,1
PH:IL093001,PH:IL093000001,IL093,address_zip,,1
PH:IL094001,PH:IL094000001,IL094,address_zip+proximity,0.0,1
PH:IL094002,PH:IL094000002,IL094,address_zip,,1
PH:IL095004,PH:IL095000001,IL095,address_zip+proximity,23.0,1
PH:IL096002,PH:IL096000001,IL096,address_zip+proximity,40.8,1
PH:IL097001,PH:IL097000001,IL097,address_zip+proximity,2.5,1
PH:IL099003,PH:IL099000001,IL099,address_zip,,1
PH:IL100002,PH:IL100000001,IL100,address_zip,,1
PH:IL102001,PH:IL102000001,IL102,address_zip,,1
PH:IL103001,PH:IL103000001,IL103,address_zip+proximity,4.4,1
PH:IL104002,PH:IL104000001,IL104,address_zip,,1
PH:IL107001,PH:IL107000001,IL107,address_zip+proximity,30.1,1
PH:IL108001,PH:IL108000001,IL108,address_zip,,1
PH:IL108005,PH:IL108000001,IL108,address_zip,,1
PH:IL116001,PH:IL116000001,IL116,address_zip+proximity,30.8,1
PH:IL120002,PH:IL120000001,IL120,address_zip,,1
PH:IL126001,PH:IL126000001,IL126,address_zip+proximity,36.5,1
PH:IL126005,PH:IL126000002,IL126,proximity,1.9,1
PH:IL131001,PH:IL131000001,IL131,address_zip,,1
PH:IN002002,PH:IN002002002,IN002,address_zip+proximity,5.1,1
PH:IN002003,PH:IN002003003,IN002,address_zip+proximity,1.6,1
PH:IN003005,PH:IN003000001,IN003,address_zip+proximity,24.1,1
PH:IN003008,PH:IN003000004,IN003,address_zip+proximity,16.9,1
PH:IN003010,PH:IN003000003,IN003,address_zip+proximity,37.7,1
PH:IN005004,PH:IN005000004,IN005,proximity,29.6,1
PH:IN005005A,PH:IN005000005,IN005,proximity,30.2,1
PH:IN005006,PH:IN005000006,IN005,address_zip+proximity,2.5,1
PH:IN005008,PH:IN005000008,IN005,proximity,11.7,1
PH:IN006001,PH:IN006000001,IN006,address_zip,,1
PH:IN007001,PH:IN007046902,IN007,address_zip+proximity,2.7,1
PH:IN007004,PH:IN007046901,IN007,address_zip+proximity,0.0,1
PH:IN009001,PH:IN009000001,IN009,address_zip+proximity,16.2,1
PH:IN009003,PH:IN009000002,IN009,address_zip,,1
PH:IN009004,PH:IN009000003,IN009,address_zip+proximity,6.0,1
PH:IN010002,PH:IN010000002,IN010,address_zip,,1
PH:IN011007,PH:IN011000004,IN011,address_zip,,1
PH:IN011011,PH:IN011000002,IN011,address_zip+proximity,2.7,1
PH:IN011022,PH:IN011000003,IN011,address_zip+proximity,6.5,1
PH:IN011025,PH:IN011000001,IN011,address_zip,,1
PH:IN011027,PH:IN011000011,IN011,address_zip,,1
PH:IN011029,PH:IN011000008,IN011,address_zip+proximity,2.7,1
PH:IN012001,PH:IN012000001,IN012,proximity,2.3,1
PH:IN012005,PH:IN012000003,IN012,proximity,7.2,1
PH:IN012006,PH:IN012000004,IN012,address_zip+proximity,7.5,1
PH:IN015003,PH:IN015000001,IN015,address_zip+proximity,13.6,1
PH:IN015004,PH:IN015000002,IN015,address_zip,,1
PH:IN016002,PH:IN016000002,IN016,proximity,23.4,1
PH:IN016007,PH:IN016000067,IN016,address_zip,,1
PH:IN016025,PH:IN016000025,IN016,address_zip+proximity,5.8,1
PH:IN017007,PH:IN017000001,IN017,address_zip+proximity,25.4,1
PH:IN017010,PH:IN017000003,IN017,address_zip+proximity,0.0,1
PH:IN017017,PH:IN017000014,IN017,address_zip,,2
PH:IN017017,PH:IN017000004,IN017,proximity,45.7,2
PH:IN017019,PH:IN017000005,IN017,proximity,9.7,2
PH:IN017019,PH:IN017000015,IN017,proximity,11.5,2
PH:IN017022,PH:IN017000012,IN017,address_zip+proximity,18.3,2
PH:IN017022,PH:IN017000011,IN017,proximity,34.9,2
PH:IN017027,PH:IN017000002,IN017,address_zip,,1
PH:IN017032,PH:IN017000006,IN017,proximity,21.4,1
PH:IN018002,PH:IN018000001,IN018,address_zip,,1
PH:IN018003,PH:IN018000001,IN018,address_zip,,1
PH:IN019002,PH:IN019000001,IN019,address_zip,,1
PH:IN019005,PH:IN019000002,IN019,address_zip,,1
PH:IN020001,PH:IN020000001,IN020,proximity,45.9,1
PH:IN020002,PH:IN020000002,IN020,address_zip,,1
PH:IN021002,PH:IN021000002,IN021,proximity,40.5,1
PH:IN021004A,PH:IN021000001,IN021,address_zip,,1
PH:IN021005A,PH:IN021000005,IN021,address_zip,,1
PH:IN021005C,PH:IN021000004,IN021,proximity,11.4,1
PH:IN022001,PH:IN022474011,IN022,proximity,4.9,1
PH:IN022007,PH:IN022474022,IN022,address_zip+proximity,0.5,1
PH:IN023006,PH:IN023200000,IN023,address_zip,,1
PH:IN024002,PH:IN024000001,IN024,address_zip+proximity,28.5,1
PH:IN025002,PH:IN025000001,IN025,address_zip,,1
PH:IN025003,PH:IN025000002,IN025,address_zip+proximity,15.4,1
PH:IN026001,PH:IN026000001,IN026,address_zip+proximity,19.2,1
PH:IN026003,PH:IN026000003,IN026,address_zip,,1
PH:IN026004,PH:IN026000004,IN026,address_zip+proximity,28.6,1
PH:IN026007,PH:IN026000007,IN026,address_zip,,1
PH:IN028001,PH:IN028000001,IN028,address_zip+proximity,0.7,1
PH:IN029001,PH:IN029000001,IN029,address_zip+proximity,27.5,1
PH:IN029005,PH:IN029000002,IN029,address_zip,,1
PH:IN029006,PH:IN029000003,IN029,address_zip+proximity,25.8,1
PH:IN029007,PH:IN029000004,IN029,address_zip+proximity,39.3,1
PH:IN030001,PH:IN030000001,IN030,address_zip+proximity,4.1,1
PH:IN031001,PH:IN031000001,IN031,address_zip+proximity,17.3,1
PH:IN034001A,PH:IN034000001,IN034,address_zip+proximity,13.2,1
PH:IN035001,PH:IN035000001,IN035,address_zip,,1
PH:IN035003,PH:IN035000002,IN035,address_zip,,1
PH:IN036001,PH:IN036000001,IN036,address_zip,,1
PH:IN036002,PH:IN036000001,IN036,address_zip,,1
PH:IN039001,PH:IN039000001,IN039,address_zip+proximity,5.3,1
PH:IN041001,PH:IN041000001,IN041,address_zip+proximity,2.0,1
PH:IN041003,PH:IN041000002,IN041,address_zip+proximity,45.5,1
PH:IN050001,PH:IN050000001,IN050,address_zip+proximity,0.0,1
PH:IN058001,PH:IN058012347,IN058,address_zip+proximity,9.3,1
PH:IN089001,PH:IN089000001,IN089,address_zip+proximity,2.9,1
PH:IN090001,PH:IN090000001,IN090,address_zip,,1
PH:KS001002,PH:KS001000052,KS001,proximity,14.2,1
PH:KS001004,PH:KS001000004,KS001,address_zip,,2
PH:KS001004,PH:KS001000055,KS001,address_zip,,2
PH:KS001007,PH:KS001000007,KS001,proximity,9.3,1
PH:KS001014,PH:KS001000014,KS001,address_zip+proximity,34.9,2
PH:KS001014,PH:KS001000056,KS001,address_zip+proximity,8.9,2
PH:KS001017,PH:KS001000017,KS001,address_zip+proximity,21.3,1
PH:KS001020,PH:KS001000020,KS001,address_zip+proximity,1.1,2
PH:KS001020,PH:KS001000057,KS001,address_zip+proximity,1.4,2
PH:KS001022,PH:KS001000021,KS001,proximity,42.3,2
PH:KS001022,PH:KS001000022,KS001,proximity,42.3,2
PH:KS002002,PH:KS002000005,KS002,address_zip+proximity,34.5,1
PH:KS002003,PH:KS002000002,KS002,address_zip+proximity,11.7,1
PH:KS002004A,PH:KS002000003,KS002,address_zip+proximity,46.6,1
PH:KS002005,PH:KS002000004,KS002,address_zip+proximity,43.0,1
PH:KS002008,PH:KS002000007,KS002,proximity,9.8,1
PH:KS002009,PH:KS002000001,KS002,address_zip+proximity,6.0,1
PH:KS004002,PH:KS004000003,KS004,address_zip+proximity,1.5,1
PH:KS004010,PH:KS004000002,KS004,proximity,0.2,1
PH:KS004011,PH:KS004000001,KS004,address_zip+proximity,41.8,1
PH:KS005001,PH:KS005000001,KS005,address_zip+proximity,14.1,1
PH:KS005002,PH:KS005000001,KS005,address_zip+proximity,14.1,1
PH:KS006001,PH:KS006000011,KS006,address_zip,,1
PH:KS006002,PH:KS006000022,KS006,address_zip+proximity,47.5,1
PH:KS008001,PH:KS008000001,KS008,address_zip+proximity,31.8,1
PH:KS009001,PH:KS009000001,KS009,proximity,44.3,1
PH:KS010001,PH:KS010000001,KS010,address_zip+proximity,0.2,1
PH:KS011001,PH:KS011000001,KS011,address_zip+proximity,15.1,1
PH:KS012001,PH:KS012000001,KS012,address_zip+proximity,33.7,1
PH:KS014001,PH:KS014000001,KS014,address_zip,,1
PH:KS015001,PH:KS015000001,KS015,address_zip+proximity,34.5,1
PH:KS015002,PH:KS015000001,KS015,address_zip+proximity,34.5,1
PH:KS016001,PH:KS016000001,KS016,address_zip,,1
PH:KS017001,PH:KS017000001,KS017,address_zip,,1
PH:KS018001,PH:KS018000046,KS018,proximity,3.5,1
PH:KS019001,PH:KS019000001,KS019,address_zip+proximity,0.0,1
PH:KS020001,PH:KS020000001,KS020,address_zip,,1
PH:KS021001,PH:KS021000001,KS021,address_zip+proximity,32.8,1
PH:KS022001,PH:KS022000001,KS022,address_zip+proximity,2.3,1
PH:KS023001,PH:KS023000001,KS023,address_zip+proximity,14.6,1
PH:KS025001,PH:KS025000001,KS025,address_zip+proximity,26.5,1
PH:KS026001,PH:KS026000001,KS026,address_zip+proximity,7.0,1
PH:KS027001,PH:KS027000001,KS027,address_zip+proximity,45.5,1
PH:KS028001,PH:KS028000001,KS028,address_zip,,1
PH:KS029001,PH:KS029000001,KS029,address_zip,,1
PH:KS030001,PH:KS030000001,KS030,address_zip,,1
PH:KS031001,PH:KS031000002,KS031,address_zip+proximity,0.0,1
PH:KS031002,PH:KS031000002,KS031,proximity,24.4,1
PH:KS032001,PH:KS032000001,KS032,address_zip,,1
PH:KS033002,PH:KS033000001,KS033,address_zip+proximity,0.7,1
PH:KS034001,PH:KS034000001,KS034,address_zip,,1
PH:KS036001,PH:KS036000001,KS036,address_zip,,1
PH:KS036003,PH:KS036000001,KS036,address_zip,,1
PH:KS037001,PH:KS037000400,KS037,address_zip+proximity,27.4,1
PH:KS039001,PH:KS039000001,KS039,address_zip+proximity,0.0,1
PH:KS040001,PH:KS040000001,KS040,address_zip+proximity,0.0,1
PH:KS041001,PH:KS041000001,KS041,address_zip+proximity,0.0,1
PH:KS042001,PH:KS042000001,KS042,proximity,48.3,1
PH:KS043001,PH:KS043000001,KS043,address_zip+proximity,2.4,1
PH:KS045001,PH:KS045000001,KS045,proximity,36.5,1
PH:KS047001,PH:KS047000001,KS047,proximity,2.9,1
PH:KS049001,PH:KS049000001,KS049,address_zip+proximity,0.8,1
PH:KS050001,PH:KS050000001,KS050,address_zip,,1
PH:KS051001,PH:KS051000002,KS051,address_zip,,1
PH:KS052001,PH:KS052000001,KS052,address_zip,,1
PH:KS053001,PH:KS053000001,KS053,address_zip,,1
PH:KS053002,PH:KS053000002,KS053,address_zip+proximity,10.1,1
PH:KS054001,PH:KS054000001,KS054,address_zip,,1
PH:KS055001,PH:KS055000003,KS055,address_zip+proximity,1.5,1
PH:KS056001,PH:KS056000001,KS056,address_zip,,1
PH:KS057001,PH:KS057000001,KS057,address_zip,,1
PH:KS058001,PH:KS058000001,KS058,address_zip+proximity,0.0,1
PH:KS060001,PH:KS060000001,KS060,address_zip,,1
PH:KS061001,PH:KS061000001,KS061,address_zip+proximity,0.0,1
PH:KS062001,PH:KS062000001,KS062,address_zip+proximity,0.9,1
PH:KS063006,PH:KS063000001,KS063,address_zip+proximity,2.3,1
PH:KS066001,PH:KS066000001,KS066,address_zip,,1
PH:KS068001,PH:KS068000001,KS068,address_zip+proximity,0.7,1
PH:KS069001,PH:KS069000001,KS069,proximity,22.8,1
PH:KS071002,PH:KS071000001,KS071,address_zip,,1
PH:KS072002,PH:KS072000001,KS072,address_zip+proximity,21.9,1
PH:KS073003,PH:KS073000001,KS073,address_zip+proximity,2.3,1
PH:KS076001,PH:KS076000001,KS076,address_zip,,1
PH:KS077001,PH:KS077000001,KS077,address_zip,,1
PH:KS078001,PH:KS078000001,KS078,address_zip,,1
PH:KS079001,PH:KS079000001,KS079,proximity,21.3,1
PH:KS080001,PH:KS080000001,KS080,address_zip,,1
PH:KS081001,PH:KS081000001,KS081,address_zip,,1
PH:KS082001,PH:KS082000001,KS082,proximity,0.8,1
PH:KS091002,PH:KS091000001,KS091,address_zip,,1
PH:KS094001,PH:KS094000001,KS094,proximity,19.1,1
PH:KS095001,PH:KS095000001,KS095,address_zip,,1
PH:KS096001,PH:KS096000001,KS096,address_zip,,1
PH:KS100001,PH:KS100000001,KS100,address_zip+proximity,28.4,1
PH:KS105001,PH:KS105000001,KS105,address_zip+proximity,48.6,1
PH:KS105003,PH:KS105000001,KS105,address_zip+proximity,48.6,1
PH:KS112001,PH:KS112000001,KS112,address_zip,,1
PH:KS113001,PH:KS113000125,KS113,address_zip,,1
PH:KS131001,PH:KS131100000,KS131,address_zip+proximity,29.9,1
PH:KS132001,PH:KS132000001,KS132,address_zip+proximity,28.0,1
PH:KS141001,PH:KS141000001,KS141,address_zip+proximity,24.5,1
PH:KS143001,PH:KS143000001,KS143,address_zip,,1
PH:KS152001,PH:KS152000001,KS152,address_zip+proximity,0.0,1
PH:KS155001,PH:KS155000001,KS155,address_zip,,1
PH:KY001003,PH:KY001000003,KY001,address_zip,,1
PH:KY001004,PH:KY001000004,KY001,address_zip+proximity,0.6,1
PH:KY001005,PH:KY001000005,KY001,proximity,4.2,1
PH:KY001010,PH:KY001000012,KY001,address_zip+proximity,3.4,1
PH:KY001011,PH:KY001000012,KY001,proximity,3.3,1
PH:KY001012,PH:KY001000012,KY001,proximity,6.6,1
PH:KY001013,PH:KY001000013,KY001,address_zip+proximity,25.6,1
PH:KY001014,PH:KY001000014,KY001,address_zip,,1
PH:KY001024,PH:KY001000017,KY001,proximity,49.7,1
PH:KY001027,PH:KY001000027,KY001,address_zip+proximity,5.4,1
PH:KY001030,PH:KY001000030,KY001,address_zip+proximity,1.2,1
PH:KY001031,PH:KY001000031,KY001,address_zip+proximity,3.3,1
PH:KY001036,PH:KY001000036,KY001,address_zip+proximity,47.1,1
PH:KY001038,PH:KY001000034,KY001,address_zip+proximity,44.7,1
PH:KY001040,PH:KY001000018,KY001,address_zip,,1
PH:KY001043,PH:KY001000043,KY001,address_zip+proximity,34.9,1
PH:KY001044,PH:KY001000064,KY001,address_zip+proximity,4.8,1
PH:KY001046,PH:KY001000046,KY001,address_zip,,1
PH:KY001047,PH:KY001000047,KY001,address_zip+proximity,2.2,2
PH:KY001047,PH:KY001000056,KY001,proximity,4.8,2
PH:KY002002,PH:KY002000002,KY002,address_zip+proximity,0.0,1
PH:KY002003,PH:KY002000003,KY002,proximity,4.1,1
PH:KY002005,PH:KY002000005,KY002,address_zip+proximity,33.3,1
PH:KY003006,PH:KY003000001,KY003,address_zip+proximity,3.8,1
PH:KY004007,PH:KY004000002,KY004,address_zip,,1
PH:KY004023,PH:KY004000004,KY004,address_zip+proximity,48.2,1
PH:KY004025,PH:KY004000007,KY004,proximity,38.2,1
PH:KY004026,PH:KY004000008,KY004,address_zip+proximity,19.4,1
PH:KY004029,PH:KY004000009,KY004,address_zip,,1
PH:KY006003,PH:KY006000002,KY006,address_zip,,1
PH:KY006004,PH:KY006000001,KY006,address_zip+proximity,0.0,2
PH:KY006004,PH:KY006000004,KY006,address_zip+proximity,0.0,2
PH:KY007002,PH:KY007000001,KY007,proximity,19.5,1
PH:KY009004,PH:KY009000001,KY009,address_zip,,1
PH:KY010002,PH:KY010000001,KY010,address_zip+proximity,1.4,1
PH:KY011001,PH:KY011000004,KY011,proximity,0.0,1
PH:KY011002,PH:KY011000004,KY011,proximity,0.0,1
PH:KY011004,PH:KY011000004,KY011,proximity,0.0,1
PH:KY011005,PH:KY011000002,KY011,address_zip+proximity,0.0,2
PH:KY011005,PH:KY011000003,KY011,proximity,10.3,2
PH:KY012004,PH:KY012000002,KY012,address_zip,,1
PH:KY013006,PH:KY013000002,KY013,proximity,25.1,1
PH:KY014008,PH:KY014000101,KY014,proximity,48.1,2
PH:KY014008,PH:KY014000201,KY014,proximity,30.9,2
PH:KY015004,PH:KY015000004,KY015,address_zip+proximity,13.1,1
PH:KY015008,PH:KY015000008,KY015,address_zip+proximity,27.6,1
PH:KY016001,PH:KY016000003,KY016,address_zip+proximity,0.0,1
PH:KY016003,PH:KY016000001,KY016,address_zip+proximity,38.5,1
PH:KY016004,PH:KY016000002,KY016,proximity,29.1,1
PH:KY017003,PH:KY017000001,KY017,address_zip+proximity,12.0,2
PH:KY017003,PH:KY017000002,KY017,address_zip+proximity,0.0,2
PH:KY019004,PH:KY019000002,KY019,proximity,29.0,1
PH:KY019005,PH:KY019000003,KY019,address_zip,,1
PH:KY020005,PH:KY020000001,KY020,address_zip,,1
PH:KY022003,PH:KY022000002,KY022,proximity,10.6,1
PH:KY023003,PH:KY023000001,KY023,address_zip+proximity,7.1,1
PH:KY024005,PH:KY024000001,KY024,address_zip,,2
PH:KY024005,PH:KY024000002,KY024,address_zip+proximity,0.0,2
PH:KY026005,PH:KY026000002,KY026,proximity,48.3,1
PH:KY027004,PH:KY027000001,KY027,address_zip,,1
PH:KY029001,PH:KY029000001,KY029,address_zip,,1
PH:KY030003,PH:KY030000001,KY030,proximity,42.1,1
PH:KY030004,PH:KY030000001,KY030,address_zip,,1
PH:KY031003,PH:KY031000001,KY031,address_zip,,1
PH:KY032001,PH:KY032000001,KY032,address_zip,,1
PH:KY033002,PH:KY033000001,KY033,address_zip+proximity,4.3,1
PH:KY036002,PH:KY036000001,KY036,address_zip,,1
PH:KY038003,PH:KY038000001,KY038,address_zip+proximity,16.8,1
PH:KY041002,PH:KY041000001,KY041,proximity,44.8,1
PH:KY042001,PH:KY042000001,KY042,address_zip,,1
PH:KY043004,PH:KY043000001,KY043,address_zip+proximity,0.2,1
PH:KY044002,PH:KY044000001,KY044,address_zip+proximity,33.2,1
PH:KY045001,PH:KY045000001,KY045,address_zip,,1
PH:KY049003,PH:KY049000001,KY049,address_zip+proximity,1.5,1
PH:KY050001,PH:KY050000001,KY050,address_zip,,1
PH:KY052001,PH:KY052000001,KY052,proximity,37.3,1
PH:KY052002,PH:KY052000001,KY052,address_zip+proximity,37.3,1
PH:KY053001,PH:KY053000001,KY053,proximity,4.6,1
PH:KY054003,PH:KY054000001,KY054,address_zip+proximity,33.3,1
PH:KY055002,PH:KY055000001,KY055,address_zip,,1
PH:KY057003,PH:KY057000001,KY057,address_zip,,1
PH:KY058001,PH:KY058000001,KY058,address_zip,,1
PH:KY062002,PH:KY062000001,KY062,proximity,13.4,1
PH:KY063004,PH:KY063000002,KY063,address_zip,,1
PH:KY065002,PH:KY065000001,KY065,address_zip,,1
PH:KY066001,PH:KY066000001,KY066,proximity,3.0,1
PH:KY067002,PH:KY067000001,KY067,address_zip,,1
PH:KY069001,PH:KY069000001,KY069,address_zip,,1
PH:KY070001,PH:KY070000001,KY070,proximity,37.8,1
PH:KY072001,PH:KY072000001,KY072,proximity,26.8,1
PH:KY074003,PH:KY074000001,KY074,address_zip,,1
PH:KY075002,PH:KY075000001,KY075,address_zip,,1
PH:KY077002,PH:KY077000001,KY077,address_zip+proximity,14.7,1
PH:KY078002,PH:KY078000001,KY078,proximity,17.2,1
PH:KY080001,PH:KY080000001,KY080,proximity,13.5,1
PH:KY084003,PH:KY084000001,KY084,address_zip,,1
PH:KY085001,PH:KY085000001,KY085,proximity,6.8,1
PH:KY087001,PH:KY087000001,KY087,proximity,8.8,1
PH:KY090001,PH:KY090000001,KY090,proximity,22.3,1
PH:KY093001,PH:KY093000001,KY093,proximity,39.4,1
PH:KY094001,PH:KY094000001,KY094,address_zip+proximity,48.9,1
PH:KY096001,PH:KY096000001,KY096,address_zip,,1
PH:KY096003,PH:KY096000001,KY096,address_zip,,1
PH:KY097001,PH:KY097000001,KY097,address_zip+proximity,7.5,1
PH:KY098001,PH:KY098000001,KY098,proximity,9.7,1
PH:KY099001,PH:KY099000001,KY099,proximity,46.4,1
PH:KY100001,PH:KY100000001,KY100,address_zip+proximity,41.0,1
PH:KY104001,PH:KY104000001,KY104,proximity,20.8,1
PH:KY106003,PH:KY106000001,KY106,address_zip,,1
PH:KY107002,PH:KY107000001,KY107,address_zip,,1
PH:KY129002,PH:KY129000001,KY129,address_zip+proximity,33.3,1
PH:KY147001,PH:KY147000001,KY147,address_zip,,1
PH:KY149002,PH:KY149000001,KY149,address_zip+proximity,13.5,1
PH:KY170001,PH:KY170000001,KY170,address_zip,,1
PH:KY177001,PH:KY177000001,KY177,address_zip,,1
PH:LA001003,PH:LA001003102,LA001,address_zip+proximity,0.0,1
PH:LA001005,PH:LA001005106,LA001,address_zip+proximity,3.2,1
PH:LA001015,PH:LA001015301,LA001,address_zip+proximity,31.8,1
PH:LA002002,PH:LA002002200,LA002,address_zip+proximity,8.1,1
PH:LA002003,PH:LA002002300,LA002,address_zip+proximity,0.0,1
PH:LA002004,PH:LA002004711,LA002,address_zip+proximity,0.0,1
PH:LA002008,PH:LA002008910,LA002,address_zip+proximity,10.0,1
PH:LA003004,PH:LA003000004,LA003,address_zip+proximity,1.0,1
PH:LA003005,PH:LA003000003,LA003,address_zip+proximity,12.4,1
PH:LA003007,PH:LA003000008,LA003,address_zip+proximity,10.8,1
PH:LA003008,PH:LA003000002,LA003,address_zip,,1
PH:LA003009,PH:LA003000001,LA003,address_zip,,1
PH:LA003015,PH:LA003000005,LA003,address_zip+proximity,2.0,1
PH:LA004006,PH:LA004000001,LA004,address_zip+proximity,3.6,1
PH:LA004009,PH:LA004000003,LA004,address_zip+proximity,12.7,1
PH:LA005001,PH:LA005000010,LA005,address_zip,,1
PH:LA005004,PH:LA005000012,LA005,proximity,36.2,1
PH:LA006005,PH:LA006000005,LA006,proximity,1.6,1
PH:LA006006,PH:LA006000006,LA006,proximity,48.3,1
PH:LA006010,PH:LA006000010,LA006,address_zip+proximity,2.1,1
PH:LA006011,PH:LA006000011,LA006,address_zip+proximity,42.0,1
PH:LA006012,PH:LA006000009,LA006,address_zip,,1
PH:LA006013,PH:LA006000013,LA006,address_zip,,1
PH:LA006014,PH:LA006000014,LA006,address_zip+proximity,0.0,1
PH:LA012001,PH:LA012101331,LA012,address_zip+proximity,0.0,1
PH:LA013001,PH:LA013000013,LA013,proximity,7.5,1
PH:LA023001,PH:LA023000001,LA023,address_zip+proximity,0.0,1
PH:LA023002,PH:LA023000002,LA023,address_zip+proximity,6.0,1
PH:LA023003,PH:LA023000004,LA023,address_zip,,1
PH:LA023004,PH:LA023000006,LA023,proximity,1.8,1
PH:LA024001,PH:LA024000001,LA024,address_zip,,1
PH:LA024002,PH:LA024000002,LA024,address_zip+proximity,44.7,1
PH:LA024006,PH:LA024000003,LA024,address_zip+proximity,1.0,1
PH:LA025003,PH:LA025577716,LA025,address_zip+proximity,20.8,1
PH:LA026001,PH:LA026000001,LA026,address_zip+proximity,0.3,1
PH:LA027001,PH:LA027000325,LA027,address_zip,,1
PH:LA028001,PH:LA028000028,LA028,address_zip+proximity,0.0,1
PH:LA029003,PH:LA029000007,LA029,address_zip,,1
PH:LA030001,PH:LA030000001,LA030,address_zip+proximity,0.0,1
PH:LA031001,PH:LA031000001,LA031,address_zip+proximity,0.0,1
PH:LA032001,PH:LA032000007,LA032,address_zip+proximity,0.0,1
PH:LA033001,PH:LA033801801,LA033,address_zip+proximity,0.0,1
PH:LA033003,PH:LA033801801,LA033,proximity,37.0,1
PH:LA034001,PH:LA034000001,LA034,proximity,6.2,1
PH:LA035001,PH:LA035000001,LA035,address_zip+proximity,5.4,1
PH:LA036004,PH:LA036000001,LA036,proximity,0.0,2
PH:LA036004,PH:LA036000002,LA036,proximity,4.5,2
PH:LA037001,PH:LA037000001,LA037,address_zip,,1
PH:LA039001,PH:LA039000020,LA039,proximity,23.2,1
PH:LA041003,PH:LA041000010,LA041,address_zip+proximity,26.4,1
PH:LA042001,PH:LA042000020,LA042,proximity,20.3,1
PH:LA042009,PH:LA042000040,LA042,address_zip+proximity,3.0,1
PH:LA043001,PH:LA043000001,LA043,address_zip+proximity,26.9,1
PH:LA045001,PH:LA045000001,LA045,address_zip+proximity,13.7,1
PH:LA046002,PH:LA046071543,LA046,proximity,8.9,1
PH:LA052001,PH:LA052000001,LA052,address_zip,,1
PH:LA055004,PH:LA055000003,LA055,address_zip,,1
PH:LA056003,PH:LA056000056,LA056,proximity,8.7,1
PH:LA057003,PH:LA057000001,LA057,address_zip,,1
PH:LA058001,PH:LA058000001,LA058,address_zip+proximity,0.0,1
PH:LA059001,PH:LA059000059,LA059,address_zip,,1
PH:LA061001,PH:LA061000001,LA061,proximity,22.0,1
PH:LA061002,PH:LA061000001,LA061,proximity,22.0,1
PH:LA061003,PH:LA061000001,LA061,proximity,22.0,1
PH:LA061004,PH:LA061000001,LA061,proximity,22.0,1
PH:LA062001,PH:LA062000001,LA062,address_zip+proximity,6.0,1
PH:LA063005,PH:LA063041560,LA063,address_zip+proximity,44.3,1
PH:LA065001,PH:LA065001004,LA065,address_zip+proximity,14.1,1
PH:LA068001,PH:LA068000001,LA068,address_zip,,1
PH:LA069001,PH:LA069000001,LA069,address_zip+proximity,36.6,1
PH:LA069002,PH:LA069000001,LA069,proximity,49.6,1
PH:LA070001,PH:LA070000001,LA070,address_zip,,1
PH:LA071002,PH:LA071000001,LA071,address_zip,,1
PH:LA072002,PH:LA072000001,LA072,address_zip,,1
PH:LA074001,PH:LA074000001,LA074,proximity,23.2,1
PH:LA074003,PH:LA074000002,LA074,address_zip+proximity,32.3,1
PH:LA076001,PH:LA076000001,LA076,address_zip,,1
PH:LA082003,PH:LA082273853,LA082,address_zip+proximity,1.6,1
PH:LA084001,PH:LA084000001,LA084,address_zip,,1
PH:LA086001,PH:LA086600001,LA086,proximity,31.1,1
PH:LA088001,PH:LA088000001,LA088,address_zip+proximity,19.0,1
PH:LA090001,PH:LA090000002,LA090,address_zip+proximity,9.5,1
PH:LA091001,PH:LA091000091,LA091,address_zip,,1
PH:LA092001,PH:LA092000001,LA092,address_zip+proximity,49.0,1
PH:LA092005,PH:LA092000002,LA092,address_zip+proximity,33.6,1
PH:LA093001,PH:LA093550501,LA093,proximity,31.2,1
PH:LA094001,PH:LA094000200,LA094,address_zip,,1
PH:LA095002,PH:LA095000024,LA095,proximity,13.4,1
PH:LA096002,PH:LA096000001,LA096,proximity,30.0,1
PH:LA097001,PH:LA097000001,LA097,address_zip+proximity,19.3,1
PH:LA098001,PH:LA098000001,LA098,address_zip,,1
PH:LA099001,PH:LA099022845,LA099,address_zip+proximity,33.3,1
PH:LA100001,PH:LA100000001,LA100,address_zip+proximity,15.5,1
PH:LA101001,PH:LA101000001,LA101,address_zip+proximity,4.1,1
PH:LA102001,PH:LA102000001,LA102,address_zip,,1
PH:LA103003,PH:LA103000001,LA103,proximity,32.6,1
PH:LA105001,PH:LA105000001,LA105,proximity,20.7,1
PH:LA106001,PH:LA106000106,LA106,address_zip+proximity,3.7,1
PH:LA106002,PH:LA106000106,LA106,proximity,32.5,1
PH:LA109001,PH:LA109000109,LA109,address_zip+proximity,5.8,1
PH:LA112001,PH:LA112000001,LA112,address_zip+proximity,0.0,1
PH:LA115002,PH:LA115000020,LA115,proximity,26.4,1
PH:LA118001,PH:LA118005642,LA118,address_zip+proximity,14.6,1
PH:LA120001,PH:LA120000001,LA120,address_zip,,1
PH:LA122001,PH:LA122000001,LA122,address_zip+proximity,31.0,1
PH:LA123002,PH:LA123000001,LA123,address_zip+proximity,0.0,1
PH:LA124002,PH:LA124000001,LA124,address_zip,,1
PH:LA127001,PH:LA127000001,LA127,address_zip+proximity,30.5,1
PH:LA128002,PH:LA128000001,LA128,address_zip,,1
PH:LA129001,PH:LA129000001,LA129,address_zip+proximity,20.2,1
PH:LA142001,PH:LA142000001,LA142,address_zip,,1
PH:LA166002,PH:LA166000002,LA166,proximity,34.5,1
PH:LA231001,PH:LA231000022,LA231,proximity,2.5,1
PH:LA238002,PH:LA238000238,LA238,address_zip,,1
PH:LA262001,PH:LA262081270,LA262,address_zip+proximity,0.0,1
PH:MA001001,PH:MA001000001,MA001,address_zip+proximity,8.4,1
PH:MA001003,PH:MA001000003,MA001,address_zip+proximity,28.3,1
PH:MA001006,PH:MA001000004,MA001,address_zip,,1
PH:MA001007,PH:MA001000002,MA001,address_zip,,1
PH:MA002001,PH:MA002000101,MA002,address_zip+proximity,19.4,1
PH:MA002004,PH:MA002000104,MA002,proximity,44.3,1
PH:MA002006,PH:MA002000106,MA002,address_zip,,1
PH:MA002013,PH:MA002000113,MA002,address_zip+proximity,0.0,2
PH:MA002013,PH:MA002002135,MA002,proximity,44.7,2
PH:MA002014,PH:MA002000114,MA002,address_zip,,1
PH:MA002019,PH:MA002107119,MA002,address_zip+proximity,7.9,1
PH:MA002028,PH:MA002000228,MA002,proximity,3.1,1
PH:MA002029,PH:MA002000229,MA002,address_zip+proximity,3.8,1
PH:MA002030,PH:MA002000230,MA002,address_zip+proximity,0.0,1
PH:MA002032,PH:MA002000252,MA002,proximity,0.0,1
PH:MA002035,PH:MA002000235,MA002,address_zip+proximity,41.0,1
PH:MA002036,PH:MA002000236,MA002,address_zip+proximity,3.7,1
PH:MA002037,PH:MA002000237,MA002,address_zip+proximity,2.2,1
PH:MA002038,PH:MA002000238,MA002,proximity,0.9,1
PH:MA002041,PH:MA002000241,MA002,address_zip+proximity,32.4,1
PH:MA002042,PH:MA002000242,MA002,address_zip+proximity,2.1,1
PH:MA002045,PH:MA002000245,MA002,address_zip+proximity,0.0,1
PH:MA002047,PH:MA002000247,MA002,proximity,15.1,1
PH:MA002049,PH:MA002000249,MA002,address_zip+proximity,45.6,1
PH:MA002050,PH:MA002000250,MA002,address_zip,,1
PH:MA002051,PH:MA002000251,MA002,address_zip,,1
PH:MA002052,PH:MA002000252,MA002,address_zip+proximity,0.0,1
PH:MA002053,PH:MA002000253,MA002,address_zip+proximity,26.5,1
PH:MA002054,PH:MA002000254,MA002,address_zip+proximity,20.7,1
PH:MA002057,PH:MA002000257,MA002,address_zip+proximity,0.0,2
PH:MA002057,PH:MA002002142,MA002,address_zip+proximity,1.1,2
PH:MA002061,PH:MA002000261,MA002,address_zip+proximity,32.1,1
PH:MA002062,PH:MA002000262,MA002,address_zip,,1
PH:MA002070,PH:MA002000270,MA002,proximity,34.0,1
PH:MA002071,PH:MA002000271,MA002,address_zip+proximity,5.4,1
PH:MA002072,PH:MA002000272,MA002,address_zip,,1
PH:MA002077,PH:MA002000277,MA002,address_zip+proximity,9.2,1
PH:MA002082,PH:MA002000182,MA002,address_zip,,1
PH:MA002083,PH:MA002000283,MA002,address_zip+proximity,2.7,1
PH:MA002089,PH:MA002000189,MA002,proximity,35.3,1
PH:MA002093,PH:MA002000193,MA002,proximity,39.6,1
PH:MA002095,PH:MA002000295,MA002,address_zip+proximity,0.8,1
PH:MA002098,PH:MA002000298,MA002,address_zip+proximity,19.7,1
PH:MA002114,PH:MA002002114,MA002,address_zip+proximity,2.8,1
PH:MA002115,PH:MA002002115,MA002,address_zip,,1
PH:MA002116,PH:MA002002116,MA002,proximity,24.0,1
PH:MA002117,PH:MA002002117,MA002,proximity,20.2,1
PH:MA002118,PH:MA002002118,MA002,proximity,26.3,1
PH:MA002122,PH:MA002002122,MA002,address_zip+proximity,31.7,1
PH:MA002126,PH:MA002000244,MA002,address_zip+proximity,3.7,1
PH:MA002127,PH:MA002000299,MA002,address_zip,,1
PH:MA003001,PH:MA003000301,MA003,address_zip+proximity,1.5,1
PH:MA003002,PH:MA003000302,MA003,proximity,9.1,1
PH:MA003004,PH:MA003000344,MA003,address_zip,,1
PH:MA003005,PH:MA003000305,MA003,address_zip,,1
PH:MA003006,PH:MA003000306,MA003,address_zip+proximity,0.0,1
PH:MA003010,PH:MA003000310,MA003,address_zip+proximity,34.8,1
PH:MA003011,PH:MA003000311,MA003,address_zip+proximity,14.2,1
PH:MA003021,PH:MA003000321,MA003,address_zip+proximity,0.4,1
PH:MA003024,PH:MA003000321,MA003,address_zip+proximity,0.4,1
PH:MA003025,PH:MA003000321,MA003,address_zip+proximity,0.4,1
PH:MA003026,PH:MA003000321,MA003,address_zip+proximity,0.4,1
PH:MA003042,PH:MA003000342,MA003,address_zip,,1
PH:MA005004,PH:MA005000001,MA005,address_zip+proximity,42.7,1
PH:MA005013,PH:MA005000002,MA005,address_zip+proximity,22.5,1
PH:MA005021,PH:MA005000004,MA005,address_zip+proximity,47.8,1
PH:MA006001,PH:MA006000001,MA006,proximity,4.3,1
PH:MA006002,PH:MA006000002,MA006,address_zip,,1
PH:MA006003,PH:MA006000003,MA006,address_zip,,1
PH:MA006005,PH:MA006000005,MA006,address_zip+proximity,37.5,1
PH:MA006008,PH:MA006000007,MA006,proximity,12.0,1
PH:MA006011,PH:MA006000006,MA006,proximity,40.1,1
PH:MA006017,PH:MA006000004,MA006,address_zip+proximity,23.1,1
PH:MA006028,PH:MA006000003,MA006,address_zip,,1
PH:MA006031,PH:MA006000003,MA006,address_zip,,1
PH:MA007003,PH:MA007000060,MA007,address_zip+proximity,17.3,1
PH:MA007004,PH:MA007000030,MA007,address_zip+proximity,35.2,1
PH:MA007006,PH:MA007000020,MA007,address_zip,,1
PH:MA007007,PH:MA007000040,MA007,address_zip+proximity,8.4,1
PH:MA007011,PH:MA007000070,MA007,address_zip+proximity,23.7,1
PH:MA008001,PH:MA008000001,MA008,proximity,30.4,1
PH:MA008002,PH:MA008000002,MA008,address_zip,,1
PH:MA008003,PH:MA008000003,MA008,address_zip+proximity,6.3,1
PH:MA010001,PH:MA010000101,MA010,address_zip+proximity,34.8,1
PH:MA010003,PH:MA010000103,MA010,address_zip,,1
PH:MA010007,PH:MA010000104,MA010,address_zip,,1
PH:MA010015,PH:MA010000102,MA010,address_zip+proximity,0.7,1
PH:MA012001,PH:MA012000001,MA012,address_zip,,1
PH:MA012002,PH:MA012000002,MA012,proximity,25.8,1
PH:MA012004,PH:MA012000003,MA012,proximity,34.0,1
PH:MA012005,PH:MA012000005,MA012,address_zip,,1
PH:MA012006,PH:MA012000006,MA012,address_zip+proximity,11.3,1
PH:MA012008,PH:MA012000008,MA012,address_zip+proximity,38.3,1
PH:MA012012,PH:MA012000012,MA012,address_zip+proximity,4.8,1
PH:MA012015,PH:MA012000013,MA012,address_zip,,1
PH:MA012016,PH:MA012000011,MA012,proximity,32.4,1
PH:MA012017,PH:MA012000017,MA012,proximity,5.3,1
PH:MA012018,PH:MA012000018,MA012,address_zip+proximity,10.4,1
PH:MA013007,PH:MA013000001,MA013,address_zip+proximity,18.1,2
PH:MA013007,PH:MA013000002,MA013,address_zip+proximity,0.0,2
PH:MA014003,PH:MA014000001,MA014,address_zip+proximity,38.4,1
PH:MA015006,PH:MA015000001,MA015,address_zip+proximity,25.3,1
PH:MA016004,PH:MA016000001,MA016,address_zip+proximity,14.4,1
PH:MA017001,PH:MA017000001,MA017,proximity,0.0,1
PH:MA017003,PH:MA017000001,MA017,proximity,0.0,1
PH:MA020001,PH:MA020000001,MA020,address_zip,,1
PH:MA020002,PH:MA020000002,MA020,address_zip+proximity,4.2,1
PH:MA020004,PH:MA020000004,MA020,address_zip+proximity,0.0,1
PH:MA020006,PH:MA020000006,MA020,address_zip+proximity,12.5,1
PH:MA021001,PH:MA021000001,MA021,proximity,13.1,1
PH:MA022002,PH:MA022000002,MA022,address_zip+proximity,6.3,1
PH:MA022003A,PH:MA022000003,MA022,address_zip+proximity,4.8,1
PH:MA022003B,PH:MA022000003,MA022,address_zip+proximity,4.8,1
PH:MA022005,PH:MA022000004,MA022,address_zip+proximity,23.8,1
PH:MA022006,PH:MA022000005,MA022,address_zip+proximity,3.7,1
PH:MA022009,PH:MA022000006,MA022,address_zip+proximity,14.8,1
PH:MA023002,PH:MA023000002,MA023,address_zip,,1
PH:MA024004,PH:MA024000001,MA024,address_zip,,1
PH:MA024007,PH:MA024000002,MA024,address_zip+proximity,39.7,1
PH:MA025001,PH:MA025000001,MA025,address_zip+proximity,30.2,1
PH:MA026002,PH:MA026000001,MA026,address_zip,,1
PH:MA028002,PH:MA028000001,MA028,proximity,6.5,1
PH:MA029006,PH:MA029000001,MA029,address_zip,,1
PH:MA032001,PH:MA032000001,MA032,proximity,15.1,1
PH:MA033001,PH:MA033000001,MA033,address_zip+proximity,47.1,1
PH:MA034002,PH:MA034000002,MA034,address_zip+proximity,38.0,1
PH:MA035002,PH:MA035000002,MA035,address_zip+proximity,29.9,1
PH:MA035006,PH:MA035000007,MA035,address_zip+proximity,44.5,1
PH:MA035012,PH:MA035000004,MA035,address_zip+proximity,29.6,1
PH:MA035014,PH:MA035000005,MA035,address_zip,,1
PH:MA035015,PH:MA035000003,MA035,address_zip+proximity,28.9,1
PH:MA035016,PH:MA035000006,MA035,address_zip+proximity,49.0,1
PH:MA036001,PH:MA036000001,MA036,address_zip+proximity,14.6,1
PH:MA037001,PH:MA037000002,MA037,address_zip+proximity,7.3,1
PH:MA039001,PH:MA039000001,MA039,proximity,48.4,1
PH:MA041001,PH:MA041000010,MA041,address_zip+proximity,0.3,1
PH:MA043001,PH:MA043000001,MA043,address_zip,,1
PH:MA044001,PH:MA044000020,MA044,address_zip+proximity,34.5,1
PH:MA045001,PH:MA045000001,MA045,address_zip+proximity,12.6,1
PH:MA046003,PH:MA046000003,MA046,address_zip,,1
PH:MA047005,PH:MA047004005,MA047,address_zip+proximity,32.6,1
PH:MA049001,PH:MA049000001,MA049,address_zip,,1
PH:MA055003,PH:MA055000003,MA055,address_zip+proximity,36.7,1
PH:MA059001,PH:MA059000001,MA059,address_zip+proximity,2.6,1
PH:MA065001,PH:MA065000001,MA065,address_zip,,1
PH:MA067003,PH:MA067000001,MA067,address_zip,,1
PH:MA069002,PH:MA069000002,MA069,address_zip,,1
PH:MA074001,PH:MA074000001,MA074,proximity,12.6,1
PH:MA081002,PH:MA081000001,MA081,address_zip,,1
PH:MA085001,PH:MA085000001,MA085,address_zip,,1
PH:MA091001,PH:MA091000001,MA091,address_zip,,1
PH:MA093001,PH:MA093000001,MA093,address_zip,,1
PH:MA098001,PH:MA098000001,MA098,address_zip+proximity,31.1,1
PH:MA099001,PH:MA099000001,MA099,address_zip,,1
PH:MA107001,PH:MA107000001,MA107,address_zip+proximity,37.3,1
PH:MA109001,PH:MA109000001,MA109,address_zip,,1
PH:MA110001,PH:MA110000001,MA110,address_zip,,1
PH:MA118001,PH:MA118000001,MA118,address_zip,,1
PH:MA123001,PH:MA123000001,MA123,address_zip+proximity,48.9,1
PH:MA132002,PH:MA132000001,MA132,address_zip,,1
PH:MA137001,PH:MA137000001,MA137,proximity,5.3,1
PH:MA155001,PH:MA155000001,MA155,address_zip,,1
PH:MA157001,PH:MA157000001,MA157,proximity,8.3,1
PH:MD001001,PH:MD001000001,MD001,address_zip+proximity,0.0,1
PH:MD001004,PH:MD001000011,MD001,proximity,33.7,1
PH:MD001006,PH:MD001000002,MD001,address_zip+proximity,25.5,1
PH:MD001007,PH:MD001000004,MD001,address_zip+proximity,0.0,1
PH:MD001008,PH:MD001000005,MD001,proximity,29.6,1
PH:MD001009,PH:MD001000006,MD001,address_zip+proximity,39.5,1
PH:MD001015,PH:MD001000007,MD001,address_zip,,1
PH:MD002004,PH:MD002000004,MD002,address_zip+proximity,2.6,1
PH:MD002021,PH:MD002000021,MD002,proximity,6.1,1
PH:MD002023,PH:MD002000023,MD002,address_zip+proximity,27.2,1
PH:MD002039,PH:MD002000039,MD002,address_zip+proximity,0.5,1
PH:MD002041,PH:MD002000041,MD002,address_zip+proximity,5.1,1
PH:MD002042,PH:MD002000042,MD002,proximity,10.2,1
PH:MD002043,PH:MD002000043,MD002,proximity,13.4,1
PH:MD002044,PH:MD002000044,MD002,address_zip+proximity,16.4,1
PH:MD002046,PH:MD002000046,MD002,address_zip+proximity,4.3,1
PH:MD002047,PH:MD002000047,MD002,address_zip+proximity,29.2,1
PH:MD002051,PH:MD002000051,MD002,address_zip+proximity,4.6,1
PH:MD002052,PH:MD002000033,MD002,address_zip+proximity,22.0,1
PH:MD002053,PH:MD002000053,MD002,address_zip,,1
PH:MD002054,PH:MD002000054,MD002,address_zip+proximity,16.0,1
PH:MD002056,PH:MD002000056,MD002,address_zip+proximity,3.9,1
PH:MD002058,PH:MD002000203,MD002,proximity,21.4,1
PH:MD002064,PH:MD002000117,MD002,address_zip+proximity,7.6,1
PH:MD002069,PH:MD002000202,MD002,address_zip+proximity,37.4,1
PH:MD002070,PH:MD002000070,MD002,address_zip+proximity,6.0,1
PH:MD002071,PH:MD002000071,MD002,address_zip+proximity,18.4,1
PH:MD002074,PH:MD002000074,MD002,address_zip+proximity,6.3,1
PH:MD002075,PH:MD002000075,MD002,address_zip+proximity,11.7,1
PH:MD002101,PH:MD002000101,MD002,proximity,43.8,1
PH:MD002102,PH:MD002000102,MD002,proximity,7.1,1
PH:MD002103,PH:MD002000103,MD002,address_zip+proximity,2.1,1
PH:MD002105,PH:MD002000105,MD002,proximity,46.1,1
PH:MD002106,PH:MD002000106,MD002,proximity,1.8,1
PH:MD002107,PH:MD002000107,MD002,address_zip+proximity,4.0,1
PH:MD002108,PH:MD002000108,MD002,address_zip+proximity,14.3,1
PH:MD002109,PH:MD002000109,MD002,address_zip,,1
PH:MD002110,PH:MD002000110,MD002,address_zip+proximity,8.8,1
PH:MD002111,PH:MD002000111,MD002,proximity,23.4,1
PH:MD002112A,PH:MD002000112,MD002,proximity,10.2,1
PH:MD002113,PH:MD002000113,MD002,proximity,15.4,1
PH:MD003006,PH:MD003000003,MD003,address_zip,,1
PH:MD004002,PH:MD004511402,MD004,address_zip,,1
PH:MD004011,PH:MD004524411,MD004,proximity,27.6,1
PH:MD004015,PH:MD004511415,MD004,address_zip+proximity,9.6,1
PH:MD004017,PH:MD004511417,MD004,address_zip+proximity,3.4,1
PH:MD005001,PH:MD005000001,MD005,address_zip,,1
PH:MD005003,PH:MD005000003,MD005,address_zip+proximity,39.7,1
PH:MD005004,PH:MD005000004,MD005,address_zip+proximity,47.3,1
PH:MD005005,PH:MD005000005,MD005,address_zip+proximity,3.4,1
PH:MD006006,PH:MD006000002,MD006,address_zip,,1
PH:MD006007,PH:MD006000003,MD006,proximity,36.9,1
PH:MD006008,PH:MD006000004,MD006,address_zip+proximity,10.8,1
PH:MD006011,PH:MD006000004,MD006,address_zip+proximity,10.8,1
PH:MD006013,PH:MD006000030,MD006,address_zip+proximity,15.1,1
PH:MD006014,PH:MD006000020,MD006,proximity,9.8,1
PH:MD008002,PH:MD008000001,MD008,proximity,6.6,1
PH:MD009001,PH:MD009000001,MD009,proximity,5.7,3
PH:MD009001,PH:MD009000002,MD009,proximity,0.5,3
PH:MD009001,PH:MD009000003,MD009,proximity,25.6,3
PH:MD009002,PH:MD009000001,MD009,proximity,10.1,3
PH:MD009002,PH:MD009000002,MD009,proximity,4.9,3
PH:MD009002,PH:MD009000003,MD009,proximity,21.2,3
PH:MD009003,PH:MD009000001,MD009,proximity,44.4,2
PH:MD009003,PH:MD009000002,MD009,proximity,44.1,2
PH:MD010001,PH:MD010000418,MD010,proximity,0.0,1
PH:MD013003,PH:MD013000001,MD013,proximity,10.5,1
PH:MD014002,PH:MD014000002,MD014,address_zip+proximity,0.0,1
PH:MD014005,PH:MD014000001,MD014,address_zip,,1
PH:MD014006,PH:MD014000005,MD014,address_zip,,1
PH:MD015002,PH:MD015015002,MD015,address_zip,,1
PH:MD015003,PH:MD015015003,MD015,address_zip,,1
PH:MD015005,PH:MD015015853,MD015,address_zip+proximity,20.4,1
PH:MD015006,PH:MD015015006,MD015,address_zip,,1
PH:MD015007,PH:MD015015007,MD015,proximity,27.4,1
PH:MD016003,PH:MD016000001,MD016,proximity,5.3,1
PH:MD017001,PH:MD017000001,MD017,address_zip+proximity,0.0,1
PH:MD018004,PH:MD018000104,MD018,address_zip+proximity,14.6,1
PH:MD018005,PH:MD018000103,MD018,address_zip,,1
PH:MD018006,PH:MD018000105,MD018,address_zip+proximity,19.6,1
PH:MD018007,PH:MD018000102,MD018,address_zip+proximity,25.1,1
PH:MD019002,PH:MD019000001,MD019,address_zip+proximity,1.9,1
PH:MD019003,PH:MD019000001,MD019,proximity,34.9,1
PH:MD021009,PH:MD021000003,MD021,proximity,16.6,1
PH:MD030002,PH:MD030000001,MD030,address_zip+proximity,43.2,1
PH:MD034001,PH:MD034000001,MD034,proximity,3.5,1
PH:ME001002,PH:ME001000001,ME001,address_zip,,1
PH:ME003004,PH:ME003000001,ME003,address_zip+proximity,23.8,1
PH:ME003005,PH:ME003000002,ME003,address_zip+proximity,2.1,1
PH:ME003009,PH:ME003000003,ME003,address_zip+proximity,41.5,1
PH:ME005001,PH:ME005000001,ME005,address_zip+proximity,2.8,1
PH:ME005002,PH:ME005000002,ME005,address_zip,,1
PH:ME005005,PH:ME005000003,ME005,address_zip,,1
PH:ME006001,PH:ME006000001,ME006,address_zip,,1
PH:ME007001,PH:ME007000001,ME007,address_zip+proximity,0.2,1
PH:ME008005,PH:ME008000088,ME008,address_zip,,1
PH:ME009004,PH:ME009000004,ME009,address_zip+proximity,3.4,1
PH:ME009006,PH:ME009000001,ME009,address_zip,,1
PH:ME011002,PH:ME011000001,ME011,address_zip,,1
PH:ME015001,PH:ME015010203,ME015,address_zip+proximity,0.0,1
PH:ME018001,PH:ME018000001,ME018,address_zip,,1
PH:ME019002,PH:ME019000001,ME019,address_zip,,1
PH:ME020001,PH:ME020000001,ME020,address_zip+proximity,0.2,1
PH:ME020004,PH:ME020000002,ME020,address_zip+proximity,0.0,1
PH:ME021002,PH:ME021000001,ME021,address_zip+proximity,33.7,1
PH:ME022001,PH:ME022000001,ME022,address_zip,,1
PH:ME023001,PH:ME023000001,ME023,address_zip,,1
PH:ME024001,PH:ME024000001,ME024,address_zip,,1
PH:ME027002,PH:ME027000001,ME027,address_zip,,1
PH:ME027003,PH:ME027000001,ME027,address_zip,,1
PH:MI001006,PH:MI001000016,MI001,address_zip+proximity,19.8,1
PH:MI001011,PH:MI001000003,MI001,address_zip+proximity,35.6,1
PH:MI001015,PH:MI001000002,MI001,proximity,13.2,1
PH:MI001018,PH:MI001000015,MI001,address_zip,,1
PH:MI001026,PH:MI001000017,MI001,address_zip+proximity,33.1,1
PH:MI001027,PH:MI001000018,MI001,address_zip+proximity,1.5,1
PH:MI001028,PH:MI001000011,MI001,address_zip,,1
PH:MI001029,PH:MI001000007,MI001,address_zip+proximity,2.0,1
PH:MI001070,PH:MI001000020,MI001,proximity,47.6,1
PH:MI001071,PH:MI001000071,MI001,proximity,28.3,1
PH:MI003001,PH:MI003000001,MI003,address_zip+proximity,0.0,1
PH:MI003002,PH:MI003000002,MI003,address_zip,,1
PH:MI003003,PH:MI003000003,MI003,address_zip,,1
PH:MI004001,PH:MI004000001,MI004,proximity,14.9,1
PH:MI004002,PH:MI004000002,MI004,address_zip+proximity,33.5,1
PH:MI005002,PH:MI005000002,MI005,address_zip,,1
PH:MI005003,PH:MI005000003,MI005,address_zip+proximity,2.0,1
PH:MI006003,PH:MI006000003,MI006,address_zip+proximity,47.9,1
PH:MI006004,PH:MI006000004,MI006,address_zip+proximity,22.9,1
PH:MI006005,PH:MI006000005,MI006,address_zip,,1
PH:MI006007,PH:MI006000007,MI006,address_zip,,1
PH:MI006008,PH:MI006000013,MI006,proximity,3.6,1
PH:MI006011,PH:MI006000011,MI006,address_zip+proximity,0.2,1
PH:MI007001,PH:MI007000001,MI007,proximity,25.6,1
PH:MI007002,PH:MI007000001,MI007,proximity,43.7,1
PH:MI009001,PH:MI009000001,MI009,address_zip+proximity,14.1,1
PH:MI009002,PH:MI009000002,MI009,address_zip+proximity,5.0,1
PH:MI009006,PH:MI009000006,MI009,address_zip+proximity,1.6,1
PH:MI009008,PH:MI009000010,MI009,address_zip+proximity,16.0,1
PH:MI009011,PH:MI009000011,MI009,address_zip,,1
PH:MI009014,PH:MI009000014,MI009,proximity,5.3,1
PH:MI009015,PH:MI009000015,MI009,address_zip+proximity,2.8,1
PH:MI010002,PH:MI010000002,MI010,address_zip,,1
PH:MI010003,PH:MI010000001,MI010,address_zip,,1
PH:MI010010,PH:MI010000005,MI010,address_zip+proximity,15.2,1
PH:MI011002,PH:MI011000001,MI011,address_zip,,1
PH:MI012003,PH:MI012000001,MI012,address_zip,,1
PH:MI013003,PH:MI013000001,MI013,address_zip+proximity,7.6,1
PH:MI014002,PH:MI014000001,MI014,address_zip+proximity,42.7,1
PH:MI015001,PH:MI015000001,MI015,address_zip,,1
PH:MI016002,PH:MI016000001,MI016,address_zip,,1
PH:MI018001,PH:MI018000001,MI018,address_zip+proximity,0.0,1
PH:MI018003,PH:MI018000001,MI018,address_zip+proximity,0.0,1
PH:MI019001,PH:MI019000001,MI019,proximity,6.1,1
PH:MI019002,PH:MI019000001,MI019,proximity,4.2,1
PH:MI019004,PH:MI019000001,MI019,address_zip+proximity,3.7,1
PH:MI020001,PH:MI020000001,MI020,address_zip,,1
PH:MI020002,PH:MI020000001,MI020,address_zip,,1
PH:MI021002,PH:MI021000001,MI021,proximity,4.1,1
PH:MI022003,PH:MI022000001,MI022,address_zip+proximity,30.3,1
PH:MI023002,PH:MI023000001,MI023,address_zip+proximity,33.0,1
PH:MI024002,PH:MI024000002,MI024,address_zip+proximity,1.7,1
PH:MI024003,PH:MI024000003,MI024,address_zip+proximity,0.0,1
PH:MI024004,PH:MI024000001,MI024,address_zip+proximity,0.0,1
PH:MI024006,PH:MI024000004,MI024,address_zip+proximity,13.7,1
PH:MI025004,PH:MI025000001,MI025,address_zip+proximity,0.0,1
PH:MI027004,PH:MI027000002,MI027,address_zip,,2
PH:MI027004,PH:MI027000004,MI027,address_zip,,2
PH:MI028003,PH:MI028000001,MI028,address_zip+proximity,32.0,1
PH:MI029002,PH:MI029000001,MI029,proximity,0.4,1
PH:MI031001,PH:MI031000001,MI031,address_zip+proximity,13.9,1
PH:MI031002,PH:MI031000002,MI031,address_zip+proximity,31.7,1
PH:MI032002,PH:MI032000001,MI032,address_zip+proximity,33.5,1
PH:MI035005,PH:MI035000002,MI035,address_zip+proximity,22.6,1
PH:MI036001,PH:MI036000100,MI036,address_zip,,1
PH:MI037001,PH:MI037000001,MI037,address_zip,,1
PH:MI038004,PH:MI038000002,MI038,address_zip,,1
PH:MI038005,PH:MI038000003,MI038,proximity,36.7,1
PH:MI039001,PH:MI039000001,MI039,proximity,10.1,1
PH:MI039002,PH:MI039000002,MI039,address_zip+proximity,0.0,1
PH:MI039003,PH:MI039000003,MI039,address_zip+proximity,0.0,1
PH:MI040001,PH:MI040000001,MI040,address_zip+proximity,2.3,1
PH:MI041003,PH:MI041000002,MI041,address_zip,,1
PH:MI044001,PH:MI044000001,MI044,proximity,26.3,1
PH:MI044002,PH:MI044000001,MI044,address_zip+proximity,34.4,1
PH:MI045001,PH:MI045000001,MI045,address_zip+proximity,0.0,1
PH:MI045003,PH:MI045000001,MI045,address_zip+proximity,0.0,1
PH:MI046001,PH:MI046000001,MI046,address_zip,,1
PH:MI047004,PH:MI047000001,MI047,address_zip,,1
PH:MI048001,PH:MI048000001,MI048,address_zip+proximity,34.3,1
PH:MI049001,PH:MI049000001,MI049,address_zip,,1
PH:MI050001,PH:MI050000001,MI050,address_zip,,1
PH:MI051001,PH:MI051000001,MI051,address_zip+proximity,3.2,1
PH:MI052001,PH:MI052000001,MI052,address_zip+proximity,6.8,1
PH:MI053001,PH:MI053000001,MI053,address_zip,,1
PH:MI054001,PH:MI054000001,MI054,address_zip+proximity,0.0,1
PH:MI055002,PH:MI055000001,MI055,address_zip,,1
PH:MI056001,PH:MI056000001,MI056,address_zip+proximity,3.3,1
PH:MI057001,PH:MI057000001,MI057,address_zip+proximity,7.6,1
PH:MI057002,PH:MI057000001,MI057,proximity,44.3,1
PH:MI058002,PH:MI058000104,MI058,address_zip+proximity,28.4,1
PH:MI058007,PH:MI058000107,MI058,address_zip+proximity,0.0,1
PH:MI058010,PH:MI058000110,MI058,address_zip+proximity,0.0,1
PH:MI058015,PH:MI058000105,MI058,address_zip+proximity,0.0,1
PH:MI059001,PH:MI059000001,MI059,address_zip,,1
PH:MI059004,PH:MI059000001,MI059,address_zip,,1
PH:MI060001,PH:MI060000001,MI060,address_zip+proximity,17.9,1
PH:MI061002,PH:MI061000001,MI061,address_zip,,1
PH:MI063001,PH:MI063000001,MI063,address_zip+proximity,0.0,1
PH:MI064003,PH:MI064000200,MI064,address_zip+proximity,21.6,1
PH:MI064004,PH:MI064000100,MI064,address_zip,,1
PH:MI066003,PH:MI066000001,MI066,address_zip+proximity,3.5,1
PH:MI068001,PH:MI068000001,MI068,address_zip+proximity,2.7,1
PH:MI068002,PH:MI068000001,MI068,address_zip+proximity,2.7,1
PH:MI069001,PH:MI069000128,MI069,address_zip+proximity,16.3,1
PH:MI070001,PH:MI070000001,MI070,address_zip+proximity,36.5,1
PH:MI070002,PH:MI070000002,MI070,address_zip,,1
PH:MI072001,PH:MI072000001,MI072,proximity,36.2,1
PH:MI073001,PH:MI073000001,MI073,address_zip+proximity,22.4,1
PH:MI073002,PH:MI073000002,MI073,address_zip+proximity,0.0,1
PH:MI073014,PH:MI073000004,MI073,address_zip,,1
PH:MI074002,PH:MI074000001,MI074,address_zip+proximity,3.3,1
PH:MI076001,PH:MI076000001,MI076,address_zip+proximity,47.4,1
PH:MI077001,PH:MI077000001,MI077,address_zip+proximity,40.1,1
PH:MI078001,PH:MI078000001,MI078,proximity,1.5,1
PH:MI078002,PH:MI078000002,MI078,address_zip+proximity,0.0,1
PH:MI079001,PH:MI079000001,MI079,address_zip+proximity,0.9,1
PH:MI080002,PH:MI080000001,MI080,address_zip+proximity,36.8,1
PH:MI081001,PH:MI081000001,MI081,address_zip+proximity,31.1,1
PH:MI082003,PH:MI082000001,MI082,address_zip,,1
PH:MI084001,PH:MI084000001,MI084,address_zip+proximity,13.0,1
PH:MI084002,PH:MI084000001,MI084,address_zip+proximity,13.0,1
PH:MI087001,PH:MI087000001,MI087,address_zip,,1
PH:MI088001,PH:MI088000001,MI088,address_zip,,1
PH:MI088002,PH:MI088000001,MI088,address_zip,,1
PH:MI089001,PH:MI089000001,MI089,address_zip+proximity,5.1,1
PH:MI090001,PH:MI090000001,MI090,address_zip,,1
PH:MI091001,PH:MI091000001,MI091,address_zip+proximity,46.7,1
PH:MI093001,PH:MI093000001,MI093,address_zip+proximity,12.6,1
PH:MI094001,PH:MI094000001,MI094,address_zip,,1
PH:MI094002,PH:MI094000001,MI094,address_zip,,1
PH:MI095001,PH:MI095000001,MI095,address_zip+proximity,2.8,1
PH:MI096002,PH:MI096000001,MI096,address_zip+proximity,35.9,1
PH:MI098002,PH:MI098000001,MI098,address_zip,,1
PH:MI100001,PH:MI100000001,MI100,address_zip+proximity,9.7,1
PH:MI101001,PH:MI101000001,MI101,address_zip,,1
PH:MI102001,PH:MI102000001,MI102,address_zip+proximity,1.5,1
PH:MI103001,PH:MI103000001,MI103,address_zip,,1
PH:MI104002,PH:MI104000001,MI104,address_zip+proximity,4.3,1
PH:MI107001,PH:MI107000001,MI107,address_zip+proximity,3.0,1
PH:MI108001,PH:MI108000001,MI108,address_zip+proximity,38.9,1
PH:MI112001,PH:MI112000001,MI112,address_zip+proximity,49.6,1
PH:MI112002,PH:MI112000001,MI112,address_zip+proximity,49.6,1
PH:MI115001,PH:MI115000001,MI115,address_zip+proximity,0.7,1
PH:MI116001,PH:MI116101010,MI116,address_zip+proximity,13.1,1
PH:MI117001,PH:MI117000001,MI117,address_zip,,1
PH:MI118001,PH:MI118000001,MI118,address_zip+proximity,10.1,1
PH:MI120001,PH:MI120000001,MI120,address_zip+proximity,0.0,1
PH:MI121001,PH:MI121000001,MI121,address_zip+proximity,18.3,1
PH:MI124002,PH:MI124000001,MI124,address_zip,,1
PH:MI142001,PH:MI142000001,MI142,address_zip,,1
PH:MI156001,PH:MI156000001,MI156,address_zip,,1
PH:MI157001,PH:MI157000001,MI157,address_zip+proximity,7.9,1
PH:MI161001,PH:MI161000001,MI161,address_zip,,1
PH:MI166001,PH:MI166000001,MI166,address_zip+proximity,44.2,1
PH:MI167001,PH:MI167000001,MI167,address_zip+proximity,6.6,1
PH:MI168001,PH:MI168000001,MI168,address_zip+proximity,7.0,1
PH:MI178001,PH:MI178000001,MI178,address_zip+proximity,36.3,1
PH:MI180002,PH:MI180000001,MI180,proximity,20.9,1
PH:MI181001,PH:MI181000001,MI181,address_zip+proximity,37.8,1
PH:MI182001,PH:MI182000001,MI182,address_zip,,1
PH:MI183001,PH:MI183000001,MI183,address_zip,,1
PH:MI186001,PH:MI186000001,MI186,address_zip+proximity,2.3,1
PH:MI187001,PH:MI187000001,MI187,address_zip+proximity,40.9,1
PH:MI191001,PH:MI191000001,MI191,address_zip,,1
PH:MI192001,PH:MI192000001,MI192,proximity,16.3,1
PH:MI194002,PH:MI194000001,MI194,address_zip+proximity,30.8,1
PH:MN001001,PH:MN001000001,MN001,address_zip,,1
PH:MN001002,PH:MN001000004,MN001,address_zip+proximity,0.0,1
PH:MN001006,PH:MN001000005,MN001,address_zip,,1
PH:MN001016,PH:MN001000007,MN001,address_zip,,1
PH:MN001018,PH:MN001000008,MN001,address_zip,,1
PH:MN001019,PH:MN001000006,MN001,address_zip+proximity,21.1,1
PH:MN001024,PH:MN001000003,MN001,address_zip+proximity,4.6,1
PH:MN001026,PH:MN001000002,MN001,address_zip+proximity,0.0,1
PH:MN002006,PH:MN002000006,MN002,proximity,10.6,1
PH:MN002024,PH:MN002000005,MN002,address_zip+proximity,24.3,1
PH:MN002030,PH:MN002000006,MN002,address_zip+proximity,7.5,1
PH:MN002031,PH:MN002000007,MN002,address_zip,,1
PH:MN002035,PH:MN002000004,MN002,address_zip+proximity,7.2,1
PH:MN002042,PH:MN002000003,MN002,address_zip+proximity,6.4,1
PH:MN002087,PH:MN002000008,MN002,address_zip+proximity,37.7,1
PH:MN002089,PH:MN002000002,MN002,address_zip+proximity,3.8,1
PH:MN002090,PH:MN002000009,MN002,address_zip,,1
PH:MN003001,PH:MN003000010,MN003,proximity,21.6,1
PH:MN003004,PH:MN003000004,MN003,proximity,45.5,1
PH:MN003005,PH:MN003000002,MN003,address_zip+proximity,0.0,1
PH:MN003006,PH:MN003000003,MN003,address_zip+proximity,11.0,1
PH:MN003010,PH:MN003000003,MN003,proximity,36.1,1
PH:MN003014,PH:MN003000004,MN003,address_zip+proximity,3.1,1
PH:MN003022,PH:MN003000001,MN003,address_zip+proximity,0.0,1
PH:MN003024,PH:MN003000012,MN003,address_zip,,1
PH:MN003025,PH:MN003000006,MN003,address_zip+proximity,0.0,1
PH:MN003027,PH:MN003000007,MN003,address_zip,,1
PH:MN004003,PH:MN004000003,MN004,address_zip+proximity,0.0,1
PH:MN004006,PH:MN004000002,MN004,address_zip,,1
PH:MN005004,PH:MN005000001,MN005,address_zip+proximity,19.2,1
PH:MN006003,PH:MN006000001,MN006,address_zip+proximity,8.2,2
PH:MN006003,PH:MN006000003,MN006,address_zip+proximity,8.2,2
PH:MN007003,PH:MN007000002,MN007,address_zip,,1
PH:MN008001,PH:MN008000001,MN008,address_zip+proximity,2.4,1
PH:MN009001,PH:MN009000001,MN009,address_zip,,1
PH:MN010001,PH:MN010000001,MN010,address_zip+proximity,0.3,1
PH:MN010002,PH:MN010000002,MN010,address_zip+proximity,13.2,1
PH:MN011001,PH:MN011000001,MN011,proximity,15.3,1
PH:MN014001,PH:MN014000001,MN014,address_zip,,1
PH:MN017001,PH:MN017000001,MN017,address_zip+proximity,42.6,1
PH:MN018001,PH:MN018000001,MN018,address_zip+proximity,0.0,1
PH:MN019001,PH:MN019000001,MN019,address_zip+proximity,38.0,1
PH:MN020001,PH:MN020000001,MN020,address_zip+proximity,47.5,1
PH:MN021002,PH:MN021000001,MN021,address_zip,,1
PH:MN022001,PH:MN022000001,MN022,address_zip+proximity,0.0,1
PH:MN023001,PH:MN023000001,MN023,address_zip,,1
PH:MN024001,PH:MN024000001,MN024,address_zip+proximity,0.0,1
PH:MN025001,PH:MN025000001,MN025,address_zip,,1
PH:MN026002,PH:MN026000001,MN026,address_zip+proximity,0.2,1
PH:MN027001,PH:MN027000001,MN027,address_zip+proximity,36.4,1
PH:MN028001,PH:MN028000010,MN028,address_zip,,1
PH:MN029001,PH:MN029000001,MN029,address_zip,,1
PH:MN030001,PH:MN030000001,MN030,address_zip,,1
PH:MN031003,PH:MN031000001,MN031,address_zip+proximity,0.0,1
PH:MN032001,PH:MN032000001,MN032,address_zip,,1
PH:MN033001,PH:MN033000001,MN033,address_zip+proximity,0.0,2
PH:MN033001,PH:MN033000002,MN033,address_zip,,2
PH:MN034001,PH:MN034000001,MN034,address_zip+proximity,0.0,1
PH:MN035001,PH:MN035000001,MN035,address_zip+proximity,0.0,1
PH:MN036001,PH:MN036000001,MN036,address_zip+proximity,0.0,1
PH:MN037001,PH:MN037000001,MN037,address_zip,,1
PH:MN038001,PH:MN038000001,MN038,address_zip,,1
PH:MN038003,PH:MN038000003,MN038,address_zip+proximity,36.6,1
PH:MN038004,PH:MN038000002,MN038,proximity,17.4,1
PH:MN039001,PH:MN039000001,MN039,address_zip,,1
PH:MN040001,PH:MN040000001,MN040,address_zip+proximity,5.6,1
PH:MN041001,PH:MN041000001,MN041,address_zip,,1
PH:MN042001,PH:MN042000001,MN042,address_zip,,1
PH:MN043001,PH:MN043000001,MN043,address_zip+proximity,36.7,1
PH:MN044001,PH:MN044000001,MN044,address_zip+proximity,22.6,1
PH:MN046001,PH:MN046000001,MN046,address_zip+proximity,0.0,1
PH:MN047001,PH:MN047000001,MN047,address_zip,,1
PH:MN048001,PH:MN048000001,MN048,address_zip,,1
PH:MN049001,PH:MN049000001,MN049,address_zip+proximity,31.4,1
PH:MN052001,PH:MN052000001,MN052,address_zip+proximity,45.4,1
PH:MN053001,PH:MN053000001,MN053,address_zip,,1
PH:MN054001,PH:MN054000001,MN054,address_zip,,1
PH:MN055001,PH:MN055000001,MN055,address_zip+proximity,36.9,1
PH:MN056001,PH:MN056000001,MN056,address_zip+proximity,28.3,1
PH:MN057001,PH:MN057000001,MN057,address_zip+proximity,36.2,1
PH:MN058001,PH:MN058000001,MN058,address_zip,,1
PH:MN059001,PH:MN059000001,MN059,address_zip+proximity,48.8,1
PH:MN060001,PH:MN060000001,MN060,address_zip,,1
PH:MN062001,PH:MN062000001,MN062,address_zip,,1
PH:MN063001,PH:MN063000001,MN063,address_zip,,1
PH:MN064001,PH:MN064000001,MN064,address_zip+proximity,3.9,1
PH:MN067001,PH:MN067000001,MN067,address_zip+proximity,7.2,1
PH:MN068001,PH:MN068000001,MN068,address_zip,,1
PH:MN069001,PH:MN069000001,MN069,address_zip+proximity,0.0,1
PH:MN070001,PH:MN070000001,MN070,address_zip+proximity,0.0,1
PH:MN071001,PH:MN071000001,MN071,address_zip,,1
PH:MN071002,PH:MN071000001,MN071,address_zip,,1
PH:MN072001,PH:MN072000001,MN072,address_zip,,1
PH:MN073001,PH:MN073000001,MN073,address_zip,,1
PH:MN074001,PH:MN074000001,MN074,address_zip+proximity,30.1,1
PH:MN075001,PH:MN075000001,MN075,address_zip+proximity,0.0,1
PH:MN076001,PH:MN076000001,MN076,address_zip+proximity,0.0,1
PH:MN077001,PH:MN077000001,MN077,address_zip,,2
PH:MN077001,PH:MN077000002,MN077,address_zip+proximity,36.9,2
PH:MN078001,PH:MN078000001,MN078,address_zip+proximity,34.4,1
PH:MN080001,PH:MN080000001,MN080,address_zip,,1
PH:MN082001,PH:MN082000001,MN082,address_zip+proximity,0.0,1
PH:MN083001,PH:MN083000001,MN083,address_zip,,1
PH:MN085001,PH:MN085000001,MN085,address_zip+proximity,0.0,1
PH:MN085003,PH:MN085000003,MN085,address_zip+proximity,0.0,1
PH:MN086001,PH:MN086000001,MN086,address_zip,,1
PH:MN087001,PH:MN087000001,MN087,address_zip+proximity,31.0,1
PH:MN088001,PH:MN088000001,MN088,address_zip,,1
PH:MN089001,PH:MN089000001,MN089,address_zip,,1
PH:MN090001,PH:MN090000001,MN090,address_zip,,1
PH:MN091001,PH:MN091000001,MN091,address_zip+proximity,26.7,1
PH:MN092001,PH:MN092000001,MN092,address_zip+proximity,17.1,1
PH:MN095001,PH:MN095000001,MN095,address_zip,,1
PH:MN096001,PH:MN096000001,MN096,address_zip,,1
PH:MN097001,PH:MN097000001,MN097,address_zip+proximity,17.0,1
PH:MN098001,PH:MN098000001,MN098,address_zip+proximity,35.9,1
PH:MN100001,PH:MN100000001,MN100,address_zip+proximity,37.8,1
PH:MN101001,PH:MN101000001,MN101,address_zip,,1
PH:MN102001,PH:MN102000001,MN102,address_zip,,1
PH:MN103002,PH:MN103000001,MN103,address_zip+proximity,23.8,1
PH:MN105001,PH:MN105000001,MN105,address_zip,,1
PH:MN107001,PH:MN107000001,MN107,address_zip,,1
PH:MN108001,PH:MN108000001,MN108,proximity,44.3,1
PH:MN113002,PH:MN113000001,MN113,address_zip,,1
PH:MN117002,PH:MN117000001,MN117,address_zip,,1
PH:MN128002,PH:MN128000001,MN128,address_zip+proximity,1.1,1
PH:MN144002,PH:MN144000001,MN144,address_zip,,1
PH:MN147006,PH:MN147000002,MN147,address_zip,,1
PH:MN147014,PH:MN147000001,MN147,proximity,49.0,1
PH:MN151002,PH:MN151000001,MN151,address_zip,,1
PH:MN152006,PH:MN152000001,MN152,proximity,14.0,1
PH:MN157002,PH:MN157000001,MN157,proximity,5.7,1
PH:MN158003,PH:MN158000001,MN158,address_zip+proximity,37.0,1
PH:MN161001,PH:MN161000001,MN161,address_zip+proximity,0.0,1
PH:MN163007,PH:MN163000001,MN163,proximity,11.1,1
PH:MN164001,PH:MN164000001,MN164,proximity,19.8,1
PH:MN167001,PH:MN167000001,MN167,address_zip,,1
PH:MN169002,PH:MN169000001,MN169,address_zip+proximity,15.3,1
PH:MN172001,PH:MN172000001,MN172,address_zip+proximity,1.8,1
PH:MN176003,PH:MN176000001,MN176,address_zip,,1
PH:MN177001,PH:MN177000001,MN177,address_zip,,1
PH:MN180001,PH:MN180000001,MN180,address_zip+proximity,1.0,1
PH:MN184011,PH:MN184000001,MN184,address_zip+proximity,30.8,1
PH:MN188001,PH:MN188000001,MN188,address_zip+proximity,34.5,1
PH:MN190002,PH:MN190000001,MN190,address_zip+proximity,19.8,1
PH:MN191001,PH:MN191000001,MN191,address_zip+proximity,0.0,1
PH:MN197005,PH:MN197000001,MN197,address_zip+proximity,4.5,1
PH:MN206001,PH:MN206000001,MN206,address_zip,,1
PH:MN208001,PH:MN208000001,MN208,address_zip,,1
PH:MN212003,PH:MN212000001,MN212,proximity,13.9,1
PH:MO001009,PH:MO001000009,MO001,address_zip+proximity,1.3,1
PH:MO001010,PH:MO001000010,MO001,address_zip+proximity,23.2,1
PH:MO001013B,PH:MO001000013,MO001,address_zip+proximity,38.4,1
PH:MO001017,PH:MO001000017,MO001,address_zip+proximity,1.8,1
PH:MO001018,PH:MO001000061,MO001,address_zip+proximity,2.8,1
PH:MO001019,PH:MO001000019,MO001,address_zip,,1
PH:MO001022,PH:MO001000038,MO001,address_zip,,1
PH:MO001028,PH:MO001000028,MO001,address_zip+proximity,44.8,1
PH:MO001044,PH:MO001000044,MO001,proximity,29.5,1
PH:MO001045,PH:MO001000045,MO001,address_zip+proximity,36.7,1
PH:MO001046,PH:MO001000046,MO001,proximity,25.0,1
PH:MO001047,PH:MO001000047,MO001,address_zip+proximity,6.7,1
PH:MO001048,PH:MO001000048,MO001,address_zip+proximity,11.2,1
PH:MO001050,PH:MO001000050,MO001,address_zip+proximity,2.2,1
PH:MO002001,PH:MO002000001,MO002,address_zip+proximity,0.9,1
PH:MO002002,PH:MO002000006,MO002,address_zip+proximity,22.0,1
PH:MO002003,PH:MO002000003,MO002,address_zip+proximity,8.7,1
PH:MO002008,PH:MO002000008,MO002,proximity,31.7,1
PH:MO002013,PH:MO002000013,MO002,address_zip,,1
PH:MO002025,PH:MO002000025,MO002,address_zip+proximity,6.2,1
PH:MO002033,PH:MO002000033,MO002,proximity,42.0,1
PH:MO002037,PH:MO002000037,MO002,address_zip,,1
PH:MO002038,PH:MO002000438,MO002,proximity,28.8,1
PH:MO002039,PH:MO002000039,MO002,address_zip,,1
PH:MO002040,PH:MO002000040,MO002,proximity,28.7,1
PH:MO003004,PH:MO003000001,MO003,address_zip,,1
PH:MO004005,PH:MO004000001,MO004,proximity,23.3,1
PH:MO004008,PH:MO004000004,MO004,address_zip+proximity,1.0,1
PH:MO004010,PH:MO004000002,MO004,address_zip,,1
PH:MO004011,PH:MO004000003,MO004,address_zip+proximity,0.0,1
PH:MO004014,PH:MO004000005,MO004,proximity,18.1,1
PH:MO006001,PH:MO006000001,MO006,proximity,48.0,1
PH:MO007004,PH:MO007000003,MO007,address_zip+proximity,2.6,1
PH:MO007007,PH:MO007000004,MO007,address_zip+proximity,0.0,1
PH:MO009001,PH:MO009000001,MO009,address_zip+proximity,2.4,1
PH:MO009003,PH:MO009000003,MO009,address_zip,,1
PH:MO010001,PH:MO010000001,MO010,address_zip,,1
PH:MO011002,PH:MO011000001,MO011,address_zip,,1
PH:MO012004,PH:MO012000001,MO012,address_zip+proximity,0.0,1
PH:MO013006,PH:MO013000002,MO013,address_zip,,1
PH:MO016002,PH:MO016000001,MO016,address_zip+proximity,2.1,1
PH:MO016003,PH:MO016000001,MO016,proximity,25.4,1
PH:MO017002,PH:MO017000001,MO017,address_zip+proximity,41.4,1
PH:MO017003,PH:MO017000002,MO017,address_zip+proximity,1.9,1
PH:MO017005,PH:MO017000002,MO017,address_zip+proximity,1.9,1
PH:MO018001,PH:MO018000001,MO018,proximity,2.1,1
PH:MO018002,PH:MO018000002,MO018,proximity,5.5,1
PH:MO018003,PH:MO018000003,MO018,address_zip,,1
PH:MO019001,PH:MO019000001,MO019,proximity,33.1,1
PH:MO020001,PH:MO020000001,MO020,address_zip+proximity,0.2,1
PH:MO025001,PH:MO025000001,MO025,address_zip,,1
PH:MO027001,PH:MO027000001,MO027,address_zip+proximity,1.2,1
PH:MO031001,PH:MO031000886,MO031,proximity,25.1,1
PH:MO033001,PH:MO033000001,MO033,address_zip,,1
PH:MO035001,PH:MO035000001,MO035,address_zip,,1
PH:MO036004,PH:MO036000002,MO036,address_zip+proximity,0.0,1
PH:MO037001,PH:MO037000001,MO037,address_zip,,1
PH:MO038001,PH:MO038000001,MO038,address_zip,,1
PH:MO039001,PH:MO039000001,MO039,address_zip,,1
PH:MO040001,PH:MO040654831,MO040,proximity,27.0,1
PH:MO041001,PH:MO041000001,MO041,address_zip,,1
PH:MO041002,PH:MO041000001,MO041,address_zip,,1
PH:MO041003,PH:MO041000001,MO041,address_zip,,1
PH:MO042003,PH:MO042000001,MO042,proximity,38.1,1
PH:MO045001,PH:MO045000001,MO045,address_zip,,1
PH:MO050002,PH:MO050000001,MO050,address_zip,,1
PH:MO051002,PH:MO051000001,MO051,address_zip,,1
PH:MO052001,PH:MO052000001,MO052,address_zip+proximity,1.8,1
PH:MO053001,PH:MO053000001,MO053,address_zip,,1
PH:MO054001,PH:MO054000001,MO054,address_zip,,1
PH:MO056001,PH:MO056000010,MO056,address_zip+proximity,2.0,1
PH:MO057001,PH:MO057000001,MO057,address_zip+proximity,22.3,1
PH:MO058002,PH:MO058000001,MO058,address_zip+proximity,0.0,1
PH:MO058003,PH:MO058000003,MO058,address_zip+proximity,47.7,1
PH:MO058006,PH:MO058000004,MO058,address_zip,,1
PH:MO058007,PH:MO058000002,MO058,address_zip+proximity,1.4,1
PH:MO059001,PH:MO059000001,MO059,proximity,22.7,1
PH:MO060003,PH:MO060000001,MO060,address_zip,,1
PH:MO061001,PH:MO061000001,MO061,proximity,27.8,1
PH:MO062001,PH:MO062000001,MO062,address_zip,,1
PH:MO063001,PH:MO063000001,MO063,address_zip,,1
PH:MO064001,PH:MO064000001,MO064,proximity,12.6,1
PH:MO066001,PH:MO066000001,MO066,address_zip+proximity,29.9,1
PH:MO067001,PH:MO067000001,MO067,address_zip,,1
PH:MO068001,PH:MO068000001,MO068,address_zip+proximity,19.2,1
PH:MO069001,PH:MO069000001,MO069,proximity,46.3,1
PH:MO070001,PH:MO070000001,MO070,address_zip,,1
PH:MO071001,PH:MO071000001,MO071,address_zip+proximity,0.0,1
PH:MO072001,PH:MO072000001,MO072,proximity,49.3,1
PH:MO073001,PH:MO073000001,MO073,address_zip+proximity,41.1,1
PH:MO074005,PH:MO074000001,MO074,proximity,8.8,1
PH:MO076001,PH:MO076000001,MO076,address_zip+proximity,35.9,1
PH:MO077002,PH:MO077000001,MO077,address_zip+proximity,22.4,1
PH:MO078002,PH:MO078000001,MO078,proximity,0.4,1
PH:MO079001,PH:MO079000001,MO079,address_zip+proximity,7.6,1
PH:MO090001,PH:MO090000001,MO090,address_zip+proximity,3.6,1
PH:MO096001,PH:MO096000001,MO096,address_zip,,1
PH:MO098001,PH:MO098000001,MO098,proximity,30.5,1
PH:MO103001,PH:MO103000001,MO103,address_zip+proximity,0.0,1
PH:MO107001,PH:MO107000001,MO107,address_zip+proximity,0.0,1
PH:MO110001,PH:MO110000001,MO110,address_zip+proximity,10.3,1
PH:MO111004,PH:MO111000001,MO111,address_zip,,1
PH:MO125001,PH:MO125000001,MO125,address_zip,,1
PH:MO125002,PH:MO125000001,MO125,proximity,47.8,1
PH:MO129002,PH:MO129000001,MO129,address_zip+proximity,0.0,1
PH:MO132001,PH:MO132000001,MO132,address_zip+proximity,17.1,1
PH:MO138001,PH:MO138000001,MO138,address_zip,,1
PH:MO147001,PH:MO147000001,MO147,proximity,8.5,1
PH:MO147002,PH:MO147000001,MO147,proximity,8.5,1
PH:MO149002,PH:MO149000001,MO149,address_zip+proximity,6.6,1
PH:MO179001,PH:MO179000001,MO179,address_zip+proximity,30.7,1
PH:MO187001,PH:MO187000001,MO187,address_zip+proximity,38.2,1
PH:MO188006,PH:MO188000001,MO188,address_zip+proximity,16.5,1
PH:MO191002,PH:MO191000001,MO191,address_zip,,1
PH:MO192001,PH:MO192000001,MO192,address_zip,,1
PH:MO209001,PH:MO209000001,MO209,address_zip+proximity,0.9,1
PH:MO218002,PH:MO218000001,MO218,address_zip+proximity,20.1,1
PH:MO220003,PH:MO220000001,MO220,address_zip,,1
PH:MO221001,PH:MO221000001,MO221,address_zip,,1
PH:MO223003,PH:MO223000001,MO223,proximity,12.1,1
PH:MS001001,PH:MS001000001,MS001,address_zip,,1
PH:MS001002,PH:MS001000002,MS001,address_zip+proximity,3.5,1
PH:MS002001,PH:MS002000001,MS002,proximity,32.0,1
PH:MS002005,PH:MS002000004,MS002,address_zip+proximity,16.7,1
PH:MS003001,PH:MS003000002,MS003,address_zip,,1
PH:MS003002,PH:MS003000001,MS003,address_zip+proximity,7.7,1
PH:MS004001,PH:MS004000001,MS004,address_zip,,1
PH:MS004003,PH:MS004000003,MS004,address_zip+proximity,33.3,1
PH:MS004004,PH:MS004000004,MS004,address_zip+proximity,0.0,1
PH:MS004012,PH:MS004000051,MS004,address_zip,,1
PH:MS004013,PH:MS004000013,MS004,address_zip+proximity,33.7,1
PH:MS005004,PH:MS005000002,MS005,address_zip,,1
PH:MS005008,PH:MS005000004,MS005,address_zip+proximity,34.8,1
PH:MS005013,PH:MS005000006,MS005,address_zip+proximity,0.0,2
PH:MS005013,PH:MS005000007,MS005,address_zip+proximity,0.0,2
PH:MS006011,PH:MS006000013,MS006,address_zip+proximity,0.0,1
PH:MS006015,PH:MS006000023,MS006,address_zip+proximity,0.0,1
PH:MS006016,PH:MS006000021,MS006,address_zip,,1
PH:MS006019,PH:MS006000014,MS006,address_zip+proximity,0.0,1
PH:MS007005,PH:MS007000010,MS007,address_zip,,1
PH:MS019003,PH:MS019000001,MS019,address_zip,,1
PH:MS030020,PH:MS030000001,MS030,address_zip,,1
PH:MS030022,PH:MS030000003,MS030,address_zip,,1
PH:MS030024,PH:MS030000001,MS030,address_zip,,1
PH:MS040020,PH:MS040000009,MS040,address_zip+proximity,4.6,1
PH:MS040027,PH:MS040000007,MS040,proximity,42.5,1
PH:MS040030,PH:MS040000002,MS040,address_zip+proximity,8.1,1
PH:MS040034,PH:MS040000010,MS040,address_zip+proximity,0.0,1
PH:MS040036,PH:MS040000022,MS040,address_zip,,1
PH:MS047001,PH:MS047000001,MS047,proximity,36.6,1
PH:MS047003,PH:MS047000001,MS047,proximity,33.9,1
PH:MS057001,PH:MS057000001,MS057,address_zip,,1
PH:MS058006,PH:MS058000006,MS058,address_zip,,1
PH:MS060001,PH:MS060000040,MS060,proximity,32.4,2
PH:MS060001,PH:MS060000050,MS060,proximity,32.4,2
PH:MS060002,PH:MS060000010,MS060,address_zip+proximity,1.0,1
PH:MS060005,PH:MS060000020,MS060,address_zip+proximity,31.0,1
PH:MS060006,PH:MS060000030,MS060,address_zip+proximity,2.2,1
PH:MS061001,PH:MS061000001,MS061,address_zip+proximity,0.0,1
PH:MS062001,PH:MS062000001,MS062,address_zip,,1
PH:MS062003,PH:MS062000001,MS062,address_zip,,1
PH:MS063003,PH:MS063000002,MS063,address_zip,,1
PH:MS063004,PH:MS063000001,MS063,proximity,39.9,1
PH:MS063007,PH:MS063000003,MS063,proximity,25.1,1
PH:MS065001,PH:MS065000001,MS065,address_zip+proximity,36.5,1
PH:MS066002,PH:MS066000001,MS066,address_zip+proximity,0.4,1
PH:MS066004,PH:MS066000001,MS066,proximity,17.4,1
PH:MS066007,PH:MS066000002,MS066,address_zip+proximity,20.7,1
PH:MS066008,PH:MS066000003,MS066,address_zip+proximity,0.0,1
PH:MS066009,PH:MS066000002,MS066,address_zip+proximity,20.7,1
PH:MS067003,PH:MS067000001,MS067,proximity,0.0,1
PH:MS068001,PH:MS068000001,MS068,address_zip,,1
PH:MS070002,PH:MS070000001,MS070,address_zip,,1
PH:MS071003,PH:MS071000001,MS071,address_zip+proximity,10.1,1
PH:MS072005,PH:MS072000002,MS072,address_zip+proximity,7.2,1
PH:MS075003,PH:MS075000001,MS075,proximity,43.2,1
PH:MS076001,PH:MS076000001,MS076,proximity,37.2,1
PH:MS076004,PH:MS076000004,MS076,address_zip,,1
PH:MS077003,PH:MS077000001,MS077,address_zip,,2
PH:MS077003,PH:MS077000003,MS077,address_zip+proximity,0.0,2
PH:MS077004,PH:MS077000004,MS077,address_zip+proximity,0.0,1
PH:MS078002,PH:MS078000001,MS078,address_zip,,1
PH:MS079001,PH:MS079000001,MS079,proximity,25.3,1
PH:MS080002,PH:MS080000001,MS080,address_zip+proximity,0.0,1
PH:MS081001,PH:MS081000001,MS081,address_zip+proximity,46.7,1
PH:MS083002,PH:MS083000001,MS083,address_zip,,1
PH:MS084001,PH:MS084000001,MS084,address_zip,,1
PH:MS085002,PH:MS085000001,MS085,address_zip,,1
PH:MS086002,PH:MS086000001,MS086,address_zip+proximity,0.0,1
PH:MS086003,PH:MS086000002,MS086,address_zip,,1
PH:MS086004,PH:MS086000003,MS086,address_zip+proximity,9.3,1
PH:MS090001,PH:MS090000001,MS090,proximity,37.4,1
PH:MS093001,PH:MS093000010,MS093,address_zip+proximity,2.5,1
PH:MS093007,PH:MS093000010,MS093,proximity,9.3,1
PH:MS094002,PH:MS094000001,MS094,address_zip+proximity,31.2,1
PH:MS096001,PH:MS096000001,MS096,address_zip,,1
PH:MS103004,PH:MS103000002,MS103,address_zip,,1
PH:MS105003,PH:MS105000001,MS105,address_zip,,1
PH:MS105004,PH:MS105000002,MS105,address_zip,,1
PH:MS107001,PH:MS107000300,MS107,address_zip+proximity,0.0,1
PH:MS107005,PH:MS107000200,MS107,address_zip,,1
PH:MS107008,PH:MS107000400,MS107,address_zip+proximity,0.0,1
PH:MS107011,PH:MS107000100,MS107,address_zip+proximity,6.7,1
PH:MS109002,PH:MS109000001,MS109,address_zip+proximity,0.0,1
PH:MS110001,PH:MS110000001,MS110,address_zip,,1
PH:MS111001,PH:MS111600021,MS111,address_zip+proximity,4.9,1
PH:MS117002,PH:MS117000001,MS117,proximity,43.3,1
PH:MS121002,PH:MS121000001,MS121,address_zip,,1
PH:MT001006,PH:MT001000001,MT001,address_zip+proximity,32.0,1
PH:MT002002,PH:MT002000002,MT002,proximity,42.4,1
PH:MT002005,PH:MT002000005,MT002,address_zip,,1
PH:MT003006,PH:MT003000004,MT003,address_zip+proximity,0.0,1
PH:MT004004,PH:MT004000001,MT004,address_zip,,2
PH:MT004004,PH:MT004000002,MT004,address_zip+proximity,0.0,2
PH:MT004008,PH:MT004000001,MT004,address_zip,,2
PH:MT004008,PH:MT004000002,MT004,address_zip+proximity,0.0,2
PH:MT004010,PH:MT004000003,MT004,proximity,8.6,1
PH:MT005003,PH:MT005000001,MT005,address_zip+proximity,0.1,1
PH:MT007001,PH:MT007000001,MT007,proximity,2.2,1
PH:MT015001,PH:MT015000001,MT015,proximity,0.5,1
PH:MT029001,PH:MT029000001,MT029,address_zip,,1
PH:MT033002,PH:MT033000001,MT033,address_zip,,1
PH:MT033019,PH:MT033000001,MT033,address_zip,,1
PH:NC001005,PH:NC001000005,NC001,proximity,5.4,1
PH:NC001007,PH:NC001000007,NC001,address_zip,,1
PH:NC001008,PH:NC001000080,NC001,address_zip,,1
PH:NC002005,PH:NC002000005,NC002,proximity,24.7,1
PH:NC002006,PH:NC002000006,NC002,proximity,0.4,1
PH:NC002007,PH:NC002000007,NC002,proximity,48.5,1
PH:NC002011,PH:NC002000011,NC002,address_zip+proximity,18.4,1
PH:NC002014,PH:NC002000014,NC002,address_zip+proximity,3.1,1
PH:NC002015,PH:NC002000015,NC002,address_zip,,1
PH:NC002019,PH:NC002000019,NC002,address_zip,,1
PH:NC002022,PH:NC002000022,NC002,proximity,36.4,1
PH:NC002025,PH:NC002000025,NC002,address_zip+proximity,32.7,1
PH:NC002031,PH:NC002000038,NC002,address_zip+proximity,6.3,1
PH:NC002036,PH:NC002000036,NC002,address_zip,,1
PH:NC003005,PH:NC003000022,NC003,address_zip+proximity,0.3,1
PH:NC003006,PH:NC003000006,NC003,address_zip+proximity,10.7,1
PH:NC003007,PH:NC003000064,NC003,address_zip+proximity,16.6,2
PH:NC003007,PH:NC003000058,NC003,proximity,29.5,2
PH:NC003009,PH:NC003000010,NC003,address_zip+proximity,0.0,1
PH:NC003012,PH:NC003000012,NC003,address_zip+proximity,9.2,1
PH:NC003016,PH:NC003000016,NC003,proximity,34.3,1
PH:NC003018,PH:NC003000018,NC003,address_zip,,1
PH:NC003019,PH:NC003000019,NC003,address_zip+proximity,1.7,2
PH:NC003019,PH:NC003000065,NC003,address_zip+proximity,1.7,2
PH:NC003026,PH:NC003000025,NC003,proximity,29.4,1
PH:NC003029,PH:NC003000062,NC003,proximity,17.4,1
PH:NC003030,PH:NC003000030,NC003,address_zip+proximity,6.3,1
PH:NC003031,PH:NC003000031,NC003,address_zip+proximity,25.4,1
PH:NC003032,PH:NC003000032,NC003,address_zip+proximity,11.0,2
PH:NC003032,PH:NC003000009,NC003,proximity,33.1,2
PH:NC003033,PH:NC003000033,NC003,address_zip,,1
PH:NC003038,PH:NC003000038,NC003,address_zip+proximity,0.0,2
PH:NC003038,PH:NC003000049,NC003,proximity,40.1,2
PH:NC003039,PH:NC003000039,NC003,address_zip,,1
PH:NC003040,PH:NC003000040,NC003,address_zip+proximity,23.1,1
PH:NC003042,PH:NC003000042,NC003,address_zip,,1
PH:NC004007,PH:NC004000007,NC004,address_zip,,1
PH:NC004010,PH:NC004000010,NC004,address_zip+proximity,0.7,1
PH:NC005001,PH:NC005000001,NC005,proximity,45.5,1
PH:NC005003,PH:NC005000001,NC005,proximity,15.1,1
PH:NC006002,PH:NC006000002,NC006,address_zip+proximity,0.0,2
PH:NC006002,PH:NC006000015,NC006,proximity,42.8,2
PH:NC006003,PH:NC006000003,NC006,address_zip+proximity,21.8,1
PH:NC006005,PH:NC006000005,NC006,address_zip+proximity,23.6,1
PH:NC006006,PH:NC006000006,NC006,address_zip+proximity,41.9,1
PH:NC006008,PH:NC006000008,NC006,address_zip+proximity,0.3,1
PH:NC006009,PH:NC006000009,NC006,address_zip,,1
PH:NC006013,PH:NC006000012,NC006,address_zip+proximity,27.7,1
PH:NC006015,PH:NC006000015,NC006,address_zip+proximity,1.2,2
PH:NC006015,PH:NC006000002,NC006,proximity,43.5,2
PH:NC006017,PH:NC006000017,NC006,address_zip,,1
PH:NC006019,PH:NC006000019,NC006,address_zip,,1
PH:NC006021,PH:NC006000021,NC006,address_zip,,1
PH:NC007001,PH:NC007000001,NC007,address_zip+proximity,20.5,1
PH:NC007005,PH:NC007000005,NC007,address_zip,,1
PH:NC007006,PH:NC007000006,NC007,address_zip+proximity,16.1,1
PH:NC007009,PH:NC007000009,NC007,proximity,0.0,1
PH:NC007010,PH:NC007000010,NC007,proximity,0.0,1
PH:NC007012,PH:NC007000012,NC007,proximity,0.0,1
PH:NC007019,PH:NC007000019,NC007,proximity,17.7,1
PH:NC008001,PH:NC008000001,NC008,address_zip+proximity,25.7,1
PH:NC009006,PH:NC009000003,NC009,address_zip,,1
PH:NC009009,PH:NC009000004,NC009,proximity,11.8,1
PH:NC009013,PH:NC009000005,NC009,address_zip+proximity,29.9,1
PH:NC010011,PH:NC010000006,NC010,address_zip+proximity,29.0,1
PH:NC010012,PH:NC010000004,NC010,address_zip+proximity,19.0,1
PH:NC010015,PH:NC010000007,NC010,address_zip+proximity,35.3,1
PH:NC010017,PH:NC010000008,NC010,address_zip+proximity,8.1,1
PH:NC010022,PH:NC010000009,NC010,proximity,21.5,1
PH:NC011001,PH:NC011001005,NC011,address_zip,,1
PH:NC011008,PH:NC011008035,NC011,address_zip+proximity,2.3,1
PH:NC011009,PH:NC011009040,NC011,address_zip+proximity,22.0,1
PH:NC011013,PH:NC011013060,NC011,address_zip,,1
PH:NC011016,PH:NC011016070,NC011,address_zip+proximity,0.4,1
PH:NC011017,PH:NC011017075,NC011,address_zip+proximity,0.0,1
PH:NC011018,PH:NC011018080,NC011,address_zip+proximity,0.0,1
PH:NC011024,PH:NC011024085,NC011,address_zip+proximity,0.0,1
PH:NC011027,PH:NC011027090,NC011,address_zip+proximity,0.0,1
PH:NC011031,PH:NC011031110,NC011,address_zip,,1
PH:NC011032,PH:NC011032105,NC011,proximity,0.9,1
PH:NC011033,PH:NC011033110,NC011,proximity,15.6,1
PH:NC012003,PH:NC012000003,NC012,address_zip+proximity,19.6,1
PH:NC012008,PH:NC012000008,NC012,address_zip+proximity,27.4,1
PH:NC012009,PH:NC012000009,NC012,address_zip+proximity,9.6,1
PH:NC012012,PH:NC012000012,NC012,address_zip+proximity,12.1,1
PH:NC012021,PH:NC012000021,NC012,proximity,35.8,1
PH:NC012022,PH:NC012000022,NC012,proximity,2.0,1
PH:NC012030,PH:NC012000030,NC012,address_zip,,1
PH:NC012031,PH:NC012000031,NC012,proximity,45.3,1
PH:NC012032,PH:NC012000032,NC012,address_zip,,1
PH:NC013002,PH:NC013000002,NC013,proximity,0.0,1
PH:NC013004,PH:NC013000003,NC013,proximity,3.5,1
PH:NC013006,PH:NC013000004,NC013,address_zip+proximity,31.4,1
PH:NC013007,PH:NC013000005,NC013,address_zip+proximity,0.0,1
PH:NC013009,PH:NC013000007,NC013,address_zip,,1
PH:NC013010,PH:NC013000008,NC013,address_zip,,1
PH:NC013011,PH:NC013000009,NC013,address_zip,,1
PH:NC013012,PH:NC013000010,NC013,address_zip,,1
PH:NC013013,PH:NC013000011,NC013,proximity,6.1,1
PH:NC013018,PH:NC013000013,NC013,address_zip+proximity,39.0,1
PH:NC013020,PH:NC013000014,NC013,address_zip+proximity,0.4,1
PH:NC013022,PH:NC013000015,NC013,proximity,3.0,1
PH:NC013023,PH:NC013000029,NC013,address_zip,,1
PH:NC013024,PH:NC013000030,NC013,address_zip+proximity,3.1,1
PH:NC013025,PH:NC013000016,NC013,address_zip+proximity,11.9,1
PH:NC014001,PH:NC014000003,NC014,address_zip+proximity,40.2,1
PH:NC014007,PH:NC014000001,NC014,address_zip,,2
PH:NC014007,PH:NC014000005,NC014,address_zip+proximity,0.0,2
PH:NC014011,PH:NC014000002,NC014,address_zip+proximity,9.5,2
PH:NC014011,PH:NC014000006,NC014,address_zip+proximity,0.0,2
PH:NC015007,PH:NC015000400,NC015,proximity,40.7,1
PH:NC016001,PH:NC016000001,NC016,address_zip+proximity,0.0,1
PH:NC016005,PH:NC016000005,NC016,address_zip+proximity,0.0,1
PH:NC016007,PH:NC016000007,NC016,address_zip,,1
PH:NC017001,PH:NC017000001,NC017,address_zip+proximity,14.2,1
PH:NC018008,PH:NC018000001,NC018,proximity,39.5,2
PH:NC018008,PH:NC018000002,NC018,proximity,39.5,2
PH:NC019015,PH:NC019000002,NC019,address_zip+proximity,47.2,1
PH:NC020002,PH:NC020000002,NC020,address_zip+proximity,6.0,1
PH:NC020006,PH:NC020000109,NC020,address_zip+proximity,23.6,1
PH:NC020008,PH:NC020000003,NC020,address_zip+proximity,5.5,1
PH:NC021006,PH:NC021000003,NC021,proximity,31.8,1
PH:NC021007,PH:NC021000002,NC021,address_zip+proximity,24.5,1
PH:NC022003,PH:NC022000011,NC022,address_zip+proximity,10.6,1
PH:NC022006,PH:NC022000012,NC022,address_zip+proximity,32.3,1
PH:NC022008,PH:NC022000010,NC022,address_zip,,1
PH:NC023004,PH:NC023000001,NC023,proximity,34.9,2
PH:NC023004,PH:NC023000234,NC023,proximity,44.3,2
PH:NC024001,PH:NC024000001,NC024,address_zip,,1
PH:NC025001,PH:NC025000001,NC025,address_zip+proximity,2.0,1
PH:NC025004,PH:NC025000001,NC025,proximity,44.9,1
PH:NC026002,PH:NC026000002,NC026,address_zip,,1
PH:NC026005,PH:NC026000003,NC026,address_zip+proximity,6.2,1
PH:NC027003,PH:NC027000002,NC027,proximity,33.1,1
PH:NC028002,PH:NC028000001,NC028,address_zip,,1
PH:NC030002,PH:NC030000001,NC030,address_zip,,1
PH:NC032004,PH:NC032000003,NC032,address_zip,,1
PH:NC032005,PH:NC032000001,NC032,address_zip,,2
PH:NC032005,PH:NC032000002,NC032,address_zip,,2
PH:NC033002,PH:NC033000001,NC033,address_zip,,1
PH:NC035001,PH:NC035000001,NC035,proximity,18.5,1
PH:NC035004,PH:NC035000002,NC035,proximity,41.0,1
PH:NC036004,PH:NC036000001,NC036,address_zip+proximity,17.6,1
PH:NC040002,PH:NC040000001,NC040,proximity,24.6,1
PH:NC045002,PH:NC045000010,NC045,address_zip,,1
PH:NC046007,PH:NC046000001,NC046,address_zip+proximity,47.4,1
PH:NC046009,PH:NC046000002,NC046,address_zip+proximity,10.0,1
PH:NC047001,PH:NC047000001,NC047,proximity,13.7,1
PH:NC048001,PH:NC048000001,NC048,proximity,0.0,1
PH:NC050003,PH:NC050000001,NC050,proximity,17.1,1
PH:NC051001,PH:NC051000001,NC051,proximity,48.6,1
PH:NC052001,PH:NC052000001,NC052,proximity,10.6,1
PH:NC054001,PH:NC054000001,NC054,address_zip+proximity,20.9,1
PH:NC055002,PH:NC055000001,NC055,address_zip,,1
PH:NC056002,PH:NC056000087,NC056,address_zip+proximity,37.0,1
PH:NC057001,PH:NC057000011,NC057,address_zip,,1
PH:NC057003,PH:NC057000013,NC057,address_zip,,1
PH:NC058001,PH:NC058000010,NC058,address_zip,,1
PH:NC060001,PH:NC060000001,NC060,proximity,21.3,1
PH:NC061001,PH:NC061000001,NC061,address_zip+proximity,2.7,1
PH:NC062001,PH:NC062000001,NC062,proximity,24.8,1
PH:NC064003,PH:NC064000001,NC064,proximity,26.1,1
PH:NC065004,PH:NC065000001,NC065,address_zip,,1
PH:NC066002,PH:NC066000002,NC066,proximity,45.6,1
PH:NC067001,PH:NC067000001,NC067,address_zip,,1
PH:NC068001,PH:NC068000001,NC068,address_zip+proximity,39.2,1
PH:NC069002,PH:NC069000001,NC069,address_zip+proximity,0.0,1
PH:NC070002,PH:NC070000001,NC070,proximity,37.6,1
PH:NC071004,PH:NC071000001,NC071,proximity,41.4,1
PH:NC072002,PH:NC072000001,NC072,proximity,5.8,1
PH:NC072007,PH:NC072000002,NC072,proximity,45.7,1
PH:NC073001,PH:NC073000001,NC073,proximity,25.3,1
PH:NC073002,PH:NC073000002,NC073,address_zip,,1
PH:NC074002,PH:NC074000001,NC074,address_zip,,1
PH:NC079001,PH:NC079000001,NC079,address_zip,,1
PH:NC080001,PH:NC080000001,NC080,address_zip,,1
PH:NC081001,PH:NC081000001,NC081,address_zip+proximity,1.9,1
PH:NC084001,PH:NC084000002,NC084,proximity,35.9,1
PH:NC085001,PH:NC085000001,NC085,proximity,14.3,1
PH:NC087006,PH:NC087000001,NC087,address_zip+proximity,26.1,1
PH:NC088001,PH:NC088000001,NC088,address_zip,,1
PH:NC089001,PH:NC089000001,NC089,address_zip,,1
PH:NC092001,PH:NC092000001,NC092,address_zip,,1
PH:NC093001,PH:NC093000001,NC093,address_zip,,1
PH:NC095003,PH:NC095000001,NC095,address_zip,,1
PH:NC102005,PH:NC102000001,NC102,proximity,14.3,1
PH:NC105001,PH:NC105000001,NC105,address_zip+proximity,23.5,1
PH:NC114001,PH:NC114000001,NC114,address_zip,,1
PH:NC114002,PH:NC114000002,NC114,address_zip+proximity,0.0,1
PH:NC114003,PH:NC114000003,NC114,address_zip+proximity,0.0,1
PH:NC117004,PH:NC117000001,NC117,address_zip,,1
PH:NC118002,PH:NC118000002,NC118,proximity,18.2,1
PH:NC118003,PH:NC118000003,NC118,proximity,21.2,1
PH:NC118004,PH:NC118000004,NC118,proximity,4.2,1
PH:NC118005,PH:NC118000005,NC118,address_zip,,1
PH:NC118006,PH:NC118000006,NC118,proximity,7.7,1
PH:NC118007,PH:NC118000007,NC118,proximity,2.2,1
PH:NC118012,PH:NC118000012,NC118,proximity,4.1,1
PH:NC119002,PH:NC119000006,NC119,address_zip,,1
PH:NC167001,PH:NC167000001,NC167,address_zip,,1
PH:NC174001,PH:NC174000001,NC174,address_zip,,1
PH:NC175001,PH:NC175000001,NC175,proximity,4.1,1
PH:ND001006,PH:ND001000001,ND001,address_zip+proximity,5.8,1
PH:ND002002,PH:ND002000001,ND002,address_zip+proximity,26.0,1
PH:ND003002,PH:ND003200601,ND003,address_zip+proximity,1.8,1
PH:ND003003,PH:ND003200601,ND003,address_zip+proximity,1.8,1
PH:ND009001,PH:ND009000001,ND009,address_zip+proximity,0.0,1
PH:ND013002,PH:ND013000100,ND013,address_zip,,1
PH:ND014001,PH:ND014000001,ND014,address_zip,,1
PH:ND014003,PH:ND014000003,ND014,proximity,38.8,1
PH:ND014006,PH:ND014000002,ND014,address_zip+proximity,43.5,1
PH:ND015001,PH:ND015000001,ND015,address_zip,,1
PH:ND017002,PH:ND017000001,ND017,address_zip+proximity,0.0,1
PH:ND021001,PH:ND021000001,ND021,address_zip+proximity,5.8,1
PH:ND021004,PH:ND021000004,ND021,address_zip+proximity,40.0,1
PH:ND021005,PH:ND021000005,ND021,address_zip+proximity,23.1,2
PH:ND021005,PH:ND021000002,ND021,proximity,41.9,2
PH:ND022001,PH:ND022000001,ND022,address_zip+proximity,2.4,1
PH:ND030001,PH:ND030000001,ND030,address_zip+proximity,0.1,1
PH:ND039002,PH:ND039000002,ND039,address_zip+proximity,29.6,1
PH:ND054001,PH:ND054000001,ND054,address_zip,,1
PH:NE001007,PH:NE001000005,NE001,address_zip+proximity,5.7,1
PH:NE001009,PH:NE001000009,NE001,address_zip+proximity,9.0,1
PH:NE001010,PH:NE001000011,NE001,address_zip+proximity,0.8,1
PH:NE001011,PH:NE001000013,NE001,address_zip,,1
PH:NE001012,PH:NE001000014,NE001,address_zip,,1
PH:NE001017,PH:NE001000015,NE001,address_zip,,1
PH:NE001044,PH:NE001000017,NE001,proximity,16.0,1
PH:NE001045,PH:NE001000020,NE001,proximity,13.7,1
PH:NE001048,PH:NE001000023,NE001,address_zip+proximity,24.9,1
PH:NE001049,PH:NE001000024,NE001,address_zip,,2
PH:NE001049,PH:NE001000028,NE001,proximity,45.5,2
PH:NE001050,PH:NE001000025,NE001,address_zip+proximity,0.0,1
PH:NE001051,PH:NE001000026,NE001,address_zip+proximity,0.1,1
PH:NE001052,PH:NE001000027,NE001,address_zip+proximity,1.8,1
PH:NE001053,PH:NE001000028,NE001,address_zip+proximity,2.0,2
PH:NE001053,PH:NE001000024,NE001,proximity,25.1,2
PH:NE001055,PH:NE001000018,NE001,address_zip+proximity,37.4,1
PH:NE002002,PH:NE002000001,NE002,address_zip+proximity,48.1,1
PH:NE002009,PH:NE002000002,NE002,proximity,30.5,1
PH:NE002013,PH:NE002000003,NE002,proximity,12.3,1
PH:NE003003,PH:NE003000001,NE003,address_zip,,1
PH:NE003005,PH:NE003000003,NE003,proximity,13.3,1
PH:NE004001,PH:NE004000001,NE004,address_zip+proximity,0.0,1
PH:NE004002,PH:NE004000001,NE004,address_zip+proximity,0.0,1
PH:NE006001,PH:NE006000001,NE006,address_zip+proximity,17.7,1
PH:NE008001,PH:NE008000001,NE008,address_zip,,1
PH:NE008002,PH:NE008000001,NE008,address_zip,,1
PH:NE010001,PH:NE010000001,NE010,address_zip,,1
PH:NE011001,PH:NE011000001,NE011,address_zip,,1
PH:NE012001,PH:NE012000001,NE012,address_zip+proximity,4.9,1
PH:NE014001,PH:NE014000001,NE014,address_zip,,1
PH:NE015001,PH:NE015000001,NE015,address_zip+proximity,37.1,1
PH:NE017001,PH:NE017000001,NE017,address_zip,,1
PH:NE018001,PH:NE018000001,NE018,address_zip+proximity,22.7,1
PH:NE019001,PH:NE019000001,NE019,address_zip+proximity,36.5,1
PH:NE020001,PH:NE020000001,NE020,address_zip,,1
PH:NE021001,PH:NE021000001,NE021,address_zip,,1
PH:NE022001,PH:NE022000001,NE022,address_zip,,1
PH:NE023001,PH:NE023000001,NE023,address_zip+proximity,36.5,1
PH:NE024001,PH:NE024000001,NE024,address_zip+proximity,1.4,1
PH:NE025001,PH:NE025000001,NE025,address_zip+proximity,47.1,1
PH:NE025002,PH:NE025000001,NE025,address_zip+proximity,47.1,1
PH:NE026001,PH:NE026000001,NE026,address_zip,,1
PH:NE026002,PH:NE026000001,NE026,address_zip,,1
PH:NE027001,PH:NE027000001,NE027,address_zip+proximity,0.0,1
PH:NE028001,PH:NE028000001,NE028,address_zip,,1
PH:NE028002,PH:NE028000001,NE028,address_zip,,1
PH:NE029001,PH:NE029000001,NE029,address_zip,,1
PH:NE030001,PH:NE030000001,NE030,address_zip+proximity,0.0,1
PH:NE031001,PH:NE031000001,NE031,address_zip,,1
PH:NE031002,PH:NE031000001,NE031,address_zip,,1
PH:NE032001,PH:NE032000001,NE032,address_zip,,1
PH:NE033001,PH:NE033000001,NE033,address_zip+proximity,0.0,1
PH:NE034001,PH:NE034000001,NE034,address_zip,,1
PH:NE035001,PH:NE035000001,NE035,address_zip+proximity,30.9,1
PH:NE037001,PH:NE037000001,NE037,address_zip+proximity,0.0,1
PH:NE038001,PH:NE038000001,NE038,address_zip+proximity,48.8,1
PH:NE039001,PH:NE039000001,NE039,address_zip+proximity,1.7,1
PH:NE039002,PH:NE039000001,NE039,address_zip+proximity,1.7,1
PH:NE040001,PH:NE040000001,NE040,address_zip+proximity,35.8,1
PH:NE041001,PH:NE041000001,NE041,address_zip+proximity,34.6,1
PH:NE042001,PH:NE042000001,NE042,address_zip,,1
PH:NE043001,PH:NE043000001,NE043,address_zip,,1
PH:NE046001,PH:NE046000001,NE046,address_zip,,1
PH:NE047001,PH:NE047000001,NE047,address_zip,,1
PH:NE050001,PH:NE050000001,NE050,address_zip+proximity,48.4,1
PH:NE051001,PH:NE051000001,NE051,address_zip+proximity,37.7,1
PH:NE053001,PH:NE053000001,NE053,address_zip,,1
PH:NE057001,PH:NE057000001,NE057,address_zip+proximity,0.0,1
PH:NE059002,PH:NE059000001,NE059,address_zip+proximity,0.0,1
PH:NE063001,PH:NE063000001,NE063,address_zip+proximity,12.4,1
PH:NE063002,PH:NE063000001,NE063,address_zip+proximity,12.4,1
PH:NE064001,PH:NE064000001,NE064,address_zip+proximity,0.0,1
PH:NE065001,PH:NE065000001,NE065,address_zip+proximity,38.4,1
PH:NE067001,PH:NE067000001,NE067,address_zip,,1
PH:NE068001,PH:NE068000001,NE068,address_zip,,1
PH:NE070001,PH:NE070000001,NE070,address_zip,,1
PH:NE071001,PH:NE071000001,NE071,address_zip,,1
PH:NE072001,PH:NE072000001,NE072,address_zip,,1
PH:NE073001,PH:NE073000001,NE073,address_zip,,1
PH:NE074001,PH:NE074000001,NE074,address_zip,,1
PH:NE075001,PH:NE075000001,NE075,address_zip,,1
PH:NE076001,PH:NE076000001,NE076,address_zip,,1
PH:NE077001,PH:NE077000001,NE077,address_zip,,1
PH:NE078005,PH:NE078000001,NE078,address_zip,,1
PH:NE082001,PH:NE082000001,NE082,address_zip+proximity,39.9,1
PH:NE083001,PH:NE083000001,NE083,address_zip+proximity,0.0,1
PH:NE085001,PH:NE085000001,NE085,address_zip,,1
PH:NE086001,PH:NE086000001,NE086,address_zip+proximity,5.2,1
PH:NE088001,PH:NE088000001,NE088,address_zip+proximity,25.6,1
PH:NE090001,PH:NE090000001,NE090,address_zip,,1
PH:NE091001,PH:NE091000001,NE091,address_zip,,1
PH:NE092001,PH:NE092000001,NE092,address_zip+proximity,0.0,1
PH:NE092002,PH:NE092000001,NE092,address_zip+proximity,0.0,1
PH:NE092003,PH:NE092000001,NE092,address_zip+proximity,0.0,1
PH:NE093001,PH:NE093000001,NE093,address_zip,,1
PH:NE094001,PH:NE094000001,NE094,address_zip+proximity,9.5,1
PH:NE095001,PH:NE095000001,NE095,address_zip+proximity,1.0,1
PH:NE096001,PH:NE096002621,NE096,address_zip+proximity,32.0,1
PH:NE097001,PH:NE097000001,NE097,address_zip+proximity,16.8,1
PH:NE098001,PH:NE098000001,NE098,address_zip+proximity,2.9,1
PH:NE099001,PH:NE099000001,NE099,address_zip,,1
PH:NE100001,PH:NE100000001,NE100,address_zip+proximity,2.7,1
PH:NE101001,PH:NE101000001,NE101,address_zip+proximity,0.3,1
PH:NE102001,PH:NE102000001,NE102,address_zip+proximity,0.0,1
PH:NE103001,PH:NE103000001,NE103,address_zip+proximity,39.2,1
PH:NE106001,PH:NE106000001,NE106,address_zip+proximity,10.0,1
PH:NE107001,PH:NE107000001,NE107,address_zip,,1
PH:NE108001,PH:NE108000001,NE108,proximity,5.8,1
PH:NE109001,PH:NE109000001,NE109,address_zip,,1
PH:NE110001,PH:NE110000001,NE110,address_zip+proximity,0.0,1
PH:NE110002,PH:NE110000001,NE110,address_zip+proximity,0.0,1
PH:NE111001,PH:NE111000001,NE111,address_zip+proximity,13.3,1
PH:NE115001,PH:NE115000001,NE115,proximity,6.3,1
PH:NE117001,PH:NE117000001,NE117,address_zip+proximity,37.8,1
PH:NE120001,PH:NE120000001,NE120,address_zip+proximity,24.4,1
PH:NE120002,PH:NE120000001,NE120,address_zip+proximity,24.4,1
PH:NE123002,PH:NE123000001,NE123,address_zip+proximity,45.7,1
PH:NE125001,PH:NE125000001,NE125,address_zip+proximity,0.3,1
PH:NE125003,PH:NE125000002,NE125,address_zip+proximity,7.8,1
PH:NE131001,PH:NE131000001,NE131,address_zip,,1
PH:NE153001,PH:NE153000006,NE153,proximity,6.0,1
PH:NE174001,PH:NE174000010,NE174,address_zip,,1
PH:NH001002,PH:NH001000002,NH001,proximity,16.6,1
PH:NH001005,PH:NH001000005,NH001,address_zip,,1
PH:NH001006,PH:NH001000006,NH001,address_zip+proximity,0.0,1
PH:NH001014,PH:NH001000008,NH001,address_zip,,2
PH:NH001014,PH:NH001000014,NH001,address_zip+proximity,0.0,2
PH:NH001015,PH:NH001000015,NH001,address_zip+proximity,1.7,1
PH:NH001016,PH:NH001000004,NH001,address_zip,,1
PH:NH002005,PH:NH002000062,NH002,proximity,24.5,1
PH:NH002007,PH:NH002000062,NH002,address_zip+proximity,34.5,1
PH:NH002010,PH:NH002000061,NH002,address_zip,,1
PH:NH003001,PH:NH003000001,NH003,proximity,49.3,1
PH:NH004001,PH:NH004000001,NH004,address_zip+proximity,11.5,1
PH:NH004006,PH:NH004000002,NH004,address_zip,,1
PH:NH005003,PH:NH005000002,NH005,proximity,25.5,1
PH:NH005005,PH:NH005000001,NH005,address_zip,,1
PH:NH006007,PH:NH006000127,NH006,address_zip,,1
PH:NH007001,PH:NH007000001,NH007,address_zip,,1
PH:NH009002,PH:NH009000001,NH009,address_zip+proximity,10.3,1
PH:NH011002,PH:NH011000001,NH011,address_zip,,1
PH:NH012001,PH:NH012000001,NH012,address_zip+proximity,1.2,1
PH:NH013001,PH:NH013000001,NH013,proximity,8.2,1
PH:NH014003,PH:NH014000001,NH014,address_zip+proximity,28.0,1
PH:NH017002,PH:NH017000001,NH017,address_zip,,1
PH:NJ002001,PH:NJ002002001,NJ002,proximity,46.2,1
PH:NJ002002,PH:NJ002002002,NJ002,proximity,14.2,1
PH:NJ002005,PH:NJ002002005,NJ002,proximity,9.6,1
PH:NJ002006,PH:NJ002002006,NJ002,proximity,0.0,1
PH:NJ002007,PH:NJ002002007,NJ002,proximity,13.9,1
PH:NJ002008,PH:NJ002002008,NJ002,proximity,2.2,1
PH:NJ002009,PH:NJ002002009,NJ002,proximity,7.0,1
PH:NJ002014,PH:NJ002002014,NJ002,address_zip+proximity,6.5,1
PH:NJ002016,PH:NJ002002016,NJ002,address_zip,,1
PH:NJ002017,PH:NJ002002017,NJ002,address_zip+proximity,9.8,1
PH:NJ002019,PH:NJ002002019,NJ002,proximity,35.6,1
PH:NJ002022,PH:NJ002002018,NJ002,address_zip+proximity,1.6,1
PH:NJ002025,PH:NJ002002025,NJ002,proximity,19.2,1
PH:NJ002036,PH:NJ002003001,NJ002,proximity,0.4,1
PH:NJ002041,PH:NJ002003004,NJ002,proximity,25.8,1
PH:NJ002043,PH:NJ002003003,NJ002,proximity,38.4,1
PH:NJ002052,PH:NJ002003010,NJ002,proximity,29.5,1
PH:NJ002069,PH:NJ002003011,NJ002,address_zip,,1
PH:NJ002073,PH:NJ002002843,NJ002,address_zip+proximity,7.7,1
PH:NJ002076,PH:NJ002002846,NJ002,address_zip+proximity,24.1,1
PH:NJ003001,PH:NJ003000001,NJ003,proximity,24.4,1
PH:NJ003004,PH:NJ003000002,NJ003,address_zip,,1
PH:NJ003006,PH:NJ003000003,NJ003,address_zip+proximity,41.8,1
PH:NJ003008,PH:NJ003000004,NJ003,address_zip,,1
PH:NJ003015,PH:NJ003000011,NJ003,address_zip+proximity,47.8,1
PH:NJ004001,PH:NJ004000001,NJ004,proximity,31.2,1
PH:NJ004002,PH:NJ004000002,NJ004,address_zip,,1
PH:NJ004003,PH:NJ004000003,NJ004,address_zip+proximity,24.3,1
PH:NJ004004,PH:NJ004000004,NJ004,address_zip,,2
PH:NJ004004,PH:NJ004000002,NJ004,proximity,28.6,2
PH:NJ005001,PH:NJ005000001,NJ005,address_zip,,1
PH:NJ005002,PH:NJ005000003,NJ005,proximity,6.6,1
PH:NJ005009,PH:NJ005000004,NJ005,address_zip+proximity,47.4,1
PH:NJ006001,PH:NJ006000001,NJ006,proximity,48.6,1
PH:NJ006005,PH:NJ006004005,NJ006,address_zip+proximity,26.8,1
PH:NJ007002,PH:NJ007000002,NJ007,address_zip+proximity,8.6,1
PH:NJ007003,PH:NJ007000004,NJ007,proximity,24.3,1
PH:NJ007004,PH:NJ007000004,NJ007,proximity,24.3,1
PH:NJ007005,PH:NJ007000005,NJ007,address_zip+proximity,2.4,1
PH:NJ007006,PH:NJ007000006,NJ007,address_zip,,1
PH:NJ007007,PH:NJ007000007,NJ007,address_zip+proximity,0.8,1
PH:NJ008008,PH:NJ008000007,NJ008,address_zip+proximity,0.0,1
PH:NJ009001,PH:NJ009000023,NJ009,proximity,11.7,1
PH:NJ009006,PH:NJ009000006,NJ009,proximity,32.8,1
PH:NJ009007,PH:NJ009000003,NJ009,proximity,41.7,1
PH:NJ009009,PH:NJ009000019,NJ009,proximity,26.1,2
PH:NJ009009,PH:NJ009000022,NJ009,proximity,22.3,2
PH:NJ009010,PH:NJ009000008,NJ009,address_zip+proximity,29.6,1
PH:NJ009011,PH:NJ009000009,NJ009,address_zip+proximity,10.4,1
PH:NJ009014,PH:NJ009000016,NJ009,proximity,0.1,1
PH:NJ009021,PH:NJ009000008,NJ009,proximity,21.1,1
PH:NJ009027,PH:NJ009000008,NJ009,proximity,42.7,1
PH:NJ009031,PH:NJ009000013,NJ009,address_zip+proximity,7.3,1
PH:NJ010004,PH:NJ010000006,NJ010,proximity,20.0,1
PH:NJ010007,PH:NJ010000016,NJ010,address_zip+proximity,28.1,1
PH:NJ010008,PH:NJ010000017,NJ010,address_zip+proximity,18.1,2
PH:NJ010008,PH:NJ010000019,NJ010,proximity,26.4,2
PH:NJ010010,PH:NJ010000018,NJ010,proximity,46.8,1
PH:NJ010015,PH:NJ010000013,NJ010,address_zip,,1
PH:NJ010017,PH:NJ010000014,NJ010,address_zip+proximity,1.9,1
PH:NJ010021,PH:NJ010000003,NJ010,proximity,1.5,1
PH:NJ011003,PH:NJ011000001,NJ011,address_zip+proximity,1.8,1
PH:NJ012007,PH:NJ012000002,NJ012,address_zip+proximity,15.5,1
PH:NJ012008,PH:NJ012000003,NJ012,address_zip+proximity,6.3,1
PH:NJ013001,PH:NJ013000001,NJ013,proximity,18.5,1
PH:NJ013002,PH:NJ013000002,NJ013,proximity,3.4,1
PH:NJ013004,PH:NJ013000003,NJ013,address_zip+proximity,16.9,1
PH:NJ013010,PH:NJ013000002,NJ013,proximity,3.4,1
PH:NJ014003,PH:NJ014000003,NJ014,address_zip+proximity,0.0,1
PH:NJ014004,PH:NJ014000001,NJ014,proximity,47.2,1
PH:NJ014005,PH:NJ014000005,NJ014,address_zip+proximity,2.3,1
PH:NJ014006,PH:NJ014000004,NJ014,address_zip+proximity,17.7,1
PH:NJ014007,PH:NJ014000002,NJ014,address_zip,,1
PH:NJ014008,PH:NJ014000006,NJ014,address_zip+proximity,2.1,1
PH:NJ015001,PH:NJ015000001,NJ015,address_zip+proximity,46.4,1
PH:NJ015002,PH:NJ015000002,NJ015,address_zip+proximity,5.0,1
PH:NJ015004,PH:NJ015000004,NJ015,address_zip+proximity,3.0,1
PH:NJ015005,PH:NJ015000005,NJ015,address_zip+proximity,6.1,1
PH:NJ016002,PH:NJ016000001,NJ016,address_zip+proximity,30.8,1
PH:NJ017003,PH:NJ017000001,NJ017,address_zip+proximity,21.0,1
PH:NJ018001,PH:NJ018000001,NJ018,address_zip+proximity,0.0,1
PH:NJ021001,PH:NJ021000001,NJ021,address_zip+proximity,0.0,1
PH:NJ021003,PH:NJ021000019,NJ021,proximity,43.7,1
PH:NJ021007,PH:NJ021006178,NJ021,address_zip+proximity,10.8,2
PH:NJ021007,PH:NJ021617812,NJ021,address_zip+proximity,0.0,2
PH:NJ021009,PH:NJ021062910,NJ021,address_zip+proximity,7.4,1
PH:NJ021015,PH:NJ021000014,NJ021,address_zip,,1
PH:NJ022002,PH:NJ022000001,NJ022,proximity,47.4,1
PH:NJ022004,PH:NJ022000002,NJ022,address_zip+proximity,0.0,1
PH:NJ022008,PH:NJ022000003,NJ022,address_zip,,1
PH:NJ023004,PH:NJ023000002,NJ023,address_zip,,1
PH:NJ024002,PH:NJ024000001,NJ024,address_zip+proximity,5.2,1
PH:NJ024005,PH:NJ024000002,NJ024,address_zip,,1
PH:NJ025001,PH:NJ025000001,NJ025,address_zip+proximity,0.0,2
PH:NJ025001,PH:NJ025000004,NJ025,proximity,20.7,2
PH:NJ025003,PH:NJ025000003,NJ025,address_zip+proximity,38.8,1
PH:NJ026001,PH:NJ026000001,NJ026,address_zip,,1
PH:NJ026002,PH:NJ026000002,NJ026,address_zip,,1
PH:NJ026003,PH:NJ026000003,NJ026,address_zip+proximity,2.8,1
PH:NJ026004,PH:NJ026000004,NJ026,address_zip+proximity,2.7,1
PH:NJ027003,PH:NJ027000001,NJ027,proximity,3.2,1
PH:NJ028002,PH:NJ028000001,NJ028,address_zip+proximity,4.9,1
PH:NJ028004,PH:NJ028000002,NJ028,address_zip+proximity,22.0,1
PH:NJ030003,PH:NJ030000001,NJ030,address_zip+proximity,5.9,1
PH:NJ030008,PH:NJ030000002,NJ030,address_zip+proximity,3.4,1
PH:NJ032002,PH:NJ032000020,NJ032,proximity,30.9,1
PH:NJ032003,PH:NJ032000020,NJ032,address_zip+proximity,7.4,1
PH:NJ033002,PH:NJ033000002,NJ033,address_zip+proximity,2.5,1
PH:NJ033005,PH:NJ033000004,NJ033,address_zip+proximity,0.0,1
PH:NJ034003,PH:NJ034000013,NJ034,proximity,35.1,1
PH:NJ034004,PH:NJ034000024,NJ034,address_zip,,1
PH:NJ034006,PH:NJ034000006,NJ034,address_zip,,1
PH:NJ035002,PH:NJ035000001,NJ035,address_zip,,1
PH:NJ036002,PH:NJ036000002,NJ036,address_zip+proximity,2.4,1
PH:NJ036003,PH:NJ036000003,NJ036,address_zip+proximity,0.0,1
PH:NJ037003,PH:NJ037000001,NJ037,address_zip+proximity,21.9,1
PH:NJ037004,PH:NJ037000002,NJ037,address_zip+proximity,44.8,1
PH:NJ037005,PH:NJ037000003,NJ037,address_zip+proximity,36.8,1
PH:NJ038001,PH:NJ038000001,NJ038,proximity,17.0,1
PH:NJ039001,PH:NJ039000001,NJ039,proximity,1.2,1
PH:NJ039002,PH:NJ039000002,NJ039,proximity,31.2,1
PH:NJ039003,PH:NJ039000003,NJ039,address_zip+proximity,20.8,1
PH:NJ041001,PH:NJ041000001,NJ041,address_zip+proximity,10.4,1
PH:NJ041002,PH:NJ041000002,NJ041,address_zip+proximity,5.3,1
PH:NJ042002,PH:NJ042000004,NJ042,proximity,48.6,1
PH:NJ043001,PH:NJ043000001,NJ043,address_zip,,1
PH:NJ044002,PH:NJ044000001,NJ044,address_zip+proximity,20.6,1
PH:NJ047004,PH:NJ047000002,NJ047,proximity,35.0,1
PH:NJ047005,PH:NJ047000001,NJ047,proximity,40.1,1
PH:NJ048003,PH:NJ048000001,NJ048,address_zip,,1
PH:NJ048006,PH:NJ048000002,NJ048,address_zip+proximity,1.7,1
PH:NJ049001,PH:NJ049000001,NJ049,proximity,18.8,1
PH:NJ049005,PH:NJ049000002,NJ049,address_zip,,1
PH:NJ050001,PH:NJ050000001,NJ050,address_zip,,1
PH:NJ050003,PH:NJ050000003,NJ050,address_zip+proximity,10.3,1
PH:NJ051003,PH:NJ051000001,NJ051,address_zip+proximity,44.8,1
PH:NJ052001,PH:NJ052000001,NJ052,address_zip+proximity,41.3,1
PH:NJ054001,PH:NJ054000002,NJ054,proximity,37.4,1
PH:NJ054003,PH:NJ054000001,NJ054,address_zip+proximity,38.8,1
PH:NJ055001,PH:NJ055000001,NJ055,address_zip+proximity,20.9,1
PH:NJ056001,PH:NJ056000001,NJ056,address_zip,,1
PH:NJ057001,PH:NJ057000001,NJ057,address_zip+proximity,12.9,1
PH:NJ059001,PH:NJ059000001,NJ059,address_zip,,1
PH:NJ059004,PH:NJ059000001,NJ059,proximity,19.9,1
PH:NJ060001,PH:NJ060000001,NJ060,address_zip+proximity,6.2,1
PH:NJ061001,PH:NJ061000001,NJ061,address_zip+proximity,5.1,1
PH:NJ061002,PH:NJ061000003,NJ061,address_zip,,1
PH:NJ061004,PH:NJ061000004,NJ061,address_zip,,1
PH:NJ061007,PH:NJ061000002,NJ061,address_zip,,1
PH:NJ061008,PH:NJ061000005,NJ061,address_zip+proximity,1.7,1
PH:NJ061010,PH:NJ061000006,NJ061,address_zip+proximity,3.1,1
PH:NJ063001,PH:NJ063000001,NJ063,address_zip,,1
PH:NJ063004,PH:NJ063000003,NJ063,address_zip+proximity,43.2,1
PH:NJ063005,PH:NJ063000004,NJ063,address_zip+proximity,8.9,1
PH:NJ063006,PH:NJ063000002,NJ063,address_zip+proximity,18.6,1
PH:NJ063014,PH:NJ063000002,NJ063,proximity,7.9,1
PH:NJ064001,PH:NJ064000001,NJ064,address_zip+proximity,9.5,1
PH:NJ065002,PH:NJ065000001,NJ065,proximity,44.6,1
PH:NJ066001,PH:NJ066000001,NJ066,address_zip,,1
PH:NJ067002,PH:NJ067000001,NJ067,address_zip+proximity,6.8,1
PH:NJ067005,PH:NJ067000003,NJ067,proximity,29.0,1
PH:NJ067006,PH:NJ067000004,NJ067,address_zip,,1
PH:NJ067008,PH:NJ067000005,NJ067,address_zip+proximity,4.7,2
PH:NJ067008,PH:NJ067000006,NJ067,address_zip+proximity,0.0,2
PH:NJ068002,PH:NJ068000001,NJ068,address_zip+proximity,27.8,1
PH:NJ069001,PH:NJ069000001,NJ069,address_zip+proximity,17.4,1
PH:NJ070002,PH:NJ070500550,NJ070,address_zip,,1
PH:NJ071002,PH:NJ071000001,NJ071,address_zip+proximity,0.0,1
PH:NJ073001,PH:NJ073000001,NJ073,address_zip,,1
PH:NJ074001,PH:NJ074000001,NJ074,proximity,46.1,1
PH:NJ075003,PH:NJ075000001,NJ075,address_zip,,1
PH:NJ076001,PH:NJ076000001,NJ076,address_zip,,1
PH:NJ077002,PH:NJ077000001,NJ077,address_zip+proximity,19.2,1
PH:NJ079001,PH:NJ079000001,NJ079,address_zip+proximity,28.8,1
PH:NJ080001,PH:NJ080000001,NJ080,address_zip+proximity,16.5,2
PH:NJ080001,PH:NJ080000002,NJ080,address_zip+proximity,16.5,2
PH:NJ080002,PH:NJ080000001,NJ080,address_zip+proximity,16.5,2
PH:NJ080002,PH:NJ080000002,NJ080,address_zip+proximity,16.5,2
PH:NJ081001,PH:NJ081000001,NJ081,address_zip+proximity,2.1,1
PH:NJ083001,PH:NJ083000001,NJ083,address_zip+proximity,38.9,1
PH:NJ083002,PH:NJ083000002,NJ083,address_zip+proximity,0.0,1
PH:NJ092001,PH:NJ092000201,NJ092,address_zip,,1
PH:NJ092002,PH:NJ092000202,NJ092,address_zip+proximity,19.9,1
PH:NJ092003,PH:NJ092000203,NJ092,address_zip+proximity,3.9,1
PH:NJ092005,PH:NJ092000001,NJ092,address_zip+proximity,0.0,2
PH:NJ092005,PH:NJ092000101,NJ092,address_zip,,2
PH:NJ092007,PH:NJ092000002,NJ092,address_zip+proximity,0.0,2
PH:NJ092007,PH:NJ092000207,NJ092,address_zip+proximity,9.1,2
PH:NJ105002,PH:NJ105000001,NJ105,address_zip+proximity,3.4,1
PH:NJ202002,PH:NJ202000001,NJ202,address_zip,,1
PH:NJ204001,PH:NJ204000001,NJ204,address_zip,,1
PH:NJ204003,PH:NJ204000003,NJ204,address_zip+proximity,3.6,1
PH:NJ218001,PH:NJ218000001,NJ218,address_zip,,1
PH:NM001010,PH:NM001000003,NM001,address_zip+proximity,9.8,1
PH:NM001013,PH:NM001000000,NM001,address_zip+proximity,2.9,1
PH:NM001023,PH:NM001000001,NM001,address_zip+proximity,7.0,1
PH:NM001025,PH:NM001000002,NM001,address_zip,,1
PH:NM002001,PH:NM002000001,NM002,address_zip,,1
PH:NM003001A,PH:NM003000001,NM003,address_zip+proximity,3.9,1
PH:NM003006,PH:NM003888888,NM003,address_zip+proximity,0.0,1
PH:NM004002,PH:NM004000001,NM004,proximity,8.2,1
PH:NM006004,PH:NM006000002,NM006,proximity,1.6,1
PH:NM006005,PH:NM006000003,NM006,address_zip+proximity,0.8,1
PH:NM007001,PH:NM007000001,NM007,address_zip+proximity,48.5,1
PH:NM009007,PH:NM009000002,NM009,address_zip,,1
PH:NM010001,PH:NM010000001,NM010,proximity,0.0,1
PH:NM010002,PH:NM010000001,NM010,proximity,0.0,1
PH:NM010005,PH:NM010000001,NM010,proximity,0.0,1
PH:NM022001,PH:NM022000001,NM022,address_zip+proximity,3.3,1
PH:NM024001,PH:NM024000001,NM024,address_zip+proximity,20.0,1
PH:NM030001,PH:NM030000001,NM030,address_zip+proximity,38.6,1
PH:NM032001,PH:NM032000001,NM032,address_zip+proximity,23.2,1
PH:NM033001,PH:NM033000001,NM033,address_zip+proximity,0.0,1
PH:NM035001,PH:NM035000001,NM035,proximity,15.7,1
PH:NM039001,PH:NM039000001,NM039,proximity,16.5,1
PH:NM045001,PH:NM045000001,NM045,address_zip+proximity,0.0,1
PH:NM048001,PH:NM048000001,NM048,address_zip,,1
PH:NM055001,PH:NM055000001,NM055,address_zip+proximity,29.2,1
PH:NM057001,PH:NM057000001,NM057,address_zip+proximity,4.3,1
PH:NM067001,PH:NM067000001,NM067,address_zip,,1
PH:NM071001,PH:NM071000001,NM071,proximity,0.4,1
PH:NV001001,PH:NV001000101,NV001,proximity,19.6,1
PH:NV001002,PH:NV001000102,NV001,address_zip,,1
PH:NV001003,PH:NV001000103,NV001,proximity,1.3,1
PH:NV001007,PH:NV001000107,NV001,address_zip+proximity,13.8,1
PH:NV001009,PH:NV001000109,NV001,proximity,6.4,1
PH:NV001018,PH:NV001000118,NV001,address_zip+proximity,3.6,1
PH:NV002001,PH:NV002000308,NV002,address_zip+proximity,0.0,1
PH:NV002005,PH:NV002000302,NV002,address_zip+proximity,0.0,1
PH:NV002006B,PH:NV002000304,NV002,proximity,22.6,1
PH:NV002008,PH:NV002000306,NV002,address_zip+proximity,0.0,1
PH:NV002010,PH:NV002000305,NV002,proximity,30.1,1
PH:NV002012,PH:NV002000307,NV002,address_zip+proximity,16.2,1
PH:NV002014,PH:NV002000312,NV002,address_zip+proximity,0.0,1
PH:NV002021,PH:NV002000303,NV002,address_zip+proximity,0.0,1
PH:NV002022,PH:NV002000313,NV002,address_zip+proximity,0.0,1
PH:NV002024,PH:NV002000301,NV002,address_zip+proximity,0.0,1
PH:NV002026,PH:NV002000310,NV002,address_zip+proximity,0.0,1
PH:NV007003,PH:NV007000001,NV007,address_zip+proximity,0.0,1
PH:NV013002,PH:NV013000002,NV013,address_zip+proximity,0.0,1
PH:NV013003,PH:NV013000003,NV013,proximity,8.5,1
PH:NV013005,PH:NV013000005,NV013,address_zip+proximity,0.0,1
PH:NV013007,PH:NV013000007,NV013,address_zip+proximity,0.0,1
PH:NV013008,PH:NV013000008,NV013,address_zip+proximity,0.0,1
PH:NV013009,PH:NV013000009,NV013,address_zip+proximity,0.0,1
PH:NV013010,PH:NV013000010,NV013,address_zip+proximity,0.0,1
PH:NV013016,PH:NV013000016,NV013,address_zip+proximity,0.0,1
PH:NV013020,PH:NV013000020,NV013,address_zip+proximity,0.0,1
PH:NY001001,PH:NY001000070,NY001,proximity,28.3,1
PH:NY001003,PH:NY001000073,NY001,address_zip+proximity,24.4,1
PH:NY001005,PH:NY001000072,NY001,address_zip+proximity,30.9,1
PH:NY001009,PH:NY001000077,NY001,proximity,26.7,1
PH:NY001010,PH:NY001000074,NY001,address_zip+proximity,4.6,1
PH:NY001016,PH:NY001000075,NY001,address_zip,,1
PH:NY002002,PH:NY002000023,NY002,proximity,2.2,1
PH:NY002004,PH:NY002000023,NY002,proximity,30.9,1
PH:NY002005,PH:NY002000020,NY002,address_zip+proximity,7.7,1
PH:NY002008,PH:NY002000010,NY002,address_zip,,1
PH:NY002010,PH:NY002000030,NY002,proximity,38.4,1
PH:NY002018,PH:NY002000011,NY002,proximity,9.9,1
PH:NY002022,PH:NY002000034,NY002,address_zip,,1
PH:NY002027,PH:NY002000035,NY002,address_zip+proximity,0.2,1
PH:NY002031,PH:NY002000033,NY002,address_zip+proximity,37.7,1
PH:NY002043,PH:NY002000041,NY002,address_zip+proximity,33.4,1
PH:NY002046,PH:NY002000022,NY002,address_zip+proximity,8.0,1
PH:NY002047,PH:NY002000042,NY002,proximity,20.9,1
PH:NY003001,PH:NY003000140,NY003,proximity,12.0,2
PH:NY003001,PH:NY003000150,NY003,proximity,30.9,2
PH:NY003002A,PH:NY003000111,NY003,address_zip+proximity,14.5,1
PH:NY003002B,PH:NY003000070,NY003,address_zip+proximity,31.9,1
PH:NY003003,PH:NY003000030,NY003,address_zip,,1
PH:NY003006A,PH:NY003000060,NY003,address_zip+proximity,2.2,1
PH:NY003006B,PH:NY003000040,NY003,address_zip,,1
PH:NY003009,PH:NY003000050,NY003,address_zip+proximity,3.4,1
PH:NY005003,PH:NY005010060,NY005,address_zip+proximity,12.6,1
PH:NY005004,PH:NY005010080,NY005,proximity,25.5,1
PH:NY005005,PH:NY005010090,NY005,address_zip+proximity,34.0,1
PH:NY005007,PH:NY005012800,NY005,proximity,12.0,1
PH:NY005008,PH:NY005010180,NY005,address_zip,,1
PH:NY005013,PH:NY005000610,NY005,address_zip+proximity,28.3,1
PH:NY005016,PH:NY005010640,NY005,address_zip+proximity,28.7,1
PH:NY005018,PH:NY005010080,NY005,address_zip+proximity,28.2,1
PH:NY005020,PH:NY005000770,NY005,address_zip,,1
PH:NY005023,PH:NY005000690,NY005,address_zip+proximity,3.1,1
PH:NY005024,PH:NY005010740,NY005,address_zip,,1
PH:NY005026,PH:NY005000780,NY005,address_zip,,1
PH:NY005028,PH:NY005011410,NY005,address_zip+proximity,34.9,1
PH:NY005030,PH:NY005000870,NY005,address_zip+proximity,47.0,1
PH:NY005031,PH:NY005000590,NY005,address_zip+proximity,17.4,1
PH:NY005032,PH:NY005011000,NY005,address_zip,,1
PH:NY005033,PH:NY005001010,NY005,address_zip+proximity,7.2,1
PH:NY005034,PH:NY005000720,NY005,address_zip,,2
PH:NY005034,PH:NY005000960,NY005,address_zip+proximity,0.0,2
PH:NY005035,PH:NY005000890,NY005,address_zip,,1
PH:NY005036,PH:NY005000880,NY005,address_zip+proximity,40.6,1
PH:NY005040,PH:NY005010130,NY005,address_zip+proximity,30.5,1
PH:NY005044,PH:NY005001210,NY005,address_zip+proximity,38.7,1
PH:NY005046,PH:NY005011310,NY005,address_zip+proximity,20.9,1
PH:NY005049,PH:NY005001180,NY005,address_zip+proximity,10.3,1
PH:NY005050,PH:NY005011450,NY005,address_zip,,1
PH:NY005054,PH:NY005011350,NY005,address_zip+proximity,49.0,1
PH:NY005060,PH:NY005011380,NY005,address_zip,,1
PH:NY005062,PH:NY005001490,NY005,address_zip,,1
PH:NY005063,PH:NY005011530,NY005,address_zip+proximity,8.9,1
PH:NY005064,PH:NY005010970,NY005,address_zip+proximity,1.8,2
PH:NY005064,PH:NY005010300,NY005,proximity,39.4,2
PH:NY005066,PH:NY005011270,NY005,address_zip+proximity,27.3,1
PH:NY005067,PH:NY005011620,NY005,address_zip+proximity,9.7,1
PH:NY005068,PH:NY005010730,NY005,address_zip+proximity,21.9,1
PH:NY005069,PH:NY005011390,NY005,address_zip+proximity,40.6,1
PH:NY005070,PH:NY005010030,NY005,address_zip+proximity,3.5,1
PH:NY005071,PH:NY005010100,NY005,address_zip+proximity,31.2,1
PH:NY005073,PH:NY005010750,NY005,address_zip,,1
PH:NY005076C,PH:NY005013170,NY005,address_zip+proximity,2.3,1
PH:NY005079,PH:NY005011020,NY005,address_zip,,1
PH:NY005082,PH:NY005011690,NY005,address_zip+proximity,39.1,1
PH:NY005084,PH:NY005011680,NY005,address_zip,,1
PH:NY005088,PH:NY005011660,NY005,address_zip+proximity,0.4,1
PH:NY005089,PH:NY005011670,NY005,address_zip+proximity,16.1,1
PH:NY005090,PH:NY005011330,NY005,address_zip+proximity,35.2,1
PH:NY005093,PH:NY005011860,NY005,address_zip,,1
PH:NY005096B,PH:NY005010340,NY005,address_zip+proximity,32.7,1
PH:NY005098,PH:NY005010630,NY005,address_zip,,1
PH:NY005108,PH:NY005002000,NY005,address_zip+proximity,25.5,1
PH:NY005110,PH:NY005012020,NY005,address_zip+proximity,20.6,1
PH:NY005111,PH:NY005010600,NY005,address_zip,,1
PH:NY005114D,PH:NY005000330,NY005,proximity,4.6,1
PH:NY005117,PH:NY005012610,NY005,proximity,37.4,1
PH:NY005122,PH:NY005011170,NY005,address_zip+proximity,30.3,1
PH:NY005124,PH:NY005012270,NY005,address_zip+proximity,19.8,1
PH:NY005135,PH:NY005012110,NY005,address_zip+proximity,21.4,1
PH:NY005137,PH:NY005010910,NY005,address_zip+proximity,20.3,1
PH:NY005147,PH:NY005010670,NY005,address_zip+proximity,11.8,1
PH:NY005148,PH:NY005013080,NY005,address_zip+proximity,16.8,1
PH:NY005157,PH:NY005011720,NY005,address_zip+proximity,4.1,1
PH:NY005166,PH:NY005012520,NY005,address_zip,,1
PH:NY005168,PH:NY005010220,NY005,address_zip+proximity,20.5,1
PH:NY005175,PH:NY005012430,NY005,address_zip+proximity,19.9,1
PH:NY005177,PH:NY005025000,NY005,proximity,48.6,2
PH:NY005177,PH:NY005025001,NY005,proximity,17.7,2
PH:NY005180,PH:NY005010450,NY005,address_zip,,1
PH:NY005183A,PH:NY005000410,NY005,address_zip,,1
PH:NY005183C,PH:NY005010620,NY005,address_zip+proximity,11.3,1
PH:NY005189,PH:NY005011630,NY005,address_zip,,1
PH:NY005190,PH:NY005012670,NY005,address_zip+proximity,30.3,1
PH:NY005194,PH:NY005010760,NY005,address_zip+proximity,1.7,1
PH:NY005213C,PH:NY005000230,NY005,address_zip+proximity,37.4,1
PH:NY005213D,PH:NY005000160,NY005,address_zip+proximity,34.5,1
PH:NY005213E,PH:NY005000200,NY005,address_zip+proximity,9.2,1
PH:NY005213F,PH:NY005000210,NY005,proximity,43.8,1
PH:NY005213G,PH:NY005000250,NY005,address_zip+proximity,19.3,1
PH:NY005213H,PH:NY005000170,NY005,proximity,0.7,1
PH:NY005213I,PH:NY005000260,NY005,address_zip+proximity,17.3,1
PH:NY005213J,PH:NY005010300,NY005,address_zip+proximity,3.7,2
PH:NY005213J,PH:NY005010970,NY005,proximity,39.9,2
PH:NY005214,PH:NY005013420,NY005,address_zip+proximity,0.4,1
PH:NY005216C,PH:NY005010310,NY005,address_zip+proximity,12.5,1
PH:NY005216D,PH:NY005000550,NY005,address_zip,,1
PH:NY005218,PH:NY005012470,NY005,address_zip+proximity,29.5,1
PH:NY005220C,PH:NY005000290,NY005,address_zip,,1
PH:NY005220D,PH:NY005010320,NY005,address_zip+proximity,1.4,1
PH:NY005220E,PH:NY005000580,NY005,address_zip+proximity,15.8,1
PH:NY005220G,PH:NY005010700,NY005,address_zip+proximity,4.4,1
PH:NY005220H,PH:NY005000710,NY005,address_zip+proximity,8.0,1
PH:NY005236,PH:NY005010810,NY005,address_zip+proximity,33.0,1
PH:NY005242,PH:NY005010350,NY005,address_zip+proximity,32.6,1
PH:NY005243,PH:NY005011940,NY005,address_zip+proximity,11.3,1
PH:NY005244B,PH:NY005010820,NY005,address_zip+proximity,16.1,1
PH:NY005244C,PH:NY005010840,NY005,address_zip+proximity,10.1,1
PH:NY005244F,PH:NY005010980,NY005,proximity,37.8,1
PH:NY005248,PH:NY005003100,NY005,address_zip,,1
PH:NY005254,PH:NY005012410,NY005,address_zip,,1
PH:NY005257,PH:NY005013510,NY005,address_zip+proximity,27.2,1
PH:NY005260,PH:NY005011110,NY005,address_zip+proximity,13.8,1
PH:NY005264,PH:NY005012570,NY005,address_zip+proximity,32.7,1
PH:NY005266,PH:NY005013090,NY005,address_zip+proximity,0.6,1
PH:NY005267A,PH:NY005010470,NY005,address_zip+proximity,10.6,1
PH:NY005268A,PH:NY005000420,NY005,proximity,37.5,1
PH:NY005268B,PH:NY005000440,NY005,proximity,14.2,1
PH:NY005269,PH:NY005012210,NY005,address_zip+proximity,45.7,1
PH:NY005270,PH:NY005013590,NY005,address_zip+proximity,12.1,1
PH:NY005271A,PH:NY005010390,NY005,proximity,35.6,1
PH:NY005282,PH:NY005010460,NY005,address_zip+proximity,7.3,1
PH:NY005286,PH:NY005015300,NY005,proximity,25.4,1
PH:NY005322,PH:NY005013720,NY005,proximity,28.2,1
PH:NY005362,PH:NY005001130,NY005,address_zip+proximity,22.7,1
PH:NY005364,PH:NY005010860,NY005,address_zip+proximity,9.4,1
PH:NY005387,PH:NY005005600,NY005,address_zip+proximity,33.4,1
PH:NY006001,PH:NY006000001,NY006,address_zip+proximity,0.0,1
PH:NY006004,PH:NY006000004,NY006,address_zip,,1
PH:NY008003,PH:NY008000001,NY008,address_zip,,1
PH:NY009007,PH:NY009000007,NY009,address_zip+proximity,37.3,1
PH:NY009012,PH:NY009000003,NY009,proximity,48.9,1
PH:NY009027,PH:NY009000008,NY009,proximity,2.2,1
PH:NY010001,PH:NY010100000,NY010,address_zip,,1
PH:NY010004,PH:NY010200000,NY010,address_zip+proximity,8.5,1
PH:NY010005,PH:NY010300000,NY010,address_zip+proximity,11.5,1
PH:NY011002,PH:NY011000072,NY011,address_zip,,1
PH:NY011003,PH:NY011000003,NY011,address_zip+proximity,2.7,1
PH:NY011005,PH:NY011000005,NY011,address_zip+proximity,24.0,1
PH:NY011007,PH:NY011000071,NY011,address_zip+proximity,32.4,1
PH:NY012002,PH:NY012200002,NY012,address_zip+proximity,13.6,1
PH:NY012006,PH:NY012200003,NY012,proximity,29.8,1
PH:NY012008,PH:NY012200005,NY012,address_zip+proximity,4.4,1
PH:NY012012,PH:NY012200006,NY012,proximity,22.5,1
PH:NY013002,PH:NY013000001,NY013,address_zip+proximity,41.8,2
PH:NY013002,PH:NY013000002,NY013,address_zip+proximity,0.0,2
PH:NY014002,PH:NY014000002,NY014,address_zip,,1
PH:NY015001,PH:NY015000001,NY015,address_zip+proximity,1.2,1
PH:NY015002,PH:NY015000001,NY015,address_zip+proximity,1.2,1
PH:NY015003,PH:NY015000001,NY015,address_zip+proximity,1.2,1
PH:NY016001,PH:NY016000001,NY016,address_zip,,1
PH:NY016002,PH:NY016000002,NY016,address_zip+proximity,48.3,1
PH:NY017001,PH:NY017000001,NY017,address_zip+proximity,8.7,2
PH:NY017001,PH:NY017000003,NY017,proximity,25.8,2
PH:NY017004,PH:NY017000003,NY017,address_zip+proximity,1.3,2
PH:NY017004,PH:NY017000001,NY017,proximity,16.3,2
PH:NY018004,PH:NY018000102,NY018,address_zip,,1
PH:NY021002,PH:NY021000001,NY021,address_zip,,1
PH:NY021005,PH:NY021000002,NY021,address_zip+proximity,22.8,1
PH:NY022001,PH:NY022000001,NY022,proximity,12.6,1
PH:NY022003,PH:NY022000003,NY022,address_zip,,1
PH:NY023001,PH:NY023000001,NY023,address_zip+proximity,0.0,1
PH:NY023002,PH:NY023000002,NY023,proximity,10.3,1
PH:NY023003,PH:NY023000002,NY023,address_zip+proximity,18.7,1
PH:NY023005,PH:NY023000003,NY023,address_zip+proximity,44.5,1
PH:NY025004,PH:NY025000002,NY025,address_zip+proximity,0.0,1
PH:NY025005,PH:NY025000001,NY025,address_zip+proximity,0.6,1
PH:NY026001,PH:NY026000001,NY026,address_zip,,1
PH:NY028011,PH:NY028000110,NY028,address_zip+proximity,49.8,1
PH:NY029001,PH:NY029000001,NY029,proximity,40.5,1
PH:NY029002,PH:NY029000002,NY029,address_zip+proximity,2.1,1
PH:NY029006,PH:NY029000006,NY029,address_zip+proximity,13.6,1
PH:NY030004,PH:NY030000012,NY030,address_zip+proximity,0.9,1
PH:NY031002,PH:NY031000001,NY031,address_zip+proximity,35.0,1
PH:NY033002,PH:NY033000001,NY033,address_zip+proximity,0.1,1
PH:NY034002,PH:NY034000102,NY034,address_zip,,1
PH:NY034005,PH:NY034000005,NY034,address_zip,,1
PH:NY035001,PH:NY035000001,NY035,address_zip+proximity,4.6,1
PH:NY038001,PH:NY038000001,NY038,address_zip,,1
PH:NY039001,PH:NY039000001,NY039,address_zip+proximity,40.0,2
PH:NY039001,PH:NY039000002,NY039,proximity,5.3,2
PH:NY039002,PH:NY039000002,NY039,address_zip,,1
PH:NY039004,PH:NY039000004,NY039,address_zip+proximity,14.4,1
PH:NY041002,PH:NY041000222,NY041,address_zip+proximity,16.1,1
PH:NY041008,PH:NY041000361,NY041,address_zip+proximity,1.9,1
PH:NY041010,PH:NY041000562,NY041,address_zip+proximity,20.4,1
PH:NY041014,PH:NY041000224,NY041,address_zip+proximity,0.6,2
PH:NY041014,PH:NY041000334,NY041,address_zip+proximity,0.5,2
PH:NY041015,PH:NY041000111,NY041,address_zip,,2
PH:NY041015,PH:NY041000112,NY041,address_zip,,2
PH:NY041018,PH:NY041000442,NY041,address_zip+proximity,2.7,1
PH:NY041022,PH:NY041000113,NY041,address_zip+proximity,5.2,1
PH:NY041035,PH:NY041000563,NY041,proximity,24.9,1
PH:NY041038,PH:NY041000554,NY041,address_zip+proximity,17.3,1
PH:NY041040,PH:NY041000337,NY041,address_zip+proximity,0.0,1
PH:NY041062,PH:NY041000333,NY041,proximity,31.5,1
PH:NY042001,PH:NY042000001,NY042,address_zip,,1
PH:NY042003,PH:NY042000003,NY042,address_zip+proximity,19.7,1
PH:NY044001,PH:NY044000001,NY044,address_zip+proximity,23.9,1
PH:NY044003,PH:NY044000002,NY044,proximity,43.9,1
PH:NY044010,PH:NY044000003,NY044,address_zip+proximity,0.7,1
PH:NY045001,PH:NY045000001,NY045,address_zip+proximity,0.0,1
PH:NY045005,PH:NY045000002,NY045,address_zip+proximity,24.2,1
PH:NY046004,PH:NY046000004,NY046,proximity,38.4,1
PH:NY046008,PH:NY046000003,NY046,address_zip,,2
PH:NY046008,PH:NY046000006,NY046,address_zip+proximity,0.0,2
PH:NY046009,PH:NY046000002,NY046,address_zip+proximity,29.3,2
PH:NY046009,PH:NY046000007,NY046,address_zip+proximity,29.3,2
PH:NY046010,PH:NY046000008,NY046,proximity,4.0,1
PH:NY046011,PH:NY046000005,NY046,address_zip,,2
PH:NY046011,PH:NY046000009,NY046,address_zip+proximity,0.6,2
PH:NY046012,PH:NY046000010,NY046,address_zip,,1
PH:NY046014,PH:NY046000001,NY046,address_zip,,1
PH:NY046017,PH:NY046000011,NY046,address_zip,,1
PH:NY048001,PH:NY048000001,NY048,address_zip+proximity,6.9,1
PH:NY048002,PH:NY048000002,NY048,proximity,13.6,1
PH:NY048004,PH:NY048000004,NY048,address_zip+proximity,1.4,1
PH:NY049001,PH:NY049000001,NY049,address_zip+proximity,0.0,1
PH:NY050001,PH:NY050001001,NY050,address_zip,,1
PH:NY050006,PH:NY050002001,NY050,address_zip+proximity,38.3,1
PH:NY051003,PH:NY051000002,NY051,address_zip+proximity,45.3,1
PH:NY052001,PH:NY052000001,NY052,address_zip+proximity,34.3,1
PH:NY052002,PH:NY052000002,NY052,address_zip+proximity,0.7,1
PH:NY054001,PH:NY054000001,NY054,address_zip+proximity,1.0,1
PH:NY054004,PH:NY054000002,NY054,address_zip,,1
PH:NY054006,PH:NY054000001,NY054,proximity,3.5,1
PH:NY054007,PH:NY054000001,NY054,proximity,3.5,1
PH:NY055002,PH:NY055000002,NY055,address_zip+proximity,11.2,1
PH:NY055004,PH:NY055000004,NY055,address_zip,,1
PH:NY055005,PH:NY055000001,NY055,address_zip,,1
PH:NY055006,PH:NY055000006,NY055,address_zip,,1
PH:NY055009,PH:NY055000009,NY055,address_zip,,1
PH:NY055011,PH:NY055000010,NY055,address_zip,,1
PH:NY056001,PH:NY056000001,NY056,address_zip+proximity,14.8,1
PH:NY057001,PH:NY057000001,NY057,address_zip,,1
PH:NY058001,PH:NY058000001,NY058,address_zip+proximity,42.0,1
PH:NY060002,PH:NY060000001,NY060,address_zip+proximity,27.1,1
PH:NY061001,PH:NY061000001,NY061,address_zip+proximity,16.5,1
PH:NY062001,PH:NY062000011,NY062,address_zip+proximity,12.2,1
PH:NY062003,PH:NY062000022,NY062,address_zip+proximity,0.0,1
PH:NY063001,PH:NY063000001,NY063,address_zip+proximity,25.9,1
PH:NY063004,PH:NY063000002,NY063,address_zip,,1
PH:NY064001,PH:NY064000001,NY064,address_zip,,1
PH:NY065001,PH:NY065000001,NY065,address_zip,,1
PH:NY066002,PH:NY066000001,NY066,proximity,21.0,1
PH:NY067002,PH:NY067000001,NY067,address_zip+proximity,0.0,1
PH:NY068001,PH:NY068001949,NY068,address_zip+proximity,1.1,1
PH:NY069005,PH:NY069000001,NY069,address_zip,,1
PH:NY070002,PH:NY070000002,NY070,address_zip+proximity,18.5,1
PH:NY070003,PH:NY070000389,NY070,address_zip+proximity,16.8,1
PH:NY070005,PH:NY070000510,NY070,address_zip+proximity,13.2,1
PH:NY071002,PH:NY071000001,NY071,address_zip,,1
PH:NY077001A,PH:NY077000003,NY077,proximity,30.6,1
PH:NY077008,PH:NY077000002,NY077,proximity,35.8,1
PH:NY079001,PH:NY079000001,NY079,address_zip+proximity,0.0,1
PH:NY080002,PH:NY080001001,NY080,address_zip,,1
PH:NY082004,PH:NY082000001,NY082,address_zip+proximity,21.9,1
PH:NY085002,PH:NY085000001,NY085,address_zip+proximity,32.1,1
PH:NY085005,PH:NY085000002,NY085,address_zip,,1
PH:NY086001,PH:NY086000001,NY086,address_zip+proximity,2.7,1
PH:NY087001,PH:NY087000001,NY087,address_zip,,1
PH:NY087002,PH:NY087000002,NY087,address_zip+proximity,36.6,1
PH:NY088001,PH:NY088000001,NY088,address_zip+proximity,21.4,1
PH:NY088003,PH:NY088000003,NY088,address_zip,,1
PH:NY089002,PH:NY089000002,NY089,address_zip+proximity,12.1,1
PH:NY089003,PH:NY089000001,NY089,address_zip+proximity,31.3,1
PH:NY093001,PH:NY093001001,NY093,address_zip,,1
PH:NY093002,PH:NY093002001,NY093,address_zip+proximity,1.3,1
PH:NY093003,PH:NY093003001,NY093,address_zip,,1
PH:NY093004,PH:NY093004001,NY093,address_zip+proximity,8.4,1
PH:NY097001,PH:NY097000001,NY097,address_zip,,1
PH:NY097003,PH:NY097000002,NY097,address_zip,,1
PH:NY098001,PH:NY098000001,NY098,address_zip+proximity,0.0,1
PH:NY099001,PH:NY099000001,NY099,address_zip+proximity,0.3,1
PH:NY100001,PH:NY100000001,NY100,address_zip,,1
PH:NY102001,PH:NY102000001,NY102,address_zip+proximity,0.0,1
PH:NY144001,PH:NY144000001,NY144,address_zip+proximity,36.2,1
PH:NY158002,PH:NY158026613,NY158,address_zip,,1
PH:NY400001,PH:NY400000001,NY400,proximity,34.6,1
PH:NY414001,PH:NY414000001,NY414,address_zip,,1
PH:NY501001,PH:NY501000001,NY501,address_zip,,1
PH:OH001001,PH:OH001000101,OH001,address_zip+proximity,0.0,1
PH:OH001002,PH:OH001000102,OH001,address_zip+proximity,0.0,1
PH:OH001003,PH:OH001000103,OH001,proximity,5.9,1
PH:OH001006,PH:OH001000106,OH001,address_zip+proximity,44.3,1
PH:OH001010,PH:OH001000199,OH001,address_zip+proximity,0.0,1
PH:OH001015,PH:OH001000103,OH001,proximity,35.5,1
PH:OH001028,PH:OH001000128,OH001,proximity,21.5,1
PH:OH001033,PH:OH001000133,OH001,proximity,11.5,1
PH:OH001034,PH:OH001000134,OH001,proximity,8.8,1
PH:OH001038,PH:OH001000138,OH001,address_zip+proximity,0.0,1
PH:OH001039,PH:OH001000139,OH001,address_zip+proximity,0.0,1
PH:OH001040,PH:OH001000140,OH001,proximity,48.5,1
PH:OH001041,PH:OH001000141,OH001,proximity,8.0,1
PH:OH001042,PH:OH001000142,OH001,address_zip+proximity,0.0,1
PH:OH001043,PH:OH001000143,OH001,address_zip+proximity,12.4,1
PH:OH001044,PH:OH001000144,OH001,address_zip+proximity,7.4,1
PH:OH001048,PH:OH001000105,OH001,proximity,1.2,1
PH:OH001049,PH:OH001000149,OH001,address_zip,,1
PH:OH001051,PH:OH001000151,OH001,address_zip+proximity,10.4,1
PH:OH002009,PH:OH002000300,OH002,address_zip+proximity,13.2,1
PH:OH002011,PH:OH002000500,OH002,address_zip,,1
PH:OH002012,PH:OH002000200,OH002,address_zip+proximity,8.5,1
PH:OH002024,PH:OH002000400,OH002,proximity,3.0,1
PH:OH003015,PH:OH003000127,OH003,proximity,32.8,1
PH:OH003018,PH:OH003000904,OH003,address_zip+proximity,40.8,1
PH:OH003024,PH:OH003000905,OH003,address_zip+proximity,24.6,1
PH:OH003031,PH:OH003000908,OH003,address_zip,,1
PH:OH003032,PH:OH003000920,OH003,proximity,11.7,1
PH:OH003038,PH:OH003000911,OH003,proximity,30.2,1
PH:OH003043,PH:OH003000940,OH003,proximity,16.3,1
PH:OH003088,PH:OH003000901,OH003,proximity,49.4,1
PH:OH003092,PH:OH003000903,OH003,address_zip,,1
PH:OH003111,PH:OH003000922,OH003,address_zip+proximity,11.6,1
PH:OH003112,PH:OH003000921,OH003,address_zip+proximity,3.5,1
PH:OH004001,PH:OH004000209,OH004,proximity,12.9,1
PH:OH004008,PH:OH004000214,OH004,proximity,1.4,1
PH:OH004010,PH:OH004000210,OH004,address_zip+proximity,8.8,1
PH:OH004011,PH:OH004000218,OH004,address_zip+proximity,17.0,1
PH:OH004017,PH:OH004000215,OH004,address_zip+proximity,9.0,1
PH:OH004019,PH:OH004000211,OH004,address_zip+proximity,45.6,1
PH:OH004020,PH:OH004000213,OH004,address_zip+proximity,0.5,1
PH:OH004025,PH:OH004000212,OH004,address_zip,,1
PH:OH004026,PH:OH004000216,OH004,address_zip+proximity,8.0,1
PH:OH004039,PH:OH004000202,OH004,address_zip+proximity,10.1,1
PH:OH004047,PH:OH004000301,OH004,address_zip+proximity,17.1,1
PH:OH004049,PH:OH004000303,OH004,proximity,10.1,1
PH:OH004051,PH:OH004000205,OH004,proximity,18.2,1
PH:OH004052,PH:OH004000307,OH004,proximity,39.2,1
PH:OH004054,PH:OH004000306,OH004,proximity,45.3,1
PH:OH005007A,PH:OH005000003,OH005,address_zip+proximity,42.9,1
PH:OH005007B,PH:OH005000005,OH005,address_zip,,1
PH:OH005014,PH:OH005000002,OH005,address_zip,,1
PH:OH005017,PH:OH005000004,OH005,address_zip+proximity,12.4,1
PH:OH005026,PH:OH005000001,OH005,address_zip,,1
PH:OH005033,PH:OH005000010,OH005,proximity,4.4,1
PH:OH005054,PH:OH005000011,OH005,address_zip,,1
PH:OH006002,PH:OH006000132,OH006,proximity,37.7,1
PH:OH006003,PH:OH006000122,OH006,proximity,49.1,1
PH:OH006008,PH:OH006000132,OH006,address_zip,,1
PH:OH006012,PH:OH006000123,OH006,address_zip+proximity,0.0,2
PH:OH006012,PH:OH006000131,OH006,address_zip+proximity,8.7,2
PH:OH006021,PH:OH006000112,OH006,address_zip+proximity,8.2,1
PH:OH006030,PH:OH006000133,OH006,address_zip,,1
PH:OH006032,PH:OH006000111,OH006,address_zip,,1
PH:OH006038,PH:OH006000113,OH006,address_zip+proximity,49.2,1
PH:OH007001,PH:OH007000046,OH007,proximity,22.5,1
PH:OH007005,PH:OH007000005,OH007,address_zip,,1
PH:OH007006,PH:OH007000006,OH007,address_zip+proximity,0.5,1
PH:OH007008,PH:OH007000051,OH007,proximity,32.8,1
PH:OH007009,PH:OH007000009,OH007,address_zip+proximity,0.4,1
PH:OH007012,PH:OH007000012,OH007,address_zip,,1
PH:OH007013,PH:OH007000052,OH007,address_zip+proximity,12.5,1
PH:OH007015,PH:OH007000015,OH007,proximity,0.8,1
PH:OH007017,PH:OH007000017,OH007,address_zip,,1
PH:OH007018,PH:OH007000008,OH007,address_zip+proximity,21.0,1
PH:OH007019,PH:OH007000010,OH007,address_zip,,1
PH:OH007021,PH:OH007000021,OH007,address_zip+proximity,41.1,1
PH:OH007022,PH:OH007000022,OH007,address_zip+proximity,45.0,1
PH:OH007027,PH:OH007000027,OH007,address_zip,,1
PH:OH007028,PH:OH007000028,OH007,proximity,18.5,1
PH:OH007034,PH:OH007000034,OH007,address_zip+proximity,20.0,1
PH:OH007040,PH:OH007000040,OH007,address_zip,,1
PH:OH007044,PH:OH007000044,OH007,address_zip+proximity,3.8,1
PH:OH007054,PH:OH007000029,OH007,proximity,25.7,1
PH:OH008002,PH:OH008000002,OH008,proximity,7.0,1
PH:OH008003,PH:OH008000003,OH008,address_zip+proximity,0.5,1
PH:OH008006,PH:OH008000005,OH008,address_zip+proximity,15.1,1
PH:OH008007,PH:OH008000004,OH008,address_zip+proximity,29.5,1
PH:OH009002,PH:OH009000002,OH009,address_zip+proximity,12.5,1
PH:OH009003,PH:OH009000003,OH009,address_zip+proximity,34.3,1
PH:OH010001,PH:OH010000001,OH010,address_zip,,1
PH:OH010002,PH:OH010000002,OH010,address_zip,,1
PH:OH010003,PH:OH010000003,OH010,address_zip+proximity,10.6,1
PH:OH010004,PH:OH010000004,OH010,address_zip+proximity,0.0,1
PH:OH010005,PH:OH010000005,OH010,address_zip+proximity,42.5,1
PH:OH010006,PH:OH010000006,OH010,address_zip,,1
PH:OH012004,PH:OH012000004,OH012,address_zip,,1
PH:OH012006,PH:OH012000003,OH012,address_zip+proximity,30.7,1
PH:OH012010,PH:OH012000002,OH012,address_zip,,1
PH:OH012012,PH:OH012000001,OH012,address_zip+proximity,39.7,1
PH:OH014003,PH:OH014000021,OH014,address_zip+proximity,37.4,1
PH:OH014004,PH:OH014000024,OH014,address_zip,,1
PH:OH014005,PH:OH014000025,OH014,address_zip,,1
PH:OH015003,PH:OH015000053,OH015,address_zip+proximity,36.3,1
PH:OH015005,PH:OH015000055,OH015,address_zip,,1
PH:OH015007,PH:OH015000057,OH015,proximity,31.4,1
PH:OH015014,PH:OH015000052,OH015,address_zip,,1
PH:OH015017,PH:OH015000054,OH015,address_zip+proximity,48.3,1
PH:OH018003,PH:OH018000710,OH018,address_zip+proximity,0.0,1
PH:OH018006,PH:OH018000520,OH018,address_zip+proximity,14.2,1
PH:OH018008,PH:OH018000210,OH018,address_zip+proximity,3.3,1
PH:OH018012,PH:OH018000810,OH018,address_zip+proximity,17.9,1
PH:OH018015,PH:OH018000110,OH018,address_zip,,2
PH:OH018015,PH:OH018000120,OH018,address_zip+proximity,3.7,2
PH:OH018016,PH:OH018000820,OH018,address_zip+proximity,47.4,1
PH:OH018019,PH:OH018000310,OH018,address_zip+proximity,4.7,1
PH:OH018027,PH:OH018000720,OH018,address_zip,,1
PH:OH018030,PH:OH018000410,OH018,address_zip,,1
PH:OH018046,PH:OH018000720,OH018,address_zip,,1
PH:OH019001,PH:OH019000001,OH019,address_zip+proximity,20.9,1
PH:OH019002,PH:OH019000002,OH019,address_zip+proximity,15.2,1
PH:OH020003,PH:OH020000003,OH020,address_zip+proximity,26.7,1
PH:OH020005,PH:OH020000004,OH020,proximity,31.6,1
PH:OH020009,PH:OH020000001,OH020,address_zip+proximity,0.0,1
PH:OH020010,PH:OH020000002,OH020,address_zip,,1
PH:OH021002,PH:OH021000022,OH021,address_zip+proximity,34.1,1
PH:OH021003,PH:OH021000023,OH021,address_zip,,1
PH:OH021005,PH:OH021000025,OH021,address_zip+proximity,33.3,1
PH:OH021008,PH:OH021000024,OH021,address_zip,,1
PH:OH022001,PH:OH022000181,OH022,address_zip+proximity,32.0,1
PH:OH022004,PH:OH022000182,OH022,address_zip+proximity,9.2,1
PH:OH022014,PH:OH022000181,OH022,address_zip+proximity,32.0,1
PH:OH023001,PH:OH023000001,OH023,proximity,18.1,1
PH:OH024001,PH:OH024000010,OH024,address_zip+proximity,49.9,1
PH:OH024002,PH:OH024000020,OH024,address_zip,,1
PH:OH024003,PH:OH024000030,OH024,address_zip,,1
PH:OH026001,PH:OH026000001,OH026,address_zip+proximity,0.0,1
PH:OH026003,PH:OH026000003,OH026,address_zip+proximity,6.3,1
PH:OH026008,PH:OH026000002,OH026,address_zip+proximity,29.3,1
PH:OH027001,PH:OH027000001,OH027,address_zip+proximity,0.0,1
PH:OH028004,PH:OH028000002,OH028,address_zip,,1
PH:OH028012,PH:OH028000001,OH028,proximity,28.1,1
PH:OH029004,PH:OH029000001,OH029,address_zip+proximity,0.0,1
PH:OH029005,PH:OH029000003,OH029,address_zip+proximity,0.0,1
PH:OH029006,PH:OH029000002,OH029,address_zip,,2
PH:OH029006,PH:OH029000004,OH029,address_zip+proximity,0.0,2
PH:OH031004,PH:OH031000001,OH031,address_zip+proximity,6.4,1
PH:OH031005,PH:OH031000002,OH031,address_zip+proximity,7.1,1
PH:OH032001,PH:OH032000001,OH032,address_zip+proximity,30.0,1
PH:OH032003,PH:OH032000002,OH032,proximity,4.4,1
PH:OH033003,PH:OH033000001,OH033,address_zip+proximity,3.2,1
PH:OH034001,PH:OH034000001,OH034,address_zip,,1
PH:OH034002,PH:OH034000002,OH034,address_zip+proximity,13.5,1
PH:OH036001,PH:OH036000010,OH036,proximity,16.6,1
PH:OH036003,PH:OH036000011,OH036,address_zip+proximity,6.5,1
PH:OH037003,PH:OH037000001,OH037,proximity,2.9,1
PH:OH038003,PH:OH038051967,OH038,address_zip,,1
PH:OH040003,PH:OH040000001,OH040,address_zip+proximity,8.3,1
PH:OH041004,PH:OH041000002,OH041,address_zip,,1
PH:OH042003,PH:OH042000111,OH042,address_zip,,1
PH:OH043001,PH:OH043000001,OH043,address_zip+proximity,18.0,1
PH:OH044001,PH:OH044000001,OH044,address_zip,,1
PH:OH046001,PH:OH046000001,OH046,address_zip+proximity,42.1,1
PH:OH047001,PH:OH047000010,OH047,address_zip,,1
PH:OH049002,PH:OH049000020,OH049,proximity,49.7,1
PH:OH049004,PH:OH049000030,OH049,address_zip,,1
PH:OH054001,PH:OH054000001,OH054,address_zip,,1
PH:OH059001,PH:OH059000001,OH059,address_zip+proximity,24.4,1
PH:OH060002,PH:OH060000001,OH060,address_zip,,1
PH:OH061004,PH:OH061000001,OH061,address_zip,,1
PH:OH062003,PH:OH062000001,OH062,address_zip+proximity,20.3,1
PH:OH066001,PH:OH066000001,OH066,address_zip,,1
PH:OH067001,PH:OH067000001,OH067,address_zip,,1
PH:OH069001,PH:OH069000001,OH069,address_zip,,1
PH:OH070001,PH:OH070000001,OH070,address_zip+proximity,0.0,1
PH:OH070003,PH:OH070000001,OH070,proximity,42.9,1
PH:OH073001,PH:OH073000001,OH073,address_zip+proximity,24.8,1
PH:OH081003,PH:OH081000001,OH081,address_zip,,1
PH:OK002004,PH:OK002002425,OK002,address_zip+proximity,0.1,1
PH:OK002007,PH:OK002002007,OK002,address_zip,,1
PH:OK002009,PH:OK002002809,OK002,address_zip+proximity,7.1,1
PH:OK002011,PH:OK002002011,OK002,address_zip+proximity,15.0,1
PH:OK002012,PH:OK002002012,OK002,proximity,25.2,1
PH:OK002014,PH:OK002002014,OK002,address_zip+proximity,10.1,1
PH:OK002015,PH:OK002002530,OK002,address_zip+proximity,0.0,1
PH:OK002018,PH:OK002002018,OK002,address_zip,,1
PH:OK002021,PH:OK002002013,OK002,address_zip+proximity,24.7,1
PH:OK002029,PH:OK002022329,OK002,address_zip+proximity,27.2,1
PH:OK005003,PH:OK005000002,OK005,address_zip+proximity,23.4,1
PH:OK007001,PH:OK007000001,OK007,address_zip,,1
PH:OK008001,PH:OK008000001,OK008,address_zip,,1
PH:OK012001,PH:OK012000001,OK012,address_zip+proximity,0.0,1
PH:OK013001,PH:OK013000001,OK013,address_zip,,1
PH:OK015002,PH:OK015000001,OK015,address_zip+proximity,37.3,1
PH:OK016001,PH:OK016000001,OK016,address_zip+proximity,1.7,1
PH:OK017001,PH:OK017000001,OK017,proximity,44.5,1
PH:OK018001,PH:OK018000001,OK018,address_zip,,1
PH:OK018002,PH:OK018000001,OK018,address_zip,,1
PH:OK020001,PH:OK020000001,OK020,proximity,15.3,1
PH:OK020002,PH:OK020000001,OK020,proximity,15.3,1
PH:OK021001,PH:OK021000001,OK021,proximity,3.2,1
PH:OK023001,PH:OK023000001,OK023,proximity,4.6,1
PH:OK024004,PH:OK024000001,OK024,address_zip,,1
PH:OK026001,PH:OK026000026,OK026,address_zip+proximity,0.5,1
PH:OK028001,PH:OK028000001,OK028,address_zip+proximity,11.2,1
PH:OK029001,PH:OK029000001,OK029,address_zip,,1
PH:OK030001,PH:OK030000001,OK030,address_zip,,1
PH:OK031002,PH:OK031000001,OK031,proximity,36.8,1
PH:OK032002,PH:OK032000001,OK032,proximity,23.1,1
PH:OK033001,PH:OK033000001,OK033,proximity,5.8,1
PH:OK036001,PH:OK036000001,OK036,address_zip,,1
PH:OK037001,PH:OK037000001,OK037,address_zip,,1
PH:OK040001,PH:OK040000001,OK040,address_zip+proximity,0.0,1
PH:OK041001,PH:OK041000001,OK041,proximity,0.0,1
PH:OK041002,PH:OK041000001,OK041,proximity,0.0,1
PH:OK044002,PH:OK044000056,OK044,address_zip+proximity,17.1,1
PH:OK046001,PH:OK046000001,OK046,proximity,5.5,1
PH:OK048001,PH:OK048000001,OK048,address_zip,,1
PH:OK050001,PH:OK050000001,OK050,proximity,11.2,1
PH:OK055001,PH:OK055000001,OK055,proximity,3.0,1
PH:OK057001,PH:OK057000001,OK057,address_zip,,1
PH:OK060001,PH:OK060000001,OK060,address_zip,,1
PH:OK062001,PH:OK062000001,OK062,proximity,41.6,1
PH:OK062002,PH:OK062000002,OK062,address_zip+proximity,0.0,1
PH:OK064001,PH:OK064000001,OK064,address_zip,,1
PH:OK065001,PH:OK065000001,OK065,proximity,38.9,1
PH:OK066001,PH:OK066000001,OK066,proximity,27.8,1
PH:OK069001,PH:OK069000001,OK069,address_zip+proximity,9.2,1
PH:OK069002,PH:OK069000001,OK069,proximity,9.2,1
PH:OK071001,PH:OK071000001,OK071,address_zip,,1
PH:OK073001,PH:OK073000001,OK073,proximity,32.4,1
PH:OK073004,PH:OK073000004,OK073,address_zip,,1
PH:OK073007,PH:OK073000007,OK073,address_zip+proximity,37.4,1
PH:OK073009,PH:OK073000019,OK073,address_zip,,1
PH:OK073010,PH:OK073000010,OK073,address_zip,,1
PH:OK073013,PH:OK073000013,OK073,address_zip,,1
PH:OK073017,PH:OK073000017,OK073,proximity,31.6,1
PH:OK073018,PH:OK073000018,OK073,address_zip+proximity,0.0,1
PH:OK073026,PH:OK073000026,OK073,address_zip,,1
PH:OK073029,PH:OK073000026,OK073,proximity,30.1,2
PH:OK073029,PH:OK073000029,OK073,proximity,45.8,2
PH:OK076001,PH:OK076000001,OK076,proximity,15.3,1
PH:OK079001,PH:OK079000001,OK079,proximity,13.4,1
PH:OK083001,PH:OK083000001,OK083,address_zip+proximity,0.0,1
PH:OK084002,PH:OK084000001,OK084,address_zip,,1
PH:OK085001,PH:OK085000001,OK085,address_zip,,1
PH:OK086001,PH:OK086000001,OK086,address_zip,,1
PH:OK086002,PH:OK086000001,OK086,address_zip,,1
PH:OK087001,PH:OK087000001,OK087,address_zip,,1
PH:OK089001,PH:OK089000001,OK089,proximity,12.9,1
PH:OK095005,PH:OK095000020,OK095,address_zip+proximity,43.2,1
PH:OK095006,PH:OK095000010,OK095,address_zip,,1
PH:OK099001,PH:OK099000001,OK099,address_zip+proximity,0.0,1
PH:OK099002,PH:OK099000002,OK099,address_zip,,1
PH:OK103001,PH:OK103000001,OK103,address_zip,,1
PH:OK111001,PH:OK111000001,OK111,address_zip,,1
PH:OK113001,PH:OK113000001,OK113,proximity,31.2,1
PH:OK118002,PH:OK118000001,OK118,address_zip,,1
PH:OK119001,PH:OK119000001,OK119,address_zip,,1
PH:OK120001,PH:OK120000001,OK120,address_zip+proximity,15.6,1
PH:OK132001,PH:OK132000001,OK132,proximity,37.8,1
PH:OK136001,PH:OK136000001,OK136,address_zip+proximity,0.0,1
PH:OK139001,PH:OK139000001,OK139,address_zip+proximity,6.0,1
PH:OK142001,PH:OK142000001,OK142,proximity,0.9,1
PH:OK146001,PH:OK146000001,OK146,address_zip+proximity,46.1,1
PH:OK147001,PH:OK147000001,OK147,address_zip+proximity,35.7,1
PH:OK149002,PH:OK149000001,OK149,address_zip,,1
PH:OK150001,PH:OK150000001,OK150,proximity,44.8,1
PH:OR001001,PH:OR001001000,OR001,address_zip+proximity,0.1,1
PH:OR001004,PH:OR001004000,OR001,address_zip+proximity,0.1,1
PH:OR001005,PH:OR001005000,OR001,address_zip,,1
PH:OR002004,PH:OR002000104,OR002,address_zip+proximity,0.0,1
PH:OR002005,PH:OR002000105,OR002,proximity,20.0,1
PH:OR002006,PH:OR002000106,OR002,address_zip+proximity,0.0,1
PH:OR002007,PH:OR002000058,OR002,proximity,3.5,1
PH:OR002008,PH:OR002000108,OR002,address_zip+proximity,0.0,1
PH:OR002011,PH:OR002000111,OR002,proximity,9.7,1
PH:OR002013,PH:OR002000113,OR002,address_zip,,1
PH:OR002014,PH:OR002000114,OR002,address_zip+proximity,0.0,1
PH:OR002015,PH:OR002000115,OR002,address_zip,,1
PH:OR002016,PH:OR002000116,OR002,address_zip,,1
PH:OR002017,PH:OR002000117,OR002,address_zip+proximity,13.3,1
PH:OR002018,PH:OR002000118,OR002,address_zip+proximity,0.5,1
PH:OR002021,PH:OR002000121,OR002,proximity,23.1,1
PH:OR002024,PH:OR002000124,OR002,address_zip+proximity,14.4,1
PH:OR002025,PH:OR002000125,OR002,proximity,14.7,1
PH:OR002026,PH:OR002000126,OR002,proximity,3.3,1
PH:OR002031,PH:OR002000131,OR002,address_zip,,1
PH:OR002032,PH:OR002000332,OR002,address_zip+proximity,2.9,1
PH:OR002036,PH:OR002000436,OR002,address_zip+proximity,1.4,1
PH:OR002037,PH:OR002000137,OR002,address_zip+proximity,0.0,1
PH:OR002038,PH:OR002000138,OR002,address_zip+proximity,0.5,1
PH:OR002039,PH:OR002000139,OR002,address_zip+proximity,38.0,1
PH:OR002040,PH:OR002000140,OR002,address_zip+proximity,20.3,1
PH:OR002042,PH:OR002000142,OR002,proximity,24.6,1
PH:OR002044,PH:OR002000707,OR002,address_zip+proximity,0.0,1
PH:OR002049,PH:OR002000701,OR002,address_zip+proximity,0.0,1
PH:OR002051,PH:OR002000151,OR002,address_zip+proximity,34.4,1
PH:OR002052,PH:OR002000152,OR002,proximity,35.0,1
PH:OR002053,PH:OR002000153,OR002,proximity,0.3,1
PH:OR002054,PH:OR002000305,OR002,proximity,23.8,1
PH:OR002055,PH:OR002000310,OR002,proximity,23.4,1
PH:OR003004,PH:OR003000004,OR003,proximity,10.4,1
PH:OR003006,PH:OR003000006,OR003,address_zip+proximity,0.0,1
PH:OR003007,PH:OR003002007,OR003,proximity,7.5,1
PH:OR005010,PH:OR005000002,OR005,address_zip+proximity,0.0,1
PH:OR006001,PH:OR006000100,OR006,address_zip,,1
PH:OR006004,PH:OR006000400,OR006,address_zip+proximity,15.6,1
PH:OR006005,PH:OR006000500,OR006,address_zip+proximity,45.1,1
PH:OR006016,PH:OR006000200,OR006,proximity,46.7,1
PH:OR007004,PH:OR007160001,OR007,address_zip,,1
PH:OR008001,PH:OR008810001,OR008,address_zip+proximity,1.4,1
PH:OR008005,PH:OR008890001,OR008,address_zip,,1
PH:OR008006,PH:OR008860001,OR008,address_zip,,1
PH:OR009001,PH:OR009000001,OR009,address_zip+proximity,32.2,1
PH:OR009002,PH:OR009000002,OR009,address_zip+proximity,12.0,1
PH:OR017003,PH:OR017000001,OR017,address_zip,,1
PH:OR022011,PH:OR022000002,OR022,address_zip+proximity,0.0,1
PH:OR022014,PH:OR022000001,OR022,address_zip+proximity,30.2,1
PH:OR027001,PH:OR027000001,OR027,address_zip+proximity,37.9,1
PH:OR032001,PH:OR032000001,OR032,address_zip,,1
PH:PA001009,PH:PA001000009,PA001,address_zip,,1
PH:PA001013,PH:PA001000001,PA001,address_zip+proximity,0.0,1
PH:PA001015,PH:PA001000015,PA001,address_zip+proximity,35.2,1
PH:PA001017,PH:PA001000017,PA001,address_zip+proximity,35.6,1
PH:PA001022,PH:PA001000022,PA001,address_zip+proximity,49.7,1
PH:PA001033,PH:PA001000033,PA001,address_zip,,1
PH:PA001040,PH:PA001000040,PA001,address_zip,,1
PH:PA001041,PH:PA001000041,PA001,address_zip+proximity,7.7,1
PH:PA001044,PH:PA001000044,PA001,address_zip+proximity,21.1,1
PH:PA001045,PH:PA001000045,PA001,address_zip+proximity,23.0,1
PH:PA001046,PH:PA001000046,PA001,address_zip+proximity,11.0,1
PH:PA001047,PH:PA001000047,PA001,address_zip+proximity,12.5,1
PH:PA001064,PH:PA001000064,PA001,address_zip+proximity,1.9,1
PH:PA001066,PH:PA001000066,PA001,proximity,14.5,1
PH:PA001073,PH:PA001000073,PA001,address_zip+proximity,3.2,1
PH:PA001075,PH:PA001000072,PA001,address_zip+proximity,0.0,1
PH:PA001080,PH:PA001000080,PA001,address_zip+proximity,27.8,1
PH:PA001085,PH:PA001000085,PA001,address_zip+proximity,34.5,1
PH:PA001086,PH:PA001000086,PA001,address_zip+proximity,6.8,1
PH:PA002001,PH:PA002000001,PA002,address_zip,,1
PH:PA002003,PH:PA002000003,PA002,proximity,8.5,1
PH:PA002013,PH:PA002000013,PA002,proximity,44.7,1
PH:PA002014,PH:PA002000175,PA002,proximity,24.8,1
PH:PA002018,PH:PA002000018,PA002,proximity,0.4,1
PH:PA002024,PH:PA002000179,PA002,proximity,22.9,1
PH:PA002029,PH:PA002000029,PA002,address_zip+proximity,0.0,1
PH:PA002030,PH:PA002000030,PA002,proximity,26.9,1
PH:PA002031,PH:PA002000031,PA002,proximity,48.0,1
PH:PA002032,PH:PA002000032,PA002,address_zip,,1
PH:PA002035,PH:PA002000035,PA002,address_zip,,1
PH:PA002042,PH:PA002000042,PA002,proximity,43.2,1
PH:PA002043,PH:PA002000024,PA002,address_zip+proximity,0.0,1
PH:PA002045,PH:PA002000163,PA002,proximity,2.7,1
PH:PA002046,PH:PA002000046,PA002,proximity,41.9,1
PH:PA002049,PH:PA002000049,PA002,proximity,15.9,1
PH:PA002050,PH:PA002000050,PA002,address_zip,,1
PH:PA002056,PH:PA002000023,PA002,address_zip,,1
PH:PA002061,PH:PA002000061,PA002,proximity,45.6,2
PH:PA002061,PH:PA002000174,PA002,proximity,31.8,2
PH:PA002062,PH:PA002000062,PA002,address_zip+proximity,0.5,1
PH:PA002063,PH:PA002000901,PA002,proximity,22.8,1
PH:PA002064,PH:PA002000034,PA002,proximity,44.9,1
PH:PA002066,PH:PA002000066,PA002,proximity,11.1,1
PH:PA002069,PH:PA002000902,PA002,address_zip+proximity,1.8,1
PH:PA002076,PH:PA002000076,PA002,address_zip+proximity,27.5,1
PH:PA002077,PH:PA002000077,PA002,address_zip,,1
PH:PA002079,PH:PA002000079,PA002,address_zip+proximity,2.0,1
PH:PA002093,PH:PA002000093,PA002,address_zip,,1
PH:PA002100,PH:PA002000100,PA002,address_zip,,1
PH:PA002104,PH:PA002000104,PA002,address_zip+proximity,0.0,1
PH:PA002114,PH:PA002000114,PA002,address_zip,,1
PH:PA002121,PH:PA002000121,PA002,address_zip,,1
PH:PA002126,PH:PA002000126,PA002,proximity,41.5,1
PH:PA002127,PH:PA002000127,PA002,address_zip+proximity,0.8,1
PH:PA002128,PH:PA002000128,PA002,proximity,7.6,1
PH:PA002129,PH:PA002000129,PA002,proximity,27.4,1
PH:PA002130,PH:PA002000130,PA002,proximity,36.3,1
PH:PA002131,PH:PA002000131,PA002,proximity,26.8,1
PH:PA002132,PH:PA002000132,PA002,address_zip+proximity,15.8,1
PH:PA002134,PH:PA002000134,PA002,proximity,3.4,1
PH:PA002135,PH:PA002000909,PA002,proximity,4.7,1
PH:PA002136,PH:PA002000136,PA002,address_zip+proximity,10.1,1
PH:PA002137,PH:PA002000137,PA002,address_zip,,2
PH:PA002137,PH:PA002000129,PA002,proximity,38.6,2
PH:PA002138,PH:PA002000138,PA002,address_zip+proximity,32.2,1
PH:PA002139,PH:PA002000144,PA002,proximity,0.0,1
PH:PA002143,PH:PA002000144,PA002,proximity,0.0,1
PH:PA002145,PH:PA002000145,PA002,proximity,33.0,1
PH:PA002146,PH:PA002000146,PA002,address_zip,,2
PH:PA002146,PH:PA002000159,PA002,address_zip,,2
PH:PA002147,PH:PA002000147,PA002,address_zip,,2
PH:PA002147,PH:PA002000134,PA002,proximity,27.3,2
PH:PA002151,PH:PA002000139,PA002,address_zip,,2
PH:PA002151,PH:PA002000151,PA002,address_zip+proximity,0.0,2
PH:PA002152,PH:PA002000152,PA002,address_zip+proximity,4.1,1
PH:PA002153,PH:PA002000153,PA002,proximity,8.2,1
PH:PA002154,PH:PA002000154,PA002,address_zip+proximity,0.0,1
PH:PA003001,PH:PA003000001,PA003,address_zip+proximity,18.3,1
PH:PA003002,PH:PA003000002,PA003,proximity,15.8,1
PH:PA003005,PH:PA003000005,PA003,address_zip,,1
PH:PA003006,PH:PA003000006,PA003,address_zip+proximity,0.7,1
PH:PA003007,PH:PA003000004,PA003,address_zip+proximity,4.4,1
PH:PA003013,PH:PA003000003,PA003,address_zip,,1
PH:PA004002,PH:PA004000920,PA004,proximity,31.9,1
PH:PA004003,PH:PA004000300,PA004,address_zip+proximity,2.0,2
PH:PA004003,PH:PA004000200,PA004,proximity,4.8,2
PH:PA004004,PH:PA004000410,PA004,address_zip+proximity,38.2,1
PH:PA004005,PH:PA004000700,PA004,address_zip+proximity,3.1,1
PH:PA004007,PH:PA004000200,PA004,address_zip+proximity,1.7,2
PH:PA004007,PH:PA004000300,PA004,proximity,1.1,2
PH:PA004008,PH:PA004000800,PA004,address_zip+proximity,6.1,1
PH:PA004009,PH:PA004000100,PA004,address_zip+proximity,27.3,1
PH:PA004014,PH:PA004000600,PA004,address_zip+proximity,38.7,1
PH:PA005006,PH:PA005000003,PA005,proximity,21.6,1
PH:PA005007,PH:PA005000003,PA005,proximity,21.6,1
PH:PA006021,PH:PA006000502,PA006,address_zip,,3
PH:PA006021,PH:PA006000501,PA006,proximity,12.8,3
PH:PA006021,PH:PA006000504,PA006,proximity,25.6,3
PH:PA006025,PH:PA006000502,PA006,address_zip,,3
PH:PA006025,PH:PA006000501,PA006,proximity,12.8,3
PH:PA006025,PH:PA006000504,PA006,proximity,25.6,3
PH:PA006027,PH:PA006000703,PA006,address_zip+proximity,3.5,1
PH:PA006028,PH:PA006000704,PA006,address_zip+proximity,3.0,1
PH:PA006029,PH:PA006000602,PA006,address_zip,,1
PH:PA006031,PH:PA006000821,PA006,address_zip,,2
PH:PA006031,PH:PA006000822,PA006,address_zip,,2
PH:PA006033,PH:PA006000701,PA006,address_zip+proximity,22.6,1
PH:PA006034,PH:PA006000102,PA006,address_zip+proximity,11.4,1
PH:PA006035,PH:PA006000502,PA006,address_zip,,3
PH:PA006035,PH:PA006000501,PA006,proximity,12.8,3
PH:PA006035,PH:PA006000504,PA006,proximity,25.6,3
PH:PA006039,PH:PA006000203,PA006,address_zip,,1
PH:PA006040,PH:PA006000403,PA006,address_zip,,1
PH:PA006041,PH:PA006000302,PA006,address_zip,,1
PH:PA006042,PH:PA006000702,PA006,address_zip,,1
PH:PA006043,PH:PA006000202,PA006,address_zip,,1
PH:PA006066,PH:PA006000803,PA006,address_zip+proximity,0.0,1
PH:PA006070,PH:PA006000807,PA006,address_zip+proximity,7.7,1
PH:PA006071,PH:PA006000811,PA006,address_zip+proximity,1.6,1
PH:PA006072,PH:PA006000804,PA006,address_zip+proximity,35.3,1
PH:PA006073,PH:PA006000812,PA006,address_zip+proximity,4.6,1
PH:PA006076,PH:PA006000501,PA006,address_zip+proximity,35.4,2
PH:PA006076,PH:PA006000502,PA006,proximity,10.5,2
PH:PA006078,PH:PA006000303,PA006,proximity,43.4,1
PH:PA006081,PH:PA006000502,PA006,address_zip,,3
PH:PA006081,PH:PA006000501,PA006,proximity,12.8,3
PH:PA006081,PH:PA006000504,PA006,proximity,25.6,3
PH:PA006083,PH:PA006000503,PA006,address_zip+proximity,2.7,1
PH:PA006084,PH:PA006000802,PA006,address_zip,,1
PH:PA007006,PH:PA007000019,PA007,address_zip,,1
PH:PA007010,PH:PA007000010,PA007,proximity,10.8,1
PH:PA007011,PH:PA007000011,PA007,proximity,17.4,1
PH:PA007014,PH:PA007000014,PA007,address_zip+proximity,2.0,1
PH:PA007015,PH:PA007000015,PA007,address_zip,,1
PH:PA008002,PH:PA008000002,PA008,address_zip,,1
PH:PA008005,PH:PA008000005,PA008,proximity,10.8,1
PH:PA008006,PH:PA008000006,PA008,address_zip+proximity,37.6,1
PH:PA008007,PH:PA008000007,PA008,address_zip+proximity,6.9,1
PH:PA008011,PH:PA008000010,PA008,address_zip,,1
PH:PA009001,PH:PA009000010,PA009,proximity,13.2,1
PH:PA009002,PH:PA009000011,PA009,address_zip,,1
PH:PA009003,PH:PA009000020,PA009,proximity,48.3,1
PH:PA009006,PH:PA009000030,PA009,address_zip+proximity,0.0,1
PH:PA009008,PH:PA009000030,PA009,proximity,45.8,1
PH:PA010001,PH:PA010000013,PA010,address_zip+proximity,29.4,1
PH:PA010004,PH:PA010000249,PA010,address_zip+proximity,47.0,1
PH:PA011002,PH:PA011000002,PA011,address_zip,,1
PH:PA011008,PH:PA011000004,PA011,address_zip+proximity,5.6,1
PH:PA012002,PH:PA012002003,PA012,proximity,35.3,1
PH:PA012004,PH:PA012004005,PA012,proximity,28.1,1
PH:PA012006,PH:PA012006009,PA012,address_zip+proximity,1.2,1
PH:PA012011,PH:PA012007011,PA012,address_zip+proximity,45.0,1
PH:PA013001,PH:PA013000001,PA013,address_zip+proximity,47.7,1
PH:PA013002,PH:PA013000002,PA013,address_zip,,1
PH:PA013005,PH:PA013000005,PA013,address_zip+proximity,27.1,1
PH:PA013011,PH:PA013000003,PA013,proximity,6.9,1
PH:PA013014,PH:PA013000004,PA013,proximity,7.7,1
PH:PA013015,PH:PA013000006,PA013,address_zip+proximity,2.0,1
PH:PA013019,PH:PA013000007,PA013,address_zip,,1
PH:PA014010,PH:PA014000004,PA014,address_zip+proximity,0.0,1
PH:PA014013,PH:PA014000007,PA014,proximity,41.2,1
PH:PA014017,PH:PA014000007,PA014,address_zip,,1
PH:PA014018,PH:PA014000002,PA014,address_zip+proximity,20.9,1
PH:PA014019,PH:PA014000005,PA014,address_zip,,1
PH:PA014023,PH:PA014000006,PA014,address_zip+proximity,2.5,1
PH:PA014024,PH:PA014000003,PA014,address_zip+proximity,8.7,1
PH:PA014025,PH:PA014000008,PA014,address_zip+proximity,0.0,1
PH:PA014027,PH:PA014000009,PA014,address_zip+proximity,2.0,1
PH:PA015006,PH:PA015000004,PA015,proximity,19.5,1
PH:PA015012,PH:PA015000009,PA015,address_zip,,1
PH:PA015016,PH:PA015000001,PA015,address_zip,,1
PH:PA015024,PH:PA015000003,PA015,address_zip+proximity,27.1,1
PH:PA016003,PH:PA016000002,PA016,address_zip+proximity,25.8,1
PH:PA016005,PH:PA016000003,PA016,address_zip+proximity,1.9,1
PH:PA016007,PH:PA016000001,PA016,address_zip+proximity,0.8,1
PH:PA017001,PH:PA017000001,PA017,proximity,18.8,1
PH:PA017010,PH:PA017000004,PA017,address_zip+proximity,13.4,1
PH:PA017017,PH:PA017000005,PA017,address_zip+proximity,12.4,1
PH:PA017020,PH:PA017000003,PA017,address_zip,,1
PH:PA017021,PH:PA017000002,PA017,address_zip+proximity,6.6,1
PH:PA018008,PH:PA018000004,PA018,proximity,3.2,1
PH:PA018011,PH:PA018000008,PA018,address_zip,,1
PH:PA018025,PH:PA018000015,PA018,address_zip,,1
PH:PA018028,PH:PA018000011,PA018,address_zip+proximity,26.4,1
PH:PA018029,PH:PA018000010,PA018,address_zip,,1
PH:PA018039,PH:PA018000014,PA018,proximity,46.3,1
PH:PA018040,PH:PA018000013,PA018,proximity,10.9,1
PH:PA019002,PH:PA019000200,PA019,address_zip+proximity,19.0,1
PH:PA019005,PH:PA019000500,PA019,address_zip+proximity,34.2,2
PH:PA019005,PH:PA019000800,PA019,proximity,20.3,2
PH:PA019008,PH:PA019000800,PA019,address_zip+proximity,24.4,2
PH:PA019008,PH:PA019000500,PA019,proximity,38.2,2
PH:PA019009,PH:PA019000900,PA019,address_zip+proximity,4.6,1
PH:PA020003,PH:PA020000002,PA020,proximity,15.2,1
PH:PA020004,PH:PA020000003,PA020,proximity,14.3,1
PH:PA020013,PH:PA020000004,PA020,address_zip+proximity,0.0,1
PH:PA021004,PH:PA021000002,PA021,address_zip+proximity,1.3,1
PH:PA021005,PH:PA021000001,PA021,address_zip+proximity,17.6,1
PH:PA022001,PH:PA022000001,PA022,proximity,8.0,1
PH:PA022003,PH:PA022000003,PA022,address_zip+proximity,39.0,1
PH:PA022005,PH:PA022000004,PA022,proximity,36.7,1
PH:PA022012,PH:PA022000005,PA022,address_zip+proximity,0.0,1
PH:PA022016,PH:PA022000006,PA022,address_zip+proximity,31.8,1
PH:PA022017,PH:PA022000007,PA022,address_zip,,1
PH:PA022018,PH:PA022000008,PA022,address_zip,,1
PH:PA022023,PH:PA022000006,PA022,proximity,9.6,1
PH:PA023011,PH:PA023000007,PA023,address_zip,,1
PH:PA023030,PH:PA023000004,PA023,address_zip,,1
PH:PA023031,PH:PA023000006,PA023,address_zip+proximity,8.5,1
PH:PA023032,PH:PA023000003,PA023,address_zip,,1
PH:PA024002,PH:PA024000002,PA024,address_zip,,1
PH:PA024006,PH:PA024000004,PA024,address_zip+proximity,24.1,1
PH:PA024008,PH:PA024000008,PA024,address_zip+proximity,42.6,1
PH:PA025002,PH:PA025000001,PA025,address_zip,,1
PH:PA026006,PH:PA026000004,PA026,address_zip,,1
PH:PA026007,PH:PA026000002,PA026,proximity,11.7,1
PH:PA026008,PH:PA026000003,PA026,address_zip+proximity,31.6,1
PH:PA026009,PH:PA026000005,PA026,address_zip,,1
PH:PA026010,PH:PA026000010,PA026,address_zip,,1
PH:PA027003,PH:PA027000002,PA027,address_zip+proximity,31.8,1
PH:PA027004,PH:PA027000001,PA027,address_zip+proximity,48.0,1
PH:PA028005,PH:PA028000009,PA028,address_zip+proximity,13.1,1
PH:PA030004,PH:PA030000346,PA030,address_zip+proximity,24.4,1
PH:PA031002,PH:PA031000002,PA031,address_zip+proximity,0.0,1
PH:PA031013,PH:PA031000004,PA031,address_zip+proximity,0.0,1
PH:PA031016,PH:PA031000001,PA031,address_zip+proximity,0.0,1
PH:PA033001,PH:PA033000001,PA033,address_zip,,1
PH:PA033002,PH:PA033000002,PA033,address_zip,,1
PH:PA034001,PH:PA034000200,PA034,address_zip,,1
PH:PA035003,PH:PA035000003,PA035,proximity,21.7,1
PH:PA035004,PH:PA035000004,PA035,address_zip,,1
PH:PA035005,PH:PA035000005,PA035,address_zip,,1
PH:PA035007,PH:PA035000007,PA035,address_zip+proximity,11.2,1
PH:PA035008,PH:PA035000008,PA035,address_zip+proximity,25.5,1
PH:PA035010,PH:PA035000010,PA035,address_zip+proximity,0.0,1
PH:PA035011,PH:PA035000002,PA035,address_zip+proximity,0.0,1
PH:PA035017,PH:PA035000009,PA035,address_zip,,1
PH:PA035019,PH:PA035000001,PA035,address_zip+proximity,0.8,1
PH:PA036001,PH:PA036000012,PA036,proximity,4.0,1
PH:PA036004,PH:PA036000034,PA036,address_zip+proximity,40.2,1
PH:PA036007,PH:PA036000711,PA036,address_zip+proximity,2.1,1
PH:PA037005,PH:PA037000001,PA037,address_zip+proximity,19.7,1
PH:PA037008,PH:PA037000004,PA037,address_zip+proximity,40.7,1
PH:PA038007,PH:PA038000033,PA038,proximity,18.1,1
PH:PA038013,PH:PA038000034,PA038,address_zip+proximity,2.4,1
PH:PA038022,PH:PA038000032,PA038,address_zip,,1
PH:PA039001,PH:PA039000011,PA039,address_zip+proximity,0.1,1
PH:PA039005,PH:PA039000013,PA039,address_zip,,1
PH:PA039006,PH:PA039000012,PA039,address_zip+proximity,23.2,1
PH:PA040003,PH:PA040000003,PA040,address_zip,,1
PH:PA040004,PH:PA040000002,PA040,address_zip+proximity,18.2,1
PH:PA040005,PH:PA040000001,PA040,proximity,19.0,1
PH:PA041001,PH:PA041000001,PA041,address_zip,,1
PH:PA041002,PH:PA041000003,PA041,address_zip,,1
PH:PA041007,PH:PA041000004,PA041,address_zip,,1
PH:PA041009,PH:PA041000005,PA041,address_zip+proximity,27.1,1
PH:PA042003,PH:PA042000002,PA042,address_zip+proximity,2.8,1
PH:PA043003,PH:PA043004301,PA043,address_zip,,1
PH:PA044002,PH:PA044000002,PA044,address_zip+proximity,43.9,1
PH:PA044003,PH:PA044000003,PA044,address_zip+proximity,0.6,1
PH:PA045002,PH:PA045000001,PA045,proximity,20.0,1
PH:PA046004,PH:PA046000004,PA046,address_zip,,1
PH:PA046005,PH:PA046000025,PA046,address_zip+proximity,3.2,1
PH:PA046008,PH:PA046000008,PA046,address_zip+proximity,29.5,1
PH:PA046014,PH:PA046000014,PA046,address_zip+proximity,18.9,1
PH:PA046015,PH:PA046000015,PA046,address_zip+proximity,4.8,1
PH:PA047003,PH:PA047000003,PA047,address_zip+proximity,4.3,1
PH:PA048006,PH:PA048000001,PA048,address_zip,,1
PH:PA049001,PH:PA049000001,PA049,address_zip+proximity,0.0,1
PH:PA050003,PH:PA050000002,PA050,address_zip,,1
PH:PA050012,PH:PA050000003,PA050,address_zip+proximity,29.0,1
PH:PA051001,PH:PA051000001,PA051,address_zip+proximity,3.0,1
PH:PA051006,PH:PA051000006,PA051,address_zip+proximity,3.8,1
PH:PA051008,PH:PA051000008,PA051,address_zip+proximity,46.2,1
PH:PA051009,PH:PA051000009,PA051,proximity,4.9,1
PH:PA051010,PH:PA051000010,PA051,address_zip+proximity,0.0,1
PH:PA051011,PH:PA051000011,PA051,address_zip,,1
PH:PA051013,PH:PA051000013,PA051,address_zip,,1
PH:PA052001,PH:PA052000001,PA052,address_zip+proximity,0.0,1
PH:PA052002,PH:PA052000003,PA052,proximity,18.3,1
PH:PA053002,PH:PA053000002,PA053,address_zip,,1
PH:PA054001,PH:PA054000001,PA054,address_zip,,1
PH:PA054002,PH:PA054000002,PA054,address_zip,,1
PH:PA055001,PH:PA055000001,PA055,address_zip+proximity,10.9,1
PH:PA056001,PH:PA056000001,PA056,address_zip+proximity,47.7,1
PH:PA057001,PH:PA057000002,PA057,address_zip+proximity,33.3,1
PH:PA057006,PH:PA057000003,PA057,address_zip,,1
PH:PA057024,PH:PA057000001,PA057,address_zip,,1
PH:PA058002,PH:PA058000001,PA058,address_zip+proximity,13.1,1
PH:PA059001,PH:PA059000001,PA059,address_zip+proximity,8.6,1
PH:PA059002,PH:PA059000002,PA059,proximity,21.7,1
PH:PA060002,PH:PA060000001,PA060,address_zip+proximity,4.4,2
PH:PA060002,PH:PA060000002,PA060,address_zip+proximity,0.0,2
PH:PA061001,PH:PA061120000,PA061,address_zip+proximity,0.4,1
PH:PA061003,PH:PA061345789,PA061,proximity,0.8,1
PH:PA063001,PH:PA063000001,PA063,address_zip+proximity,20.0,1
PH:PA064001,PH:PA064000001,PA064,proximity,21.8,1
PH:PA064003,PH:PA064000003,PA064,address_zip+proximity,0.0,1
PH:PA064004,PH:PA064000002,PA064,proximity,8.3,1
PH:PA065001,PH:PA065000001,PA065,address_zip+proximity,4.1,1
PH:PA066001,PH:PA066000001,PA066,address_zip+proximity,0.0,1
PH:PA067005,PH:PA067000001,PA067,address_zip+proximity,0.0,1
PH:PA067006,PH:PA067000002,PA067,proximity,23.5,1
PH:PA071001,PH:PA071000001,PA071,address_zip,,2
PH:PA071001,PH:PA071000002,PA071,address_zip+proximity,0.0,2
PH:PA075005,PH:PA075000001,PA075,address_zip+proximity,8.7,1
PH:PA076002,PH:PA076076001,PA076,address_zip+proximity,14.1,1
PH:PA079001,PH:PA079000001,PA079,address_zip,,1
PH:PA079004,PH:PA079000004,PA079,address_zip,,1
PH:PA080001,PH:PA080000001,PA080,address_zip,,1
PH:PA080003,PH:PA080000002,PA080,proximity,40.2,1
PH:PA081001,PH:PA081000001,PA081,address_zip+proximity,23.5,1
PH:PA081003,PH:PA081000002,PA081,address_zip+proximity,40.1,1
PH:PA083004,PH:PA083000001,PA083,address_zip+proximity,0.0,1
PH:PA085004,PH:PA085000001,PA085,address_zip,,1
PH:PA086001,PH:PA086000001,PA086,address_zip,,1
PH:PA087001,PH:PA087000001,PA087,address_zip,,1
PH:PA089004,PH:PA089000001,PA089,address_zip+proximity,7.3,1
PH:PA092001,PH:PA092000001,PA092,address_zip,,1
PH:RI001003,PH:RI001000002,RI001,address_zip+proximity,9.8,1
PH:RI001004,PH:RI001000003,RI001,address_zip+proximity,41.3,1
PH:RI001005,PH:RI001000004,RI001,address_zip,,1
PH:RI001008,PH:RI001000005,RI001,address_zip+proximity,36.9,1
PH:RI001009,PH:RI001000006,RI001,address_zip+proximity,3.4,1
PH:RI001011,PH:RI001000007,RI001,address_zip+proximity,21.4,1
PH:RI001012,PH:RI001000008,RI001,address_zip+proximity,32.4,1
PH:RI001013,PH:RI001000009,RI001,address_zip+proximity,43.2,1
PH:RI001014,PH:RI001000005,RI001,address_zip+proximity,36.9,1
PH:RI002001,PH:RI002000001,RI002,address_zip,,1
PH:RI002002,PH:RI002000002,RI002,proximity,45.2,1
PH:RI002003,PH:RI002000003,RI002,address_zip+proximity,26.0,1
PH:RI002004,PH:RI002000004,RI002,proximity,31.0,1
PH:RI002005,PH:RI002000003,RI002,address_zip+proximity,26.0,1
PH:RI002007,PH:RI002000005,RI002,address_zip+proximity,8.9,1
PH:RI003002,PH:RI003000002,RI003,address_zip+proximity,39.2,1
PH:RI003003,PH:RI003000003,RI003,address_zip+proximity,1.4,1
PH:RI003004,PH:RI003000004,RI003,address_zip,,1
PH:RI003005,PH:RI003000005,RI003,address_zip+proximity,27.9,1
PH:RI003007,PH:RI003000007,RI003,proximity,2.8,1
PH:RI004001,PH:RI004000001,RI004,address_zip+proximity,28.8,1
PH:RI004002,PH:RI004000002,RI004,address_zip+proximity,19.2,1
PH:RI004004,PH:RI004000002,RI004,address_zip+proximity,19.2,1
PH:RI005005,PH:RI005000005,RI005,address_zip,,1
PH:RI005008,PH:RI005000004,RI005,proximity,0.9,1
PH:RI005010,PH:RI005000003,RI005,address_zip,,1
PH:RI005011,PH:RI005000006,RI005,address_zip,,1
PH:RI005013,PH:RI005000008,RI005,address_zip,,1
PH:RI006001,PH:RI006000001,RI006,address_zip+proximity,16.2,1
PH:RI006002,PH:RI006000002,RI006,address_zip+proximity,0.8,1
PH:RI006004,PH:RI006000003,RI006,address_zip+proximity,45.8,1
PH:RI006005,PH:RI006000004,RI006,address_zip,,1
PH:RI006007,PH:RI006000005,RI006,address_zip+proximity,2.6,1
PH:RI007001,PH:RI007000001,RI007,address_zip+proximity,21.1,1
PH:RI007002,PH:RI007000002,RI007,address_zip+proximity,27.8,2
PH:RI007002,PH:RI007000004,RI007,proximity,20.9,2
PH:RI007004,PH:RI007000004,RI007,address_zip,,1
PH:RI007005,PH:RI007000003,RI007,address_zip+proximity,9.8,1
PH:RI008004,PH:RI008000001,RI008,address_zip,,1
PH:RI009004,PH:RI009000001,RI009,address_zip+proximity,3.5,1
PH:RI010001,PH:RI010000001,RI010,proximity,31.2,1
PH:RI010003,PH:RI010000001,RI010,address_zip+proximity,31.2,1
PH:RI011002,PH:RI011000002,RI011,address_zip+proximity,2.6,1
PH:RI011005,PH:RI011000003,RI011,address_zip,,1
PH:RI011006,PH:RI011000003,RI011,address_zip,,1
PH:RI011008,PH:RI011000001,RI011,address_zip+proximity,12.3,1
PH:RI011009,PH:RI011000004,RI011,address_zip+proximity,14.7,1
PH:RI012003,PH:RI012000001,RI012,address_zip,,1
PH:RI013001,PH:RI013000001,RI013,address_zip,,1
PH:RI015001,PH:RI015000001,RI015,address_zip,,1
PH:RI015003,PH:RI015000002,RI015,address_zip+proximity,26.5,1
PH:RI016003,PH:RI016000001,RI016,address_zip,,1
PH:RI017005,PH:RI017000001,RI017,address_zip,,1
PH:RI018001A,PH:RI018000001,RI018,address_zip+proximity,30.1,1
PH:RI018002,PH:RI018000001,RI018,address_zip+proximity,30.1,1
PH:RI018003,PH:RI018000001,RI018,address_zip+proximity,30.1,1
PH:RI018004,PH:RI018000001,RI018,address_zip+proximity,30.1,1
PH:RI020001,PH:RI020000001,RI020,address_zip,,1
PH:RI021001,PH:RI021000001,RI021,address_zip,,1
PH:RI022002,PH:RI022000001,RI022,address_zip+proximity,29.2,1
PH:RI022003,PH:RI022000001,RI022,address_zip+proximity,29.2,1
PH:RI024001,PH:RI024000001,RI024,address_zip+proximity,12.2,1
PH:RI026001,PH:RI026000001,RI026,address_zip+proximity,17.9,1
PH:RI027001,PH:RI027000001,RI027,address_zip,,1
PH:RQ005004,PH:RQ005004021,RQ005,proximity,12.9,1
PH:RQ005009,PH:RQ005005006,RQ005,proximity,28.9,2
PH:RQ005009,PH:RQ005005032,RQ005,proximity,28.9,2
PH:RQ005010,PH:RQ005004021,RQ005,proximity,12.9,1
PH:RQ005011,PH:RQ005010053,RQ005,proximity,21.1,1
PH:RQ005019,PH:RQ005004021,RQ005,proximity,12.9,1
PH:RQ005028,PH:RQ005009035,RQ005,proximity,27.5,2
PH:RQ005028,PH:RQ005009037,RQ005,proximity,27.5,2
PH:RQ005035,PH:RQ005010044,RQ005,proximity,22.7,1
PH:RQ005044,PH:RQ005005017,RQ005,address_zip,,1
PH:RQ005051,PH:RQ005004021,RQ005,proximity,12.9,1
PH:RQ005052,PH:RQ005003004,RQ005,address_zip,,1
PH:RQ005067,PH:RQ005009035,RQ005,proximity,27.5,2
PH:RQ005067,PH:RQ005009037,RQ005,proximity,27.5,2
PH:RQ005075,PH:RQ005005006,RQ005,proximity,28.9,2
PH:RQ005075,PH:RQ005005032,RQ005,proximity,28.9,2
PH:RQ005076,PH:RQ005005006,RQ005,proximity,28.9,2
PH:RQ005076,PH:RQ005005032,RQ005,proximity,28.9,2
PH:RQ005098,PH:RQ005002016,RQ005,address_zip,,1
PH:RQ005099,PH:RQ005010053,RQ005,proximity,21.1,1
PH:RQ005101,PH:RQ005005006,RQ005,proximity,28.9,2
PH:RQ005101,PH:RQ005005032,RQ005,proximity,28.9,2
PH:RQ005102,PH:RQ005005006,RQ005,proximity,28.9,2
PH:RQ005102,PH:RQ005005032,RQ005,proximity,28.9,2
PH:RQ005113,PH:RQ005004021,RQ005,proximity,12.9,1
PH:RQ005138,PH:RQ005004021,RQ005,proximity,12.9,1
PH:RQ005143,PH:RQ005010048,RQ005,address_zip,,1
PH:RQ005144,PH:RQ005006031,RQ005,address_zip,,2
PH:RQ005144,PH:RQ005006032,RQ005,address_zip,,2
PH:RQ005154,PH:RQ005009038,RQ005,proximity,46.9,1
PH:RQ005157,PH:RQ005006007,RQ005,proximity,1.9,1
PH:RQ005170,PH:RQ005004021,RQ005,proximity,12.9,1
PH:RQ005172,PH:RQ005006013,RQ005,address_zip,,1
PH:RQ005179,PH:RQ005001012,RQ005,address_zip,,1
PH:RQ005191,PH:RQ005009035,RQ005,proximity,27.5,2
PH:RQ005191,PH:RQ005009037,RQ005,proximity,27.5,2
PH:RQ005203,PH:RQ005006034,RQ005,address_zip,,1
PH:RQ005239,PH:RQ005004021,RQ005,proximity,12.9,1
PH:RQ005256,PH:RQ005004021,RQ005,proximity,12.9,1
PH:RQ005260,PH:RQ005009030,RQ005,proximity,0.0,1
PH:SC001006,PH:SC001000030,SC001,address_zip+proximity,20.5,1
PH:SC001013,PH:SC001000040,SC001,address_zip+proximity,0.0,1
PH:SC002008,PH:SC002000005,SC002,address_zip,,2
PH:SC002008,PH:SC002000008,SC002,address_zip,,2
PH:SC002009,PH:SC002000003,SC002,address_zip,,2
PH:SC002009,PH:SC002000009,SC002,address_zip+proximity,0.0,2
PH:SC002010,PH:SC002000010,SC002,address_zip+proximity,0.0,1
PH:SC002019,PH:SC002000001,SC002,address_zip+proximity,6.3,2
PH:SC002019,PH:SC002000015,SC002,proximity,10.4,2
PH:SC002020,PH:SC002000002,SC002,address_zip+proximity,4.5,1
PH:SC003003,PH:SC003000160,SC003,address_zip+proximity,0.0,1
PH:SC003006,PH:SC003000100,SC003,address_zip,,1
PH:SC003008,PH:SC003000030,SC003,address_zip,,1
PH:SC003009,PH:SC003000120,SC003,address_zip+proximity,0.4,1
PH:SC003011,PH:SC003000040,SC003,address_zip,,1
PH:SC003012,PH:SC003000080,SC003,address_zip,,1
PH:SC003025,PH:SC003000050,SC003,proximity,4.4,1
PH:SC003026,PH:SC003000090,SC003,address_zip,,1
PH:SC004001,PH:SC004000039,SC004,address_zip+proximity,2.2,2
PH:SC004001,PH:SC004000101,SC004,address_zip+proximity,1.6,2
PH:SC004012,PH:SC004000212,SC004,address_zip,,1
PH:SC004032,PH:SC004004032,SC004,address_zip+proximity,1.8,1
PH:SC005001,PH:SC005000001,SC005,address_zip,,1
PH:SC008006,PH:SC008000003,SC008,address_zip,,1
PH:SC008014,PH:SC008000004,SC008,address_zip+proximity,8.3,1
PH:SC008027,PH:SC008000006,SC008,address_zip,,1
PH:SC008045,PH:SC008000002,SC008,address_zip+proximity,31.0,1
PH:SC008047,PH:SC008000001,SC008,proximity,39.2,1
PH:SC008063,PH:SC008000005,SC008,address_zip,,1
PH:SC011001,PH:SC011000001,SC011,address_zip,,1
PH:SC012001,PH:SC012000001,SC012,address_zip,,1
PH:SC015003,PH:SC015000001,SC015,address_zip+proximity,46.1,1
PH:SC016007,PH:SC016000001,SC016,address_zip+proximity,25.3,1
PH:SC018003,PH:SC018000002,SC018,address_zip,,1
PH:SC019005,PH:SC019000002,SC019,address_zip+proximity,16.5,1
PH:SC020001,PH:SC020000001,SC020,address_zip,,1
PH:SC021005,PH:SC021000002,SC021,proximity,44.0,1
PH:SC022002,PH:SC022000001,SC022,proximity,28.5,1
PH:SC023002,PH:SC023000001,SC023,address_zip+proximity,15.8,1
PH:SC023004,PH:SC023000002,SC023,address_zip,,1
PH:SC024002,PH:SC024000002,SC024,address_zip,,1
PH:SC024007,PH:SC024000001,SC024,address_zip,,1
PH:SC024011,PH:SC024000005,SC024,address_zip+proximity,25.6,1
PH:SC024025,PH:SC024000006,SC024,address_zip,,1
PH:SC025001,PH:SC025000001,SC025,address_zip,,1
PH:SC025002,PH:SC025000002,SC025,address_zip+proximity,45.6,1
PH:SC026004,PH:SC026000001,SC026,address_zip,,1
PH:SC026006,PH:SC026000002,SC026,address_zip,,1
PH:SC027001,PH:SC027000001,SC027,address_zip+proximity,0.0,1
PH:SC027002,PH:SC027000002,SC027,proximity,17.0,1
PH:SC027010,PH:SC027000010,SC027,address_zip,,1
PH:SC027011,PH:SC027000011,SC027,address_zip,,1
PH:SC027012,PH:SC027000012,SC027,address_zip+proximity,45.8,1
PH:SC027025,PH:SC027000020,SC027,address_zip+proximity,8.9,1
PH:SC027028,PH:SC027000028,SC027,address_zip+proximity,0.0,1
PH:SC027029,PH:SC027000028,SC027,proximity,0.0,1
PH:SC029003,PH:SC029000001,SC029,address_zip,,1
PH:SC035001,PH:SC035002006,SC035,address_zip,,1
PH:SC037001,PH:SC037000011,SC037,address_zip+proximity,12.0,1
PH:SC037016,PH:SC037000016,SC037,address_zip+proximity,0.0,1
PH:SC039003,PH:SC039000001,SC039,address_zip+proximity,1.8,1
PH:SC048001,PH:SC048000001,SC048,address_zip+proximity,24.9,1
PH:SC053002,PH:SC053000001,SC053,address_zip,,1
PH:SC056001,PH:SC056000001,SC056,address_zip,,2
PH:SC056001,PH:SC056000235,SC056,address_zip,,2
PH:SC056007,PH:SC056000007,SC056,address_zip,,1
PH:SC056015,PH:SC056000001,SC056,address_zip,,2
PH:SC056015,PH:SC056000235,SC056,address_zip,,2
PH:SC057002,PH:SC057000001,SC057,proximity,3.5,1
PH:SC057005,PH:SC057000007,SC057,address_zip+proximity,12.2,1
PH:SC057007,PH:SC057000005,SC057,address_zip,,1
PH:SC057008,PH:SC057000008,SC057,address_zip,,1
PH:SC059001,PH:SC059000001,SC059,proximity,24.5,1
PH:SC060001,PH:SC060000001,SC060,address_zip+proximity,0.0,1
PH:SC061001,PH:SC061000001,SC061,address_zip,,1
PH:SD009001,PH:SD009000001,SD009,address_zip+proximity,9.3,1
PH:SD009003,PH:SD009000001,SD009,address_zip+proximity,9.3,1
PH:SD010001,PH:SD010000001,SD010,address_zip+proximity,3.6,1
PH:SD011001,PH:SD011000001,SD011,proximity,15.9,1
PH:SD013001,PH:SD013000001,SD013,address_zip,,1
PH:SD014001,PH:SD014000001,SD014,address_zip+proximity,0.0,1
PH:SD016007,PH:SD016000001,SD016,address_zip,,1
PH:SD019001,PH:SD019000001,SD019,address_zip+proximity,30.6,1
PH:SD020002,PH:SD020000001,SD020,address_zip,,1
PH:SD021001,PH:SD021000001,SD021,address_zip,,1
PH:SD022001,PH:SD022000001,SD022,address_zip,,1
PH:SD023001,PH:SD023000001,SD023,address_zip,,1
PH:SD024001,PH:SD024000001,SD024,address_zip,,1
PH:SD025001,PH:SD025000001,SD025,address_zip,,1
PH:SD031002,PH:SD031000001,SD031,address_zip,,1
PH:SD034001,PH:SD034000001,SD034,address_zip+proximity,37.0,1
PH:SD035001,PH:SD035000001,SD035,address_zip+proximity,5.5,1
PH:SD039001,PH:SD039000001,SD039,address_zip+proximity,5.3,1
PH:SD040002,PH:SD040000001,SD040,address_zip,,1
PH:SD043001,PH:SD043000001,SD043,address_zip,,1
PH:SD045001,PH:SD045000011,SD045,address_zip+proximity,48.2,1
PH:SD047001,PH:SD047063384,SD047,address_zip+proximity,35.4,1
PH:TN001013,PH:TN001000013,TN001,address_zip+proximity,0.0,1
PH:TN001014,PH:TN001000014,TN001,address_zip,,1
PH:TN001018,PH:TN001000018,TN001,address_zip,,1
PH:TN001021,PH:TN001000021,TN001,address_zip+proximity,6.8,1
PH:TN001023,PH:TN001000023,TN001,address_zip+proximity,16.2,1
PH:TN001043,PH:TN001000043,TN001,address_zip+proximity,11.0,1
PH:TN001044,PH:TN001000044,TN001,address_zip+proximity,5.7,1
PH:TN001046,PH:TN001000046,TN001,address_zip+proximity,0.0,1
PH:TN001048,PH:TN001000048,TN001,address_zip+proximity,30.1,1
PH:TN001049,PH:TN001000049,TN001,address_zip+proximity,5.1,1
PH:TN001050,PH:TN001000050,TN001,address_zip+proximity,0.0,1
PH:TN001051,PH:TN001000051,TN001,address_zip+proximity,11.6,1
PH:TN001054,PH:TN001000054,TN001,address_zip+proximity,22.3,1
PH:TN001055,PH:TN001000055,TN001,address_zip,,1
PH:TN002001,PH:TN002000001,TN002,address_zip,,1
PH:TN003004,PH:TN003000001,TN003,address_zip,,1
PH:TN003005,PH:TN003000005,TN003,proximity,17.9,1
PH:TN003006,PH:TN003000006,TN003,address_zip+proximity,0.0,1
PH:TN003007,PH:TN003000007,TN003,address_zip,,1
PH:TN003008,PH:TN003000008,TN003,address_zip+proximity,6.1,1
PH:TN003010,PH:TN003000010,TN003,address_zip,,1
PH:TN003011,PH:TN003000011,TN003,address_zip,,1
PH:TN003014,PH:TN003000013,TN003,address_zip,,1
PH:TN003018,PH:TN003000018,TN003,address_zip,,1
PH:TN004002R,PH:TN004000002,TN004,proximity,10.9,1
PH:TN004007,PH:TN004000007,TN004,proximity,6.3,1
PH:TN004008,PH:TN004000008,TN004,proximity,5.5,1
PH:TN004010,PH:TN004000010,TN004,address_zip,,1
PH:TN004011,PH:TN004000007,TN004,proximity,0.3,1
PH:TN004014,PH:TN004000012,TN004,proximity,6.7,1
PH:TN004016,PH:TN004000035,TN004,proximity,15.3,1
PH:TN004019,PH:TN004000034,TN004,proximity,23.9,1
PH:TN004021,PH:TN004000021,TN004,address_zip+proximity,0.0,1
PH:TN004022,PH:TN004000022,TN004,address_zip,,1
PH:TN005001,PH:TN005000001,TN005,address_zip,,1
PH:TN005005,PH:TN005000002,TN005,proximity,43.5,1
PH:TN005011,PH:TN005000005,TN005,proximity,34.6,1
PH:TN005012,PH:TN005000004,TN005,proximity,13.6,1
PH:TN005013,PH:TN005000006,TN005,address_zip,,1
PH:TN005014,PH:TN005000003,TN005,address_zip,,1
PH:TN005020,PH:TN005000007,TN005,address_zip+proximity,29.4,1
PH:TN005021,PH:TN005000008,TN005,address_zip,,1
PH:TN005022,PH:TN005000009,TN005,proximity,31.1,1
PH:TN005024,PH:TN005000011,TN005,address_zip+proximity,35.3,1
PH:TN005030,PH:TN005000010,TN005,proximity,8.0,1
PH:TN005037,PH:TN005000012,TN005,address_zip+proximity,0.0,1
PH:TN005041,PH:TN005000014,TN005,proximity,36.3,1
PH:TN006001,PH:TN006000001,TN006,address_zip+proximity,37.8,1
PH:TN006009,PH:TN006000003,TN006,address_zip+proximity,19.4,1
PH:TN007004,PH:TN007000040,TN007,address_zip,,1
PH:TN007005,PH:TN007000050,TN007,address_zip+proximity,27.8,1
PH:TN007006,PH:TN007000060,TN007,address_zip+proximity,22.1,1
PH:TN007007,PH:TN007000150,TN007,address_zip,,1
PH:TN007012,PH:TN007000120,TN007,address_zip,,1
PH:TN010001,PH:TN010000001,TN010,address_zip,,1
PH:TN012017,PH:TN012000003,TN012,proximity,24.2,1
PH:TN012022,PH:TN012000006,TN012,proximity,23.4,1
PH:TN012038,PH:TN012000008,TN012,address_zip,,1
PH:TN012041,PH:TN012000001,TN012,address_zip+proximity,40.2,1
PH:TN013001,PH:TN013000001,TN013,address_zip+proximity,0.6,1
PH:TN014003,PH:TN014000001,TN014,address_zip,,1
PH:TN017001,PH:TN017000001,TN017,address_zip+proximity,8.1,1
PH:TN017005,PH:TN017000001,TN017,proximity,49.2,1
PH:TN017008,PH:TN017000001,TN017,proximity,18.5,1
PH:TN019006,PH:TN019000001,TN019,address_zip,,1
PH:TN020002,PH:TN020000001,TN020,address_zip+proximity,2.5,1
PH:TN021009,PH:TN021000002,TN021,address_zip+proximity,12.0,1
PH:TN021010,PH:TN021000001,TN021,proximity,33.4,1
PH:TN024004,PH:TN024000001,TN024,address_zip+proximity,38.3,1
PH:TN025007,PH:TN025000001,TN025,proximity,16.4,1
PH:TN027003,PH:TN027000001,TN027,proximity,8.3,1
PH:TN028004,PH:TN028000001,TN028,address_zip,,1
PH:TN030001,PH:TN030000001,TN030,address_zip+proximity,40.9,1
PH:TN032005,PH:TN032000001,TN032,proximity,14.0,1
PH:TN033012,PH:TN033000001,TN033,address_zip,,1
PH:TN033015A,PH:TN033000002,TN033,proximity,27.4,1
PH:TN034003,PH:TN034000001,TN034,address_zip+proximity,4.0,1
PH:TN036004,PH:TN036000001,TN036,proximity,1.7,1
PH:TN037002,PH:TN037000001,TN037,proximity,33.9,1
PH:TN039004,PH:TN039000002,TN039,proximity,20.7,1
PH:TN039005,PH:TN039000003,TN039,proximity,36.5,1
PH:TN041004,PH:TN041000001,TN041,proximity,30.8,1
PH:TN043004,PH:TN043000001,TN043,proximity,37.4,1
PH:TN045001,PH:TN045000001,TN045,address_zip,,1
PH:TN046004,PH:TN046000001,TN046,proximity,22.9,2
PH:TN046004,PH:TN046000002,TN046,proximity,22.9,2
PH:TN048008,PH:TN048000001,TN048,address_zip,,1
PH:TN049001,PH:TN049000001,TN049,address_zip,,1
PH:TN050003,PH:TN050000001,TN050,address_zip+proximity,18.8,1
PH:TN051006,PH:TN051000001,TN051,address_zip+proximity,17.5,1
PH:TN052002,PH:TN052000001,TN052,proximity,6.0,1
PH:TN053004,PH:TN053000001,TN053,address_zip+proximity,4.2,1
PH:TN054003,PH:TN054000003,TN054,address_zip+proximity,0.0,1
PH:TN054005,PH:TN054000001,TN054,address_zip+proximity,0.4,2
PH:TN054005,PH:TN054000002,TN054,address_zip+proximity,0.0,2
PH:TN055004,PH:TN055000001,TN055,proximity,4.0,1
PH:TN055005,PH:TN055000001,TN055,address_zip+proximity,0.0,1
PH:TN058001,PH:TN058000001,TN058,address_zip,,1
PH:TN058004,PH:TN058000004,TN058,proximity,1.9,1
PH:TN059003,PH:TN059000001,TN059,proximity,29.2,1
PH:TN060009,PH:TN060000001,TN060,address_zip,,1
PH:TN061003,PH:TN061000001,TN061,address_zip+proximity,26.8,1
PH:TN062002,PH:TN062000001,TN062,address_zip,,1
PH:TN064002,PH:TN064000001,TN064,address_zip+proximity,46.8,1
PH:TN065006,PH:TN065000001,TN065,address_zip+proximity,28.9,1
PH:TN066001,PH:TN066000001,TN066,proximity,39.9,1
PH:TN066002,PH:TN066000002,TN066,address_zip+proximity,0.1,1
PH:TN068003,PH:TN068000001,TN068,proximity,38.7,1
PH:TN072003,PH:TN072000001,TN072,proximity,23.1,1
PH:TN073001,PH:TN073000001,TN073,proximity,44.6,1
PH:TN074002,PH:TN074000001,TN074,address_zip,,1
PH:TN075001,PH:TN075000001,TN075,address_zip+proximity,1.7,1
PH:TN076001,PH:TN076000001,TN076,proximity,25.5,1
PH:TN078002,PH:TN078000001,TN078,address_zip,,1
PH:TN081001,PH:TN081000001,TN081,address_zip,,1
PH:TN090003,PH:TN090000003,TN090,address_zip+proximity,9.5,1
PH:TN095003,PH:TN095000001,TN095,proximity,0.7,1
PH:TN111001,PH:TN111000001,TN111,address_zip+proximity,0.0,1
PH:TN125003,PH:TN125000001,TN125,address_zip,,1
PH:TX001001,PH:TX001000001,TX001,address_zip+proximity,3.1,1
PH:TX001003,PH:TX001000003,TX001,address_zip+proximity,2.9,1
PH:TX001004,PH:TX001000004,TX001,address_zip+proximity,1.7,1
PH:TX001007,PH:TX001000007,TX001,address_zip,,1
PH:TX001008,PH:TX001000002,TX001,address_zip+proximity,39.4,1
PH:TX001009,PH:TX001000009,TX001,address_zip+proximity,16.7,1
PH:TX001010,PH:TX001000010,TX001,address_zip,,1
PH:TX001011,PH:TX001000011,TX001,address_zip+proximity,13.0,1
PH:TX001012,PH:TX001000012,TX001,address_zip+proximity,9.6,1
PH:TX001015,PH:TX001000015,TX001,address_zip,,1
PH:TX001020,PH:TX001000020,TX001,address_zip+proximity,0.0,1
PH:TX001027,PH:TX001000005,TX001,address_zip,,1
PH:TX003002,PH:TX003000005,TX003,proximity,0.0,2
PH:TX003002,PH:TX003000019,TX003,proximity,0.0,2
PH:TX003003,PH:TX003000013,TX003,address_zip,,1
PH:TX003006,PH:TX003000017,TX003,address_zip+proximity,0.0,1
PH:TX003008,PH:TX003000002,TX003,address_zip+proximity,0.0,1
PH:TX003022,PH:TX003000007,TX003,address_zip+proximity,0.0,1
PH:TX003023,PH:TX003000003,TX003,proximity,0.0,1
PH:TX003025,PH:TX003000020,TX003,address_zip,,1
PH:TX003026,PH:TX003000004,TX003,address_zip+proximity,0.0,1
PH:TX003027,PH:TX003000010,TX003,address_zip+proximity,30.6,1
PH:TX003034,PH:TX003000021,TX003,address_zip+proximity,1.6,2
PH:TX003034,PH:TX003000029,TX003,address_zip,,2
PH:TX003042,PH:TX003000005,TX003,proximity,0.0,2
PH:TX003042,PH:TX003000019,TX003,proximity,0.0,2
PH:TX004002,PH:TX004000002,TX004,address_zip+proximity,28.4,1
PH:TX004003,PH:TX004000003,TX004,address_zip+proximity,3.3,1
PH:TX004005,PH:TX004000005,TX004,address_zip+proximity,0.0,1
PH:TX004006,PH:TX004000006,TX004,address_zip+proximity,0.0,1
PH:TX004012,PH:TX004000012,TX004,address_zip+proximity,0.0,1
PH:TX004016,PH:TX004000016,TX004,address_zip+proximity,43.3,1
PH:TX005005,PH:TX005000007,TX005,address_zip+proximity,6.3,1
PH:TX005006,PH:TX005000004,TX005,address_zip+proximity,13.2,1
PH:TX005011,PH:TX005000018,TX005,address_zip+proximity,48.5,1
PH:TX005012,PH:TX005000015,TX005,address_zip+proximity,3.1,1
PH:TX005013,PH:TX005000009,TX005,proximity,30.3,1
PH:TX005014,PH:TX005000005,TX005,address_zip+proximity,40.1,1
PH:TX005037,PH:TX005000002,TX005,proximity,3.1,1
PH:TX005044,PH:TX005000012,TX005,address_zip+proximity,37.2,1
PH:TX005045,PH:TX005000013,TX005,address_zip+proximity,3.0,1
PH:TX005046,PH:TX005000016,TX005,address_zip+proximity,0.0,1
PH:TX005047,PH:TX005000017,TX005,address_zip+proximity,13.0,1
PH:TX005048,PH:TX005000011,TX005,address_zip,,1
PH:TX005049,PH:TX005000003,TX005,proximity,1.3,1
PH:TX005050,PH:TX005000008,TX005,address_zip+proximity,1.9,1
PH:TX006005,PH:TX006000003,TX006,proximity,1.8,1
PH:TX006006,PH:TX006000004,TX006,proximity,33.6,1
PH:TX006018,PH:TX006000008,TX006,address_zip+proximity,9.9,1
PH:TX006019,PH:TX006000009,TX006,address_zip+proximity,1.0,1
PH:TX006020,PH:TX006000005,TX006,address_zip+proximity,0.0,2
PH:TX006020,PH:TX006000055,TX006,proximity,5.5,2
PH:TX006022,PH:TX006000010,TX006,address_zip,,1
PH:TX006023,PH:TX006000011,TX006,address_zip,,1
PH:TX006027,PH:TX006000014,TX006,address_zip+proximity,10.2,1
PH:TX006028,PH:TX006000016,TX006,address_zip+proximity,28.9,1
PH:TX006029,PH:TX006000017,TX006,address_zip,,1
PH:TX006030,PH:TX006000018,TX006,address_zip+proximity,21.0,1
PH:TX006032,PH:TX006000020,TX006,address_zip,,1
PH:TX006033,PH:TX006000006,TX006,address_zip,,1
PH:TX006034,PH:TX006000021,TX006,address_zip+proximity,9.9,1
PH:TX006035,PH:TX006000002,TX006,address_zip+proximity,17.9,1
PH:TX006038,PH:TX006000022,TX006,address_zip,,1
PH:TX006039,PH:TX006000023,TX006,address_zip+proximity,36.5,1
PH:TX006040,PH:TX006000019,TX006,address_zip+proximity,42.3,1
PH:TX006042,PH:TX006000035,TX006,proximity,16.2,1
PH:TX006043,PH:TX006000024,TX006,address_zip+proximity,9.0,1
PH:TX006049,PH:TX006000025,TX006,address_zip+proximity,15.8,1
PH:TX006051,PH:TX006000026,TX006,address_zip,,1
PH:TX006053,PH:TX006000054,TX006,proximity,10.1,1
PH:TX006058,PH:TX006000028,TX006,address_zip+proximity,1.4,1
PH:TX006108,PH:TX006000027,TX006,address_zip,,1
PH:TX006126,PH:TX006000023,TX006,proximity,21.1,1
PH:TX006127,PH:TX006000001,TX006,address_zip,,1
PH:TX006131,PH:TX006000036,TX006,address_zip+proximity,0.0,1
PH:TX006136,PH:TX006000031,TX006,proximity,8.2,1
PH:TX006139,PH:TX006000032,TX006,address_zip,,1
PH:TX006143,PH:TX006000030,TX006,address_zip+proximity,13.4,1
PH:TX006147,PH:TX006000031,TX006,address_zip+proximity,3.3,1
PH:TX007008,PH:TX007010105,TX007,address_zip+proximity,2.9,1
PH:TX007011,PH:TX007010103,TX007,proximity,18.1,1
PH:TX008001,PH:TX008000001,TX008,address_zip,,1
PH:TX008002,PH:TX008000002,TX008,address_zip+proximity,3.9,1
PH:TX008003,PH:TX008000003,TX008,proximity,24.1,1
PH:TX008004,PH:TX008000004,TX008,address_zip+proximity,10.2,1
PH:TX008007,PH:TX008000006,TX008,proximity,2.7,1
PH:TX008008,PH:TX008000007,TX008,proximity,11.9,1
PH:TX008010,PH:TX008000009,TX008,address_zip,,1
PH:TX008011,PH:TX008000008,TX008,address_zip+proximity,1.9,1
PH:TX008015,PH:TX008000010,TX008,address_zip+proximity,5.2,1
PH:TX008017,PH:TX008000010,TX008,address_zip+proximity,5.2,1
PH:TX009012,PH:TX009000003,TX009,address_zip+proximity,21.5,1
PH:TX009013,PH:TX009000009,TX009,address_zip+proximity,18.2,1
PH:TX009017,PH:TX009000011,TX009,address_zip+proximity,2.1,1
PH:TX009022,PH:TX009000012,TX009,address_zip,,1
PH:TX009023,PH:TX009000016,TX009,address_zip,,1
PH:TX009025,PH:TX009000013,TX009,address_zip+proximity,0.3,1
PH:TX009045,PH:TX009000001,TX009,address_zip+proximity,21.4,1
PH:TX009048,PH:TX009000008,TX009,address_zip+proximity,9.2,1
PH:TX009051,PH:TX009000015,TX009,address_zip+proximity,2.7,1
PH:TX010003,PH:TX010000001,TX010,address_zip,,1
PH:TX010004,PH:TX010000002,TX010,address_zip,,1
PH:TX010008,PH:TX010000003,TX010,address_zip,,1
PH:TX011001,PH:TX011000001,TX011,address_zip+proximity,9.2,1
PH:TX011002,PH:TX011000002,TX011,proximity,2.9,1
PH:TX011003,PH:TX011000003,TX011,address_zip+proximity,32.5,1
PH:TX011004,PH:TX011000004,TX011,address_zip,,1
PH:TX011006,PH:TX011000006,TX011,address_zip,,1
PH:TX011008,PH:TX011000005,TX011,address_zip,,1
PH:TX012005,PH:TX012000001,TX012,address_zip,,1
PH:TX014001,PH:TX014000113,TX014,proximity,17.0,1
PH:TX014002,PH:TX014000026,TX014,proximity,20.7,1
PH:TX014005,PH:TX014000025,TX014,address_zip,,1
PH:TX014012,PH:TX014000112,TX014,address_zip,,1
PH:TX015001,PH:TX015000001,TX015,address_zip,,1
PH:TX016001,PH:TX016000001,TX016,address_zip,,1
PH:TX016009,PH:TX016000003,TX016,address_zip,,1
PH:TX016015,PH:TX016000003,TX016,proximity,18.1,1
PH:TX017007,PH:TX017000002,TX017,address_zip+proximity,9.5,1
PH:TX017013,PH:TX017000003,TX017,address_zip+proximity,1.0,1
PH:TX018007,PH:TX018000022,TX018,address_zip+proximity,1.0,1
PH:TX019002,PH:TX019000003,TX019,address_zip,,1
PH:TX019004,PH:TX019000005,TX019,proximity,4.9,1
PH:TX019005,PH:TX019000004,TX019,address_zip+proximity,1.6,1
PH:TX019006,PH:TX019000002,TX019,address_zip+proximity,18.8,1
PH:TX021001,PH:TX021000001,TX021,address_zip,,1
PH:TX022001,PH:TX022000004,TX022,proximity,9.2,1
PH:TX022003,PH:TX022000003,TX022,proximity,45.3,1
PH:TX023002,PH:TX023000015,TX023,proximity,32.7,1
PH:TX023003,PH:TX023000003,TX023,address_zip,,1
PH:TX023005,PH:TX023000005,TX023,address_zip+proximity,33.4,1
PH:TX024001,PH:TX024000001,TX024,address_zip+proximity,24.8,1
PH:TX026001,PH:TX026000001,TX026,address_zip,,1
PH:TX028003,PH:TX028000001,TX028,address_zip+proximity,3.3,1
PH:TX029004,PH:TX029000001,TX029,address_zip+proximity,9.3,1
PH:TX030001,PH:TX030000001,TX030,address_zip,,1
PH:TX030004,PH:TX030000003,TX030,address_zip+proximity,47.0,1
PH:TX030007,PH:TX030000002,TX030,address_zip+proximity,39.2,1
PH:TX031001,PH:TX031000001,TX031,address_zip,,1
PH:TX031002,PH:TX031000002,TX031,address_zip+proximity,10.4,1
PH:TX033001,PH:TX033000001,TX033,address_zip+proximity,28.0,2
PH:TX033001,PH:TX033000003,TX033,address_zip+proximity,0.0,2
PH:TX033002,PH:TX033000002,TX033,address_zip+proximity,0.0,2
PH:TX033002,PH:TX033000004,TX033,address_zip,,2
PH:TX033003,PH:TX033000001,TX033,address_zip+proximity,28.0,2
PH:TX033003,PH:TX033000003,TX033,address_zip+proximity,0.0,2
PH:TX034001,PH:TX034000001,TX034,address_zip+proximity,0.0,1
PH:TX034003,PH:TX034000001,TX034,proximity,8.6,1
PH:TX034007,PH:TX034000002,TX034,address_zip+proximity,3.1,1
PH:TX037004,PH:TX037000003,TX037,address_zip,,1
PH:TX038001,PH:TX038000001,TX038,proximity,10.5,1
PH:TX039001,PH:TX039000001,TX039,proximity,7.2,1
PH:TX042003,PH:TX042000001,TX042,address_zip,,1
PH:TX043001,PH:TX043000001,TX043,address_zip,,1
PH:TX043002,PH:TX043000001,TX043,address_zip,,1
PH:TX046001,PH:TX046000002,TX046,proximity,45.0,1
PH:TX046002,PH:TX046000002,TX046,proximity,50.0,1
PH:TX046003,PH:TX046000002,TX046,proximity,3.5,1
PH:TX046004,PH:TX046000001,TX046,address_zip,,1
PH:TX046010,PH:TX046000003,TX046,address_zip,,1
PH:TX046013,PH:TX046000002,TX046,proximity,50.0,1
PH:TX047001,PH:TX047000001,TX047,address_zip+proximity,47.9,1
PH:TX049004,PH:TX049000001,TX049,address_zip+proximity,31.2,1
PH:TX050002,PH:TX050000001,TX050,address_zip,,1
PH:TX051001,PH:TX051000002,TX051,address_zip,,1
PH:TX051002,PH:TX051000003,TX051,address_zip+proximity,0.0,1
PH:TX051005,PH:TX051000001,TX051,proximity,44.3,1
PH:TX052005,PH:TX052000001,TX052,address_zip+proximity,46.3,1
PH:TX053001,PH:TX053000001,TX053,address_zip+proximity,26.6,1
PH:TX056001,PH:TX056000001,TX056,proximity,15.2,1
PH:TX056002,PH:TX056000001,TX056,proximity,15.2,1
PH:TX056003,PH:TX056000001,TX056,proximity,15.2,1
PH:TX058003,PH:TX058000001,TX058,proximity,33.6,1
PH:TX060002,PH:TX060000001,TX060,proximity,9.4,1
PH:TX062004,PH:TX062000020,TX062,address_zip,,1
PH:TX062005,PH:TX062000040,TX062,address_zip+proximity,1.4,1
PH:TX063001,PH:TX063000001,TX063,address_zip+proximity,18.9,1
PH:TX063003,PH:TX063000001,TX063,address_zip+proximity,18.9,1
PH:TX064001,PH:TX064000003,TX064,address_zip,,1
PH:TX064006,PH:TX064000002,TX064,address_zip+proximity,41.9,1
PH:TX065001,PH:TX065000010,TX065,address_zip,,1
PH:TX065003,PH:TX065000030,TX065,address_zip,,1
PH:TX066003,PH:TX066000001,TX066,address_zip,,1
PH:TX067001,PH:TX067000001,TX067,address_zip,,1
PH:TX069003,PH:TX069000010,TX069,address_zip,,1
PH:TX070001,PH:TX070000001,TX070,address_zip+proximity,1.4,1
PH:TX071003,PH:TX071000001,TX071,address_zip+proximity,33.3,1
PH:TX073002,PH:TX073000001,TX073,address_zip+proximity,0.0,1
PH:TX073005,PH:TX073000003,TX073,proximity,31.6,1
PH:TX075002,PH:TX075000001,TX075,address_zip+proximity,3.7,1
PH:TX077001,PH:TX077000001,TX077,address_zip+proximity,0.1,1
PH:TX077002,PH:TX077000001,TX077,address_zip+proximity,0.1,1
PH:TX078001,PH:TX078000001,TX078,address_zip,,1
PH:TX081001,PH:TX081000001,TX081,address_zip+proximity,9.3,1
PH:TX083001,PH:TX083000001,TX083,address_zip+proximity,35.0,1
PH:TX085001,PH:TX085000001,TX085,address_zip+proximity,11.6,1
PH:TX087003,PH:TX087000011,TX087,address_zip+proximity,11.2,1
PH:TX088001,PH:TX088000001,TX088,address_zip+proximity,0.2,1
PH:TX089002,PH:TX089000001,TX089,address_zip+proximity,40.9,1
PH:TX091001,PH:TX091000001,TX091,address_zip,,1
PH:TX092001,PH:TX092000001,TX092,address_zip+proximity,35.2,1
PH:TX095003,PH:TX095000001,TX095,address_zip,,1
PH:TX096001,PH:TX096000010,TX096,address_zip+proximity,1.4,1
PH:TX097001,PH:TX097000001,TX097,proximity,20.7,1
PH:TX099001,PH:TX099000001,TX099,address_zip,,1
PH:TX099002,PH:TX099000001,TX099,address_zip,,1
PH:TX100003,PH:TX100000001,TX100,address_zip,,1
PH:TX103001,PH:TX103000001,TX103,address_zip+proximity,0.2,1
PH:TX104001,PH:TX104000001,TX104,address_zip+proximity,0.0,1
PH:TX105001,PH:TX105000002,TX105,proximity,6.8,1
PH:TX105002,PH:TX105000002,TX105,proximity,33.3,1
PH:TX105003,PH:TX105000003,TX105,address_zip+proximity,0.0,1
PH:TX105006,PH:TX105000001,TX105,address_zip+proximity,0.1,1
PH:TX106001,PH:TX106000001,TX106,address_zip,,1
PH:TX107001,PH:TX107000001,TX107,address_zip+proximity,49.5,1
PH:TX108001,PH:TX108000001,TX108,address_zip+proximity,1.8,1
PH:TX109002,PH:TX109000001,TX109,address_zip,,1
PH:TX112002,PH:TX112000001,TX112,address_zip+proximity,15.2,1
PH:TX114002,PH:TX114000001,TX114,proximity,34.7,1
PH:TX114004,PH:TX114000001,TX114,proximity,28.6,1
PH:TX116002,PH:TX116000001,TX116,address_zip,,1
PH:TX117001,PH:TX117000001,TX117,address_zip+proximity,41.1,1
PH:TX120002,PH:TX120000001,TX120,address_zip+proximity,0.0,1
PH:TX121005,PH:TX121000001,TX121,address_zip,,1
PH:TX126001,PH:TX126000001,TX126,address_zip+proximity,38.3,1
PH:TX127001,PH:TX127000001,TX127,address_zip,,1
PH:TX133001,PH:TX133000001,TX133,address_zip+proximity,3.5,1
PH:TX134003,PH:TX134000001,TX134,address_zip,,1
PH:TX137003,PH:TX137000001,TX137,proximity,36.2,1
PH:TX139001,PH:TX139000001,TX139,address_zip+proximity,0.0,1
PH:TX144001,PH:TX144000001,TX144,proximity,1.5,1
PH:TX145001,PH:TX145000001,TX145,address_zip,,1
PH:TX147001,PH:TX147000001,TX147,proximity,39.4,1
PH:TX150001,PH:TX150000001,TX150,address_zip+proximity,9.5,1
PH:TX151001,PH:TX151000001,TX151,address_zip,,1
PH:TX152001,PH:TX152000001,TX152,proximity,0.9,1
PH:TX152002,PH:TX152000002,TX152,proximity,0.0,1
PH:TX155001,PH:TX155000001,TX155,address_zip,,1
PH:TX156001,PH:TX156000001,TX156,address_zip+proximity,37.1,1
PH:TX158001,PH:TX158000001,TX158,proximity,1.3,1
PH:TX160001,PH:TX160000001,TX160,address_zip+proximity,0.0,1
PH:TX164002,PH:TX164000001,TX164,address_zip,,1
PH:TX165001,PH:TX165007041,TX165,address_zip+proximity,0.0,1
PH:TX168002,PH:TX168000001,TX168,address_zip,,1
PH:TX170001,PH:TX170000010,TX170,address_zip,,1
PH:TX174001,PH:TX174000001,TX174,proximity,32.0,1
PH:TX175002,PH:TX175000001,TX175,address_zip,,1
PH:TX177001,PH:TX177000001,TX177,proximity,49.3,1
PH:TX178001,PH:TX178000001,TX178,address_zip+proximity,10.7,1
PH:TX180001,PH:TX180000001,TX180,address_zip,,1
PH:TX182001,PH:TX182000001,TX182,proximity,42.1,1
PH:TX184001,PH:TX184000001,TX184,proximity,0.0,1
PH:TX184002,PH:TX184000001,TX184,address_zip+proximity,0.0,1
PH:TX186003,PH:TX186000001,TX186,address_zip,,1
PH:TX187001,PH:TX187000001,TX187,proximity,14.6,1
PH:TX187002,PH:TX187000001,TX187,proximity,14.6,1
PH:TX187003,PH:TX187000001,TX187,proximity,14.6,1
PH:TX188002,PH:TX188000001,TX188,address_zip+proximity,32.8,1
PH:TX189002,PH:TX189000001,TX189,address_zip+proximity,41.7,1
PH:TX192002,PH:TX192000010,TX192,address_zip,,1
PH:TX193001,PH:TX193000001,TX193,address_zip+proximity,5.6,1
PH:TX194002,PH:TX194000001,TX194,address_zip+proximity,35.0,1
PH:TX195002,PH:TX195000001,TX195,address_zip+proximity,42.6,1
PH:TX197001,PH:TX197000000,TX197,proximity,29.7,1
PH:TX198001,PH:TX198000001,TX198,proximity,2.9,1
PH:TX200002,PH:TX200000001,TX200,address_zip,,1
PH:TX202001,PH:TX202000001,TX202,address_zip,,1
PH:TX204004,PH:TX204000010,TX204,address_zip+proximity,0.0,1
PH:TX206001,PH:TX206000001,TX206,proximity,3.2,1
PH:TX207002,PH:TX207000001,TX207,address_zip,,1
PH:TX210001,PH:TX210000001,TX210,address_zip+proximity,12.3,1
PH:TX211001,PH:TX211110348,TX211,address_zip+proximity,9.7,1
PH:TX211002,PH:TX211110348,TX211,proximity,9.7,1
PH:TX212001,PH:TX212000001,TX212,address_zip,,1
PH:TX213001,PH:TX213000001,TX213,proximity,1.1,1
PH:TX213002,PH:TX213000002,TX213,proximity,48.2,1
PH:TX215001,PH:TX215000001,TX215,address_zip,,1
PH:TX219001,PH:TX219000001,TX219,address_zip+proximity,0.0,1
PH:TX221001,PH:TX221000001,TX221,proximity,37.5,1
PH:TX221002,PH:TX221000001,TX221,address_zip+proximity,11.6,1
PH:TX225001,PH:TX225000001,TX225,address_zip,,1
PH:TX226002,PH:TX226000001,TX226,address_zip+proximity,25.6,1
PH:TX227001,PH:TX227000001,TX227,proximity,0.0,1
PH:TX228001,PH:TX228000001,TX228,address_zip,,1
PH:TX230001,PH:TX230000001,TX230,address_zip,,1
PH:TX232001,PH:TX232000001,TX232,address_zip,,1
PH:TX237001,PH:TX237000001,TX237,address_zip,,1
PH:TX238001,PH:TX238000001,TX238,address_zip,,1
PH:TX241001,PH:TX241000001,TX241,address_zip,,1
PH:TX243002,PH:TX243000001,TX243,address_zip,,1
PH:TX245001,PH:TX245000001,TX245,address_zip+proximity,15.6,1
PH:TX246001,PH:TX246000001,TX246,address_zip+proximity,3.8,1
PH:TX246003,PH:TX246000002,TX246,proximity,6.0,1
PH:TX247001,PH:TX247000001,TX247,address_zip,,1
PH:TX247002,PH:TX247000001,TX247,address_zip,,1
PH:TX249001,PH:TX249000001,TX249,proximity,11.6,1
PH:TX249002,PH:TX249000001,TX249,proximity,11.6,1
PH:TX250002,PH:TX250000001,TX250,address_zip,,1
PH:TX256001,PH:TX256000001,TX256,address_zip,,1
PH:TX257001,PH:TX257000001,TX257,proximity,15.5,1
PH:TX259001,PH:TX259000001,TX259,address_zip,,1
PH:TX260001,PH:TX260000010,TX260,address_zip+proximity,0.0,1
PH:TX261002,PH:TX261000001,TX261,address_zip,,1
PH:TX262001,PH:TX262000001,TX262,address_zip,,1
PH:TX263002,PH:TX263000001,TX263,proximity,2.0,1
PH:TX264001,PH:TX264000001,TX264,address_zip+proximity,3.6,1
PH:TX265001,PH:TX265000001,TX265,proximity,0.0,1
PH:TX269001,PH:TX269000001,TX269,address_zip+proximity,14.9,1
PH:TX270001,PH:TX270000001,TX270,address_zip,,1
PH:TX271001,PH:TX271000001,TX271,address_zip,,1
PH:TX273001,PH:TX273000001,TX273,address_zip+proximity,0.0,1
PH:TX276001,PH:TX276000040,TX276,proximity,2.7,1
PH:TX276002,PH:TX276000040,TX276,proximity,18.0,1
PH:TX278001,PH:TX278000001,TX278,proximity,44.6,1
PH:TX278002,PH:TX278000001,TX278,proximity,44.6,1
PH:TX280001,PH:TX280100000,TX280,proximity,2.0,1
PH:TX287001,PH:TX287000001,TX287,address_zip,,1
PH:TX289001,PH:TX289000001,TX289,address_zip+proximity,0.7,1
PH:TX296001,PH:TX296000001,TX296,proximity,49.1,1
PH:TX298002,PH:TX298000001,TX298,address_zip,,1
PH:TX300001,PH:TX300000012,TX300,address_zip+proximity,40.1,1
PH:TX301001,PH:TX301000001,TX301,address_zip+proximity,11.1,1
PH:TX303001,PH:TX303000001,TX303,address_zip+proximity,24.9,1
PH:TX304001,PH:TX304000001,TX304,address_zip,,1
PH:TX305001,PH:TX305000001,TX305,address_zip+proximity,0.0,1
PH:TX307001,PH:TX307000001,TX307,address_zip+proximity,3.6,1
PH:TX310001,PH:TX310000001,TX310,address_zip,,1
PH:TX311002,PH:TX311000001,TX311,address_zip,,1
PH:TX312001,PH:TX312000001,TX312,address_zip+proximity,0.7,1
PH:TX313002,PH:TX313000001,TX313,address_zip+proximity,35.5,1
PH:TX317002,PH:TX317000001,TX317,address_zip+proximity,17.0,1
PH:TX318001,PH:TX318000001,TX318,address_zip,,1
PH:TX320001,PH:TX320000001,TX320,proximity,0.5,1
PH:TX321001,PH:TX321000001,TX321,address_zip+proximity,41.7,1
PH:TX322001,PH:TX322150500,TX322,address_zip,,1
PH:TX326001,PH:TX326000021,TX326,address_zip+proximity,0.0,1
PH:TX327004,PH:TX327000001,TX327,address_zip,,1
PH:TX328001,PH:TX328000001,TX328,address_zip+proximity,0.0,1
PH:TX329001,PH:TX329000001,TX329,proximity,3.2,1
PH:TX330007,PH:TX330000002,TX330,proximity,2.4,1
PH:TX332001,PH:TX332000001,TX332,proximity,28.9,1
PH:TX333002,PH:TX333000001,TX333,address_zip+proximity,0.2,1
PH:TX334001,PH:TX334000001,TX334,address_zip,,1
PH:TX335001,PH:TX335000025,TX335,address_zip,,1
PH:TX337002,PH:TX337000001,TX337,address_zip,,1
PH:TX339001,PH:TX339000001,TX339,address_zip+proximity,22.1,1
PH:TX340001,PH:TX340000001,TX340,address_zip,,1
PH:TX343001,PH:TX343000001,TX343,address_zip,,1
PH:TX347001,PH:TX347000001,TX347,address_zip,,1
PH:TX348001,PH:TX348000001,TX348,address_zip+proximity,0.0,1
PH:TX351001,PH:TX351000001,TX351,address_zip+proximity,34.8,1
PH:TX354002,PH:TX354000001,TX354,proximity,28.9,1
PH:TX355001,PH:TX355000001,TX355,address_zip+proximity,0.1,1
PH:TX356001,PH:TX356000001,TX356,address_zip+proximity,23.2,1
PH:TX367001,PH:TX367000001,TX367,proximity,0.8,1
PH:TX370001,PH:TX370000001,TX370,address_zip,,1
PH:TX377002,PH:TX377000001,TX377,address_zip,,1
PH:TX378001,PH:TX378000001,TX378,address_zip+proximity,0.0,1
PH:TX379001,PH:TX379000001,TX379,address_zip,,1
PH:TX380001,PH:TX380000001,TX380,address_zip,,1
PH:TX381001,PH:TX381000001,TX381,address_zip,,1
PH:TX383001,PH:TX383000001,TX383,address_zip,,1
PH:TX387001,PH:TX387000001,TX387,address_zip+proximity,2.3,1
PH:TX395001,PH:TX395000001,TX395,address_zip,,1
PH:TX396001,PH:TX396000001,TX396,address_zip,,1
PH:TX405001,PH:TX405000001,TX405,address_zip,,1
PH:TX408001,PH:TX408000001,TX408,proximity,7.0,1
PH:TX421001,PH:TX421000001,TX421,address_zip,,1
PH:TX439004,PH:TX439000001,TX439,address_zip+proximity,12.2,1
PH:TX448004,PH:TX448000001,TX448,address_zip,,1
PH:TX449001,PH:TX449000001,TX449,address_zip+proximity,43.6,1
PH:TX449002,PH:TX449000001,TX449,address_zip+proximity,43.6,1
PH:TX452007,PH:TX452000001,TX452,address_zip,,1
PH:TX455001,PH:TX455000001,TX455,address_zip,,1
PH:TX457001,PH:TX457000001,TX457,address_zip+proximity,6.2,1
PH:TX469001,PH:TX469000001,TX469,address_zip+proximity,43.3,1
PH:TX470002,PH:TX470000001,TX470,address_zip+proximity,0.0,1
PH:TX480001,PH:TX480000001,TX480,address_zip,,1
PH:TX486001,PH:TX486000001,TX486,address_zip+proximity,0.0,1
PH:TX492001,PH:TX492000001,TX492,address_zip,,1
PH:TX509005,PH:TX509000002,TX509,address_zip+proximity,0.0,1
PH:TX509007,PH:TX509000004,TX509,address_zip+proximity,28.5,1
PH:TX509011,PH:TX509000001,TX509,address_zip+proximity,21.8,1
PH:TX509016,PH:TX509000003,TX509,address_zip+proximity,0.0,1
PH:TX510001,PH:TX510000001,TX510,address_zip+proximity,9.8,1
PH:TX531001,PH:TX531000001,TX531,address_zip+proximity,37.4,1
PH:TX538005,PH:TX538000001,TX538,address_zip,,1
PH:TX539001,PH:TX539000001,TX539,address_zip,,1
PH:TX543001,PH:TX543000001,TX543,address_zip+proximity,12.2,1
PH:TX549001,PH:TX549000001,TX549,address_zip,,1
PH:UT002004,PH:UT002000001,UT002,address_zip+proximity,2.5,1
PH:UT003002,PH:UT003000003,UT003,address_zip+proximity,6.1,1
PH:UT003003,PH:UT003000004,UT003,proximity,0.0,1
PH:UT003004,PH:UT003000001,UT003,address_zip+proximity,7.1,1
PH:UT003012,PH:UT003000002,UT003,address_zip+proximity,8.1,1
PH:UT004002,PH:UT004000402,UT004,address_zip+proximity,11.2,1
PH:UT004006,PH:UT004000401,UT004,address_zip+proximity,18.7,1
PH:UT004017,PH:UT004000404,UT004,proximity,5.8,1
PH:UT006001,PH:UT006000001,UT006,address_zip+proximity,0.0,1
PH:UT007001,PH:UT007000001,UT007,address_zip+proximity,36.3,1
PH:UT007004,PH:UT007000001,UT007,address_zip+proximity,36.3,1
PH:UT009003,PH:UT009000001,UT009,address_zip+proximity,45.2,1
PH:UT011001,PH:UT011000001,UT011,proximity,11.3,1
PH:UT015001,PH:UT015000001,UT015,address_zip+proximity,0.0,1
PH:UT016001,PH:UT016000001,UT016,address_zip,,1
PH:UT021002,PH:UT021000001,UT021,address_zip,,1
PH:VA001001,PH:VA001000001,VA001,proximity,11.8,1
PH:VA001002,PH:VA001000002,VA001,address_zip+proximity,48.1,1
PH:VA001006,PH:VA001000006,VA001,proximity,36.7,1
PH:VA002001,PH:VA002000003,VA002,address_zip,,1
PH:VA002004,PH:VA002000009,VA002,proximity,48.6,1
PH:VA002008,PH:VA002000003,VA002,address_zip,,1
PH:VA003001,PH:VA003000301,VA003,proximity,27.4,1
PH:VA003002,PH:VA003000302,VA003,proximity,35.2,1
PH:VA003003,PH:VA003000326,VA003,proximity,2.7,1
PH:VA003011,PH:VA003000311,VA003,address_zip,,1
PH:VA003013,PH:VA003000313,VA003,address_zip,,1
PH:VA003015,PH:VA003000310,VA003,address_zip+proximity,11.2,1
PH:VA003021,PH:VA003000321,VA003,address_zip+proximity,4.9,1
PH:VA003024,PH:VA003000324,VA003,address_zip,,1
PH:VA004004,PH:VA004000002,VA004,address_zip+proximity,0.0,1
PH:VA004005,PH:VA004000013,VA004,address_zip+proximity,4.5,1
PH:VA004008,PH:VA004000003,VA004,proximity,34.1,1
PH:VA004009,PH:VA004000001,VA004,address_zip+proximity,4.4,1
PH:VA004010,PH:VA004000004,VA004,proximity,10.3,1
PH:VA004014,PH:VA004000009,VA004,proximity,26.0,1
PH:VA004017,PH:VA004000006,VA004,address_zip,,1
PH:VA005001,PH:VA005000001,VA005,address_zip,,1
PH:VA005002,PH:VA005000002,VA005,address_zip+proximity,1.6,1
PH:VA005006,PH:VA005000003,VA005,address_zip+proximity,0.0,1
PH:VA005007,PH:VA005000004,VA005,address_zip+proximity,25.5,1
PH:VA006002,PH:VA006000002,VA006,proximity,45.4,1
PH:VA006005,PH:VA006000005,VA006,address_zip+proximity,0.0,1
PH:VA006010,PH:VA006000010,VA006,proximity,16.4,1
PH:VA006011,PH:VA006000011,VA006,proximity,10.4,1
PH:VA006012,PH:VA006000012,VA006,proximity,7.7,1
PH:VA006018,PH:VA006000018,VA006,address_zip+proximity,1.3,1
PH:VA006019,PH:VA006000019,VA006,address_zip+proximity,25.0,1
PH:VA006020,PH:VA006000020,VA006,address_zip+proximity,0.2,1
PH:VA006021,PH:VA006000021,VA006,address_zip+proximity,14.8,1
PH:VA006022,PH:VA006000022,VA006,address_zip+proximity,4.9,1
PH:VA006025,PH:VA006000025,VA006,address_zip+proximity,4.5,1
PH:VA006027,PH:VA006000027,VA006,address_zip,,1
PH:VA007001,PH:VA007000001,VA007,proximity,17.6,1
PH:VA007007,PH:VA007000007,VA007,address_zip+proximity,2.6,1
PH:VA007008,PH:VA007000008,VA007,address_zip,,1
PH:VA007015,PH:VA007000016,VA007,address_zip+proximity,5.3,1
PH:VA007019,PH:VA007000503,VA007,address_zip+proximity,36.8,1
PH:VA007022,PH:VA007000501,VA007,address_zip+proximity,16.9,2
PH:VA007022,PH:VA007000502,VA007,address_zip+proximity,1.4,2
PH:VA007033,PH:VA007990000,VA007,address_zip+proximity,2.0,1
PH:VA010003,PH:VA010000002,VA010,address_zip,,1
PH:VA010004,PH:VA010000004,VA010,address_zip,,1
PH:VA010006,PH:VA010000003,VA010,address_zip+proximity,37.4,1
PH:VA010008,PH:VA010000005,VA010,address_zip+proximity,39.9,1
PH:VA011001,PH:VA011000201,VA011,address_zip+proximity,35.2,1
PH:VA011002,PH:VA011000202,VA011,proximity,20.5,1
PH:VA011005,PH:VA011000259,VA011,address_zip+proximity,19.3,1
PH:VA011006,PH:VA011000206,VA011,address_zip,,1
PH:VA011007,PH:VA011000207,VA011,proximity,4.6,1
PH:VA011008,PH:VA011000208,VA011,address_zip+proximity,34.8,1
PH:VA012001,PH:VA012000001,VA012,proximity,10.5,1
PH:VA012003,PH:VA012000002,VA012,address_zip,,1
PH:VA012005,PH:VA012000003,VA012,address_zip+proximity,8.2,1
PH:VA012009,PH:VA012000004,VA012,proximity,13.1,1
PH:VA012011,PH:VA012000005,VA012,proximity,38.0,1
PH:VA013001,PH:VA013000001,VA013,address_zip+proximity,28.3,1
PH:VA013005,PH:VA013000004,VA013,address_zip+proximity,25.4,1
PH:VA015004,PH:VA015000001,VA015,address_zip,,1
PH:VA016001,PH:VA016000001,VA016,address_zip,,1
PH:VA016004,PH:VA016000004,VA016,address_zip+proximity,17.7,1
PH:VA017001,PH:VA017000001,VA017,proximity,11.2,1
PH:VA017002,PH:VA017000002,VA017,address_zip+proximity,7.4,1
PH:VA017004,PH:VA017000004,VA017,proximity,43.2,1
PH:VA019003,PH:VA019000007,VA019,address_zip,,1
PH:VA019013,PH:VA019000001,VA019,address_zip+proximity,0.3,1
PH:VA019027,PH:VA019000003,VA019,address_zip+proximity,3.1,1
PH:VA019028,PH:VA019000002,VA019,address_zip+proximity,16.2,1
PH:VA019030,PH:VA019000005,VA019,address_zip+proximity,1.9,1
PH:VA019032,PH:VA019000009,VA019,address_zip+proximity,12.5,1
PH:VA019038,PH:VA019000006,VA019,address_zip,,1
PH:VA019042,PH:VA019000008,VA019,address_zip+proximity,0.0,1
PH:VA019045,PH:VA019000004,VA019,address_zip+proximity,0.0,1
PH:VA019051,PH:VA019000010,VA019,address_zip+proximity,25.2,1
PH:VA019055A,PH:VA019000011,VA019,address_zip+proximity,35.8,1
PH:VA020002,PH:VA020000102,VA020,address_zip+proximity,19.2,1
PH:VA020003,PH:VA020000103,VA020,proximity,44.8,1
PH:VA021001,PH:VA021000001,VA021,proximity,27.8,1
PH:VA022005,PH:VA022000001,VA022,address_zip,,1
PH:VA023004,PH:VA023000002,VA023,proximity,4.5,1
PH:VA024002,PH:VA024000002,VA024,address_zip+proximity,14.5,1
PH:VA024004,PH:VA024000004,VA024,address_zip+proximity,0.0,1
PH:VA024005,PH:VA024000001,VA024,address_zip,,2
PH:VA024005,PH:VA024000005,VA024,address_zip+proximity,0.0,2
PH:VA025004,PH:VA025000004,VA025,address_zip+proximity,45.9,1
PH:VA025005,PH:VA025000005,VA025,address_zip,,1
PH:VA025006,PH:VA025000006,VA025,address_zip+proximity,35.1,1
PH:VA026001,PH:VA026000001,VA026,address_zip,,1
PH:VA029004,PH:VA029000001,VA029,address_zip+proximity,0.7,1
PH:VA031004,PH:VA031000001,VA031,address_zip,,1
PH:VT001004,PH:VT001000001,VT001,address_zip,,1
PH:VT002001,PH:VT002000002,VT002,address_zip+proximity,1.1,1
PH:VT002008,PH:VT002000005,VT002,address_zip,,1
PH:VT003002,PH:VT003000001,VT003,address_zip+proximity,19.8,1
PH:VT004002,PH:VT004000001,VT004,address_zip+proximity,2.8,1
PH:VT005008,PH:VT005000002,VT005,address_zip+proximity,19.9,1
PH:VT005010,PH:VT005000001,VT005,address_zip,,1
PH:VT006004,PH:VT006000001,VT006,address_zip+proximity,20.0,1
PH:VT008001,PH:VT008000001,VT008,address_zip,,1
PH:VT009002,PH:VT009000005,VT009,address_zip+proximity,2.3,1
PH:WA001005,PH:WA001000001,WA001,address_zip,,1
PH:WA001009,PH:WA001000009,WA001,address_zip+proximity,9.9,1
PH:WA001010,PH:WA001000010,WA001,address_zip+proximity,0.0,2
PH:WA001010,PH:WA001000087,WA001,address_zip,,2
PH:WA001011,PH:WA001000011,WA001,address_zip+proximity,0.0,1
PH:WA001012,PH:WA001000012,WA001,address_zip+proximity,0.0,1
PH:WA001013,PH:WA001000013,WA001,address_zip+proximity,7.4,1
PH:WA001014,PH:WA001000014,WA001,address_zip+proximity,0.0,1
PH:WA001015,PH:WA001000015,WA001,address_zip,,1
PH:WA001016,PH:WA001000016,WA001,address_zip+proximity,0.0,1
PH:WA001017,PH:WA001000017,WA001,address_zip,,1
PH:WA001020,PH:WA001000020,WA001,address_zip+proximity,0.0,1
PH:WA001022,PH:WA001000022,WA001,address_zip+proximity,0.0,2
PH:WA001022,PH:WA001000086,WA001,address_zip,,2
PH:WA001023,PH:WA001000023,WA001,address_zip,,1
PH:WA001024,PH:WA001000024,WA001,address_zip+proximity,0.0,1
PH:WA001025,PH:WA001000025,WA001,address_zip+proximity,0.0,1
PH:WA001026,PH:WA001000026,WA001,address_zip+proximity,0.0,1
PH:WA001027,PH:WA001000027,WA001,address_zip+proximity,0.0,1
PH:WA001028,PH:WA001000028,WA001,address_zip+proximity,0.0,1
PH:WA001029,PH:WA001000029,WA001,address_zip+proximity,0.0,1
PH:WA001030,PH:WA001000030,WA001,address_zip+proximity,0.0,1
PH:WA001031,PH:WA001000031,WA001,address_zip+proximity,21.7,1
PH:WA001032,PH:WA001000032,WA001,address_zip+proximity,0.0,1
PH:WA001033,PH:WA001000033,WA001,address_zip+proximity,0.0,1
PH:WA001034,PH:WA001000034,WA001,address_zip+proximity,0.0,1
PH:WA001035,PH:WA001000035,WA001,address_zip+proximity,0.0,2
PH:WA001035,PH:WA001000088,WA001,address_zip,,2
PH:WA001036,PH:WA001000036,WA001,address_zip+proximity,0.0,1
PH:WA001040,PH:WA001000040,WA001,address_zip+proximity,0.0,1
PH:WA001041,PH:WA001000041,WA001,address_zip,,1
PH:WA001046,PH:WA001000046,WA001,address_zip+proximity,0.0,1
PH:WA001051,PH:WA001000051,WA001,address_zip+proximity,0.9,1
PH:WA001071,PH:WA001000071,WA001,proximity,4.3,1
PH:WA001072,PH:WA001000072,WA001,address_zip+proximity,8.2,1
PH:WA001073,PH:WA001000073,WA001,proximity,3.7,1
PH:WA001074,PH:WA001000074,WA001,address_zip,,1
PH:WA001077,PH:WA001000077,WA001,address_zip+proximity,0.0,1
PH:WA001078,PH:WA001000078,WA001,address_zip,,1
PH:WA001079,PH:WA001000079,WA001,address_zip+proximity,31.7,1
PH:WA001080,PH:WA001000080,WA001,address_zip+proximity,5.9,1
PH:WA002003,PH:WA002000502,WA002,proximity,0.8,1
PH:WA002005,PH:WA002000302,WA002,proximity,8.4,1
PH:WA002006,PH:WA002000550,WA002,address_zip+proximity,24.4,1
PH:WA002007,PH:WA002000201,WA002,address_zip+proximity,29.1,1
PH:WA002009,PH:WA002000401,WA002,address_zip,,1
PH:WA002010,PH:WA002000450,WA002,address_zip+proximity,36.2,1
PH:WA002011,PH:WA002000551,WA002,address_zip+proximity,40.6,1
PH:WA002012,PH:WA002000503,WA002,proximity,16.6,1
PH:WA002013,PH:WA002000350,WA002,address_zip,,1
PH:WA002015,PH:WA002000150,WA002,address_zip+proximity,26.2,1
PH:WA002016,PH:WA002000153,WA002,address_zip,,1
PH:WA002020,PH:WA002000552,WA002,address_zip,,1
PH:WA002021,PH:WA002000251,WA002,address_zip+proximity,12.2,1
PH:WA002022,PH:WA002000352,WA002,address_zip+proximity,34.5,1
PH:WA002023,PH:WA002000152,WA002,address_zip+proximity,32.8,1
PH:WA002024,PH:WA002000354,WA002,address_zip,,1
PH:WA002025,PH:WA002000553,WA002,address_zip,,1
PH:WA002026,PH:WA002000504,WA002,address_zip+proximity,0.5,1
PH:WA002028,PH:WA002000451,WA002,address_zip+proximity,1.1,1
PH:WA002036,PH:WA002000203,WA002,address_zip,,1
PH:WA002042,PH:WA002000505,WA002,address_zip+proximity,0.0,1
PH:WA002044,PH:WA002000206,WA002,proximity,0.0,1
PH:WA002046,PH:WA002000207,WA002,address_zip+proximity,0.0,1
PH:WA002064,PH:WA002000408,WA002,address_zip+proximity,0.0,1
PH:WA003001,PH:WA003000001,WA003,proximity,36.9,1
PH:WA004003,PH:WA004000001,WA004,proximity,21.3,1
PH:WA004005,PH:WA004000002,WA004,address_zip,,1
PH:WA005008,PH:WA005000001,WA005,address_zip+proximity,0.0,1
PH:WA005014,PH:WA005000002,WA005,address_zip+proximity,23.8,1
PH:WA005018,PH:WA005000004,WA005,address_zip+proximity,0.0,2
PH:WA005018,PH:WA005000016,WA005,address_zip+proximity,32.1,2
PH:WA005020,PH:WA005000003,WA005,address_zip,,1
PH:WA005027,PH:WA005000002,WA005,address_zip+proximity,23.8,1
PH:WA005028,PH:WA005000007,WA005,address_zip+proximity,31.2,1
PH:WA005029,PH:WA005000008,WA005,address_zip+proximity,28.4,1
PH:WA005030,PH:WA005000010,WA005,proximity,6.8,1
PH:WA005032,PH:WA005000009,WA005,address_zip+proximity,26.6,1
PH:WA006001,PH:WA006000100,WA006,address_zip,,1
PH:WA006003,PH:WA006000300,WA006,address_zip+proximity,48.4,1
PH:WA008001,PH:WA008000511,WA008,proximity,22.1,1
PH:WA008002,PH:WA008000514,WA008,address_zip+proximity,1.0,1
PH:WA009003,PH:WA009000010,WA009,address_zip+proximity,0.0,1
PH:WA010002,PH:WA010000001,WA010,address_zip,,1
PH:WA011001,PH:WA011000001,WA011,address_zip+proximity,0.0,1
PH:WA011002,PH:WA011000002,WA011,address_zip,,1
PH:WA011003,PH:WA011000003,WA011,address_zip,,1
PH:WA011005,PH:WA011000005,WA011,address_zip,,1
PH:WA012004,PH:WA012000001,WA012,address_zip+proximity,48.8,1
PH:WA014012,PH:WA014000001,WA014,address_zip,,1
PH:WA017003,PH:WA017000001,WA017,address_zip,,1
PH:WA018004,PH:WA018003000,WA018,address_zip+proximity,2.3,1
PH:WA018007,PH:WA018002000,WA018,address_zip+proximity,0.0,1
PH:WA019001,PH:WA019000001,WA019,address_zip+proximity,15.3,1
PH:WA020002,PH:WA020000001,WA020,address_zip,,1
PH:WA021002,PH:WA021000002,WA021,proximity,5.0,1
PH:WA021003,PH:WA021000003,WA021,address_zip,,1
PH:WA021006,PH:WA021000003,WA021,proximity,2.6,1
PH:WA024002,PH:WA024000001,WA024,address_zip+proximity,10.7,1
PH:WA025001,PH:WA025000001,WA025,address_zip+proximity,8.7,1
PH:WA025015,PH:WA025456715,WA025,address_zip,,1
PH:WA026002,PH:WA026000001,WA026,address_zip+proximity,0.0,1
PH:WA030002,PH:WA030000155,WA030,address_zip,,1
PH:WA035001,PH:WA035000101,WA035,address_zip+proximity,11.5,1
PH:WA035003,PH:WA035000101,WA035,address_zip+proximity,11.5,1
PH:WA042001,PH:WA042000001,WA042,address_zip+proximity,0.0,1
PH:WA054005,PH:WA054000001,WA054,address_zip+proximity,27.5,1
PH:WA055001,PH:WA055000001,WA055,address_zip+proximity,2.9,1
PH:WA055006,PH:WA055000002,WA055,address_zip+proximity,30.2,1
PH:WA057001,PH:WA057099362,WA057,address_zip,,1
PH:WI001001,PH:WI001000001,WI001,proximity,41.5,1
PH:WI002002,PH:WI002000002,WI002,proximity,8.1,1
PH:WI002004,PH:WI002000001,WI002,address_zip+proximity,5.7,1
PH:WI002005,PH:WI002000005,WI002,address_zip+proximity,1.4,2
PH:WI002005,PH:WI002000075,WI002,address_zip+proximity,29.7,2
PH:WI002006A,PH:WI002000060,WI002,address_zip+proximity,4.5,1
PH:WI002006B,PH:WI002000062,WI002,address_zip+proximity,0.5,1
PH:WI002007,PH:WI002000007,WI002,proximity,11.0,1
PH:WI002008,PH:WI002000008,WI002,address_zip+proximity,26.9,1
PH:WI002009A,PH:WI002000091,WI002,address_zip+proximity,15.7,1
PH:WI002012,PH:WI002000011,WI002,address_zip+proximity,32.3,1
PH:WI002013,PH:WI002000013,WI002,address_zip+proximity,19.6,1
PH:WI002015,PH:WI002000015,WI002,address_zip+proximity,38.7,1
PH:WI002016,PH:WI002000016,WI002,address_zip,,1
PH:WI002017,PH:WI002000017,WI002,address_zip+proximity,5.2,1
PH:WI002018,PH:WI002000018,WI002,proximity,4.1,1
PH:WI002019,PH:WI002000019,WI002,address_zip,,1
PH:WI002029,PH:WI002000018,WI002,proximity,4.1,1
PH:WI002049,PH:WI002000049,WI002,address_zip,,1
PH:WI002051,PH:WI002000063,WI002,address_zip+proximity,3.7,1
PH:WI003004,PH:WI003000300,WI003,address_zip+proximity,37.5,1
PH:WI003005,PH:WI003000200,WI003,address_zip,,1
PH:WI003006,PH:WI003000400,WI003,address_zip,,1
PH:WI004001,PH:WI004000001,WI004,address_zip+proximity,39.1,1
PH:WI004002,PH:WI004000002,WI004,address_zip+proximity,11.3,1
PH:WI006003,PH:WI006001378,WI006,address_zip+proximity,9.2,1
PH:WI006005,PH:WI006024569,WI006,address_zip+proximity,4.2,1
PH:WI008001,PH:WI008000001,WI008,address_zip+proximity,18.7,1
PH:WI011003,PH:WI011000001,WI011,address_zip+proximity,0.0,1
PH:WI015001,PH:WI015000001,WI015,address_zip,,1
PH:WI015002,PH:WI015000001,WI015,address_zip,,1
PH:WI016001,PH:WI016000001,WI016,address_zip+proximity,22.7,1
PH:WI017001,PH:WI017000001,WI017,address_zip,,1
PH:WI018001,PH:WI018000001,WI018,proximity,5.1,1
PH:WI019001,PH:WI019000001,WI019,address_zip+proximity,44.9,1
PH:WI020001,PH:WI020000001,WI020,address_zip,,1
PH:WI021001,PH:WI021000001,WI021,address_zip+proximity,0.0,2
PH:WI021001,PH:WI021000002,WI021,address_zip+proximity,26.7,2
PH:WI023001,PH:WI023000001,WI023,address_zip+proximity,0.0,1
PH:WI024001,PH:WI024000001,WI024,address_zip,,1
PH:WI025001,PH:WI025000001,WI025,address_zip,,1
PH:WI025002,PH:WI025000001,WI025,address_zip,,1
PH:WI026001,PH:WI026000001,WI026,address_zip,,1
PH:WI028001,PH:WI028000001,WI028,address_zip,,1
PH:WI029001,PH:WI029000001,WI029,address_zip,,1
PH:WI029002,PH:WI029000001,WI029,address_zip,,1
PH:WI030001,PH:WI030000001,WI030,address_zip+proximity,1.6,1
PH:WI031001,PH:WI031000003,WI031,address_zip+proximity,1.3,1
PH:WI032001,PH:WI032000001,WI032,address_zip,,1
PH:WI033001,PH:WI033000001,WI033,address_zip+proximity,1.5,1
PH:WI034001,PH:WI034000001,WI034,address_zip,,1
PH:WI037001,PH:WI037000001,WI037,address_zip+proximity,0.0,2
PH:WI037001,PH:WI037000004,WI037,address_zip+proximity,10.1,2
PH:WI037008,PH:WI037000008,WI037,address_zip+proximity,18.8,1
PH:WI038001,PH:WI038000001,WI038,address_zip+proximity,13.5,1
PH:WI040001,PH:WI040000001,WI040,address_zip,,1
PH:WI041001,PH:WI041000001,WI041,address_zip,,1
PH:WI042001,PH:WI042000001,WI042,address_zip,,1
PH:WI043001,PH:WI043000001,WI043,address_zip+proximity,0.7,1
PH:WI044001,PH:WI044000001,WI044,address_zip,,1
PH:WI045001,PH:WI045000001,WI045,address_zip,,1
PH:WI046001,PH:WI046000001,WI046,address_zip+proximity,40.6,1
PH:WI047001,PH:WI047000001,WI047,address_zip+proximity,3.2,1
PH:WI048001,PH:WI048000001,WI048,address_zip+proximity,11.2,1
PH:WI049001,PH:WI049000001,WI049,address_zip,,1
PH:WI050001,PH:WI050000001,WI050,address_zip,,1
PH:WI051001,PH:WI051000001,WI051,address_zip,,1
PH:WI052001,PH:WI052000001,WI052,address_zip,,1
PH:WI055001,PH:WI055000001,WI055,address_zip+proximity,1.1,1
PH:WI056002,PH:WI056000001,WI056,address_zip+proximity,9.6,1
PH:WI057001,PH:WI057000001,WI057,address_zip,,1
PH:WI058001,PH:WI058000001,WI058,address_zip+proximity,6.4,1
PH:WI059001,PH:WI059000001,WI059,address_zip,,1
PH:WI060001,PH:WI060000001,WI060,address_zip,,1
PH:WI061001,PH:WI061000001,WI061,address_zip+proximity,0.0,1
PH:WI063001,PH:WI063000001,WI063,address_zip,,1
PH:WI063003,PH:WI063000001,WI063,address_zip,,1
PH:WI064001,PH:WI064000001,WI064,address_zip+proximity,0.0,2
PH:WI064001,PH:WI064000005,WI064,address_zip+proximity,3.1,2
PH:WI064002,PH:WI064000002,WI064,address_zip+proximity,0.0,2
PH:WI064002,PH:WI064000004,WI064,proximity,21.8,2
PH:WI064003,PH:WI064000007,WI064,address_zip+proximity,0.0,1
PH:WI065001,PH:WI065000012,WI065,address_zip+proximity,39.2,1
PH:WI065004,PH:WI065000012,WI065,proximity,47.7,1
PH:WI066001,PH:WI066000001,WI066,address_zip,,1
PH:WI067001,PH:WI067000001,WI067,address_zip,,1
PH:WI068001,PH:WI068000001,WI068,address_zip,,1
PH:WI069001,PH:WI069000001,WI069,address_zip+proximity,24.2,1
PH:WI070001,PH:WI070000002,WI070,address_zip+proximity,37.1,1
PH:WI071001,PH:WI071000001,WI071,address_zip,,1
PH:WI072001,PH:WI072000001,WI072,address_zip,,1
PH:WI073001,PH:WI073000001,WI073,address_zip,,1
PH:WI074001,PH:WI074000010,WI074,address_zip,,1
PH:WI074002,PH:WI074000020,WI074,proximity,12.5,1
PH:WI075001,PH:WI075000001,WI075,address_zip+proximity,35.4,1
PH:WI076001,PH:WI076000001,WI076,address_zip+proximity,0.0,1
PH:WI077001,PH:WI077000001,WI077,address_zip,,1
PH:WI077002,PH:WI077000001,WI077,address_zip,,1
PH:WI083001,PH:WI083000001,WI083,address_zip+proximity,17.7,1
PH:WI085002,PH:WI085000002,WI085,address_zip+proximity,0.0,1
PH:WI086001,PH:WI086000001,WI086,address_zip,,1
PH:WI093001,PH:WI093000001,WI093,address_zip,,1
PH:WI096002,PH:WI096000001,WI096,address_zip,,1
PH:WI098002,PH:WI098000001,WI098,address_zip,,1
PH:WI102001,PH:WI102000001,WI102,address_zip,,1
PH:WI102002,PH:WI102000001,WI102,address_zip,,1
PH:WI111001,PH:WI111000001,WI111,address_zip+proximity,0.0,1
PH:WI113002,PH:WI113000002,WI113,address_zip,,2
PH:WI113002,PH:WI113000009,WI113,address_zip,,2
PH:WI113003,PH:WI113000003,WI113,proximity,43.7,1
PH:WI113005,PH:WI113000005,WI113,address_zip+proximity,0.0,3
PH:WI113005,PH:WI113000006,WI113,address_zip+proximity,3.3,3
PH:WI113005,PH:WI113000007,WI113,address_zip+proximity,3.3,3
PH:WI117001,PH:WI117000001,WI117,address_zip,,1
PH:WI118001,PH:WI118000001,WI118,address_zip,,1
PH:WI127001,PH:WI127000001,WI127,address_zip,,1
PH:WI129002,PH:WI129000001,WI129,address_zip+proximity,41.2,1
PH:WI131001,PH:WI131000001,WI131,address_zip+proximity,22.1,1
PH:WI131004,PH:WI131000002,WI131,address_zip,,1
PH:WI139001,PH:WI139000001,WI139,address_zip+proximity,13.2,1
PH:WI142002,PH:WI142000002,WI142,proximity,7.3,1
PH:WI142004,PH:WI142000001,WI142,address_zip,,1
PH:WI158002,PH:WI158000001,WI158,proximity,6.4,1
PH:WI166004,PH:WI166000166,WI166,address_zip,,1
PH:WI183001,PH:WI183000001,WI183,address_zip,,1
PH:WI193004,PH:WI193000001,WI193,address_zip,,1
PH:WI204002,PH:WI204000001,WI204,address_zip+proximity,24.3,1
PH:WI207001,PH:WI207000077,WI207,address_zip+proximity,1.1,1
PH:WI213001,PH:WI213000001,WI213,address_zip,,1
PH:WI214002,PH:WI214000001,WI214,address_zip,,1
PH:WI221001,PH:WI221006139,WI221,address_zip+proximity,12.9,1
PH:WI226001,PH:WI226000001,WI226,address_zip,,1
PH:WI231002,PH:WI231000001,WI231,address_zip,,1
PH:WI242001,PH:WI242000001,WI242,address_zip,,1
PH:WI246001,PH:WI246000001,WI246,address_zip+proximity,1.5,1
PH:WI247001,PH:WI247002050,WI247,address_zip+proximity,0.5,1
PH:WI249001,PH:WI249000001,WI249,address_zip,,1
PH:WI251001,PH:WI251000001,WI251,address_zip,,1
PH:WI253002,PH:WI253000001,WI253,proximity,3.6,1
PH:WV001001,PH:WV001000001,WV001,proximity,49.3,1
PH:WV001002,PH:WV001000002,WV001,proximity,5.0,1
PH:WV001004,PH:WV001000004,WV001,address_zip+proximity,8.5,1
PH:WV001005,PH:WV001000005,WV001,address_zip+proximity,0.0,1
PH:WV001007,PH:WV001000011,WV001,proximity,21.6,1
PH:WV001011,PH:WV001000011,WV001,address_zip+proximity,21.6,1
PH:WV001023,PH:WV001000023,WV001,address_zip+proximity,5.0,1
PH:WV001026,PH:WV001000003,WV001,proximity,33.4,1
PH:WV003005,PH:WV003000005,WV003,address_zip+proximity,1.5,1
PH:WV003006,PH:WV003000006,WV003,address_zip,,1
PH:WV003007,PH:WV003000007,WV003,address_zip,,1
PH:WV003010,PH:WV003000010,WV003,address_zip,,1
PH:WV003013,PH:WV003000013,WV003,address_zip,,1
PH:WV004002,PH:WV004000018,WV004,proximity,31.9,1
PH:WV004004,PH:WV004000004,WV004,address_zip+proximity,36.7,1
PH:WV004008,PH:WV004000003,WV004,address_zip+proximity,48.4,1
PH:WV004009,PH:WV004000005,WV004,address_zip+proximity,8.0,1
PH:WV005001,PH:WV005000001,WV005,address_zip,,1
PH:WV006005,PH:WV006000001,WV006,address_zip+proximity,2.0,1
PH:WV008003,PH:WV008000001,WV008,address_zip,,1
PH:WV009003,PH:WV009000001,WV009,proximity,42.0,1
PH:WV010001,PH:WV010000001,WV010,address_zip+proximity,2.2,1
PH:WV010004,PH:WV010000001,WV010,proximity,36.1,1
PH:WV011002,PH:WV011000001,WV011,address_zip+proximity,39.9,1
PH:WV012002,PH:WV012000123,WV012,address_zip+proximity,33.0,1
PH:WV013001,PH:WV013000003,WV013,address_zip,,1
PH:WV014002,PH:WV014000001,WV014,address_zip+proximity,23.8,1
PH:WV015001,PH:WV015000001,WV015,proximity,8.8,1
PH:WV015002,PH:WV015000001,WV015,proximity,8.8,1
PH:WV015003,PH:WV015000001,WV015,proximity,8.8,1
PH:WV015005,PH:WV015000001,WV015,proximity,8.8,1
PH:WV015008,PH:WV015000001,WV015,proximity,8.8,1
PH:WV016001,PH:WV016000001,WV016,address_zip,,1
PH:WV017001,PH:WV017000001,WV017,proximity,31.0,1
PH:WV017003,PH:WV017000004,WV017,proximity,45.8,1
PH:WV018003,PH:WV018000001,WV018,address_zip,,1
PH:WV021001,PH:WV021000021,WV021,address_zip,,1
PH:WV022001,PH:WV022000001,WV022,address_zip,,1
PH:WV024001,PH:WV024000001,WV024,address_zip+proximity,34.7,1
PH:WV026003,PH:WV026000001,WV026,address_zip,,1
PH:WV027002,PH:WV027000002,WV027,proximity,0.0,1
PH:WV027003,PH:WV027000001,WV027,address_zip+proximity,27.4,1
PH:WV028001,PH:WV028000001,WV028,address_zip+proximity,17.1,1
PH:WV029001,PH:WV029000001,WV029,address_zip,,1
PH:WV039002,PH:WV039000001,WV039,address_zip,,1
PH:WY002003,PH:WY002000022,WY002,address_zip+proximity,42.7,1
PH:WY003003,PH:WY003000001,WY003,address_zip+proximity,19.8,1
PH:WY004002,PH:WY004000001,WY004,address_zip+proximity,7.9,1
PH:WY005001,PH:WY005000001,WY005,address_zip+proximity,35.7,1
PH:WY015001,PH:WY015000011,WY015,address_zip+proximity,24.5,1
